ISO-10303-21;
HEADER;
FILE_DESCRIPTION(('Open CASCADE Model'),'2;1');
FILE_NAME('Open CASCADE Shape Model','2026-07-14T10:47:46',('Author'),(
    'Open CASCADE'),'Open CASCADE STEP processor 7.9','build123d',
  'Unknown');
FILE_SCHEMA(('AUTOMOTIVE_DESIGN { 1 0 10303 214 1 1 1 1 }'));
ENDSEC;
DATA;
#1 = APPLICATION_PROTOCOL_DEFINITION('international standard',
  'automotive_design',2000,#2);
#2 = APPLICATION_CONTEXT(
  'core data for automotive mechanical design processes');
#3 = SHAPE_DEFINITION_REPRESENTATION(#4,#10);
#4 = PRODUCT_DEFINITION_SHAPE('','',#5);
#5 = PRODUCT_DEFINITION('design','',#6,#9);
#6 = PRODUCT_DEFINITION_FORMATION('','',#7);
#7 = PRODUCT('COMPOUND','COMPOUND','',(#8));
#8 = PRODUCT_CONTEXT('',#2,'mechanical');
#9 = PRODUCT_DEFINITION_CONTEXT('part definition',#2,'design');
#10 = ADVANCED_BREP_SHAPE_REPRESENTATION('',(#11,#15),#2475);
#11 = AXIS2_PLACEMENT_3D('',#12,#13,#14);
#12 = CARTESIAN_POINT('',(0.,0.,0.));
#13 = DIRECTION('',(0.,0.,1.));
#14 = DIRECTION('',(1.,0.,-0.));
#15 = MANIFOLD_SOLID_BREP('',#16);
#16 = CLOSED_SHELL('',(#17,#354,#542,#674,#778,#933,#1098,#1145,#1315,
    #1470,#1577,#1718,#1745,#1770,#1797,#1848,#1873,#1880,#1907,#1932,
    #1959,#2072,#2099,#2124,#2151,#2178,#2185,#2192,#2239,#2332,#2389,
    #2414,#2441,#2448));
#17 = ADVANCED_FACE('',(#18),#32,.F.);
#18 = FACE_BOUND('',#19,.F.);
#19 = EDGE_LOOP('',(#20,#55,#83,#111,#139,#167,#195,#223,#249,#277,#305,
    #333));
#20 = ORIENTED_EDGE('',*,*,#21,.F.);
#21 = EDGE_CURVE('',#22,#24,#26,.T.);
#22 = VERTEX_POINT('',#23);
#23 = CARTESIAN_POINT('',(-252.5,250.,-192.3));
#24 = VERTEX_POINT('',#25);
#25 = CARTESIAN_POINT('',(-252.5,250.,192.3));
#26 = SURFACE_CURVE('',#27,(#31,#43),.PCURVE_S1.);
#27 = LINE('',#28,#29);
#28 = CARTESIAN_POINT('',(-252.5,250.,-192.3));
#29 = VECTOR('',#30,1.);
#30 = DIRECTION('',(0.,0.,1.));
#31 = PCURVE('',#32,#37);
#32 = PLANE('',#33);
#33 = AXIS2_PLACEMENT_3D('',#34,#35,#36);
#34 = CARTESIAN_POINT('',(-252.5,250.,-182.4));
#35 = DIRECTION('',(1.,0.,-0.));
#36 = DIRECTION('',(0.,0.,1.));
#37 = DEFINITIONAL_REPRESENTATION('',(#38),#42);
#38 = LINE('',#39,#40);
#39 = CARTESIAN_POINT('',(-9.9,0.));
#40 = VECTOR('',#41,1.);
#41 = DIRECTION('',(1.,0.));
#42 = ( GEOMETRIC_REPRESENTATION_CONTEXT(2) 
PARAMETRIC_REPRESENTATION_CONTEXT() REPRESENTATION_CONTEXT('2D SPACE',''
  ) );
#43 = PCURVE('',#44,#49);
#44 = PLANE('',#45);
#45 = AXIS2_PLACEMENT_3D('',#46,#47,#48);
#46 = CARTESIAN_POINT('',(-252.5,250.,-182.4));
#47 = DIRECTION('',(-0.,1.,0.));
#48 = DIRECTION('',(0.,0.,1.));
#49 = DEFINITIONAL_REPRESENTATION('',(#50),#54);
#50 = LINE('',#51,#52);
#51 = CARTESIAN_POINT('',(-9.9,0.));
#52 = VECTOR('',#53,1.);
#53 = DIRECTION('',(1.,0.));
#54 = ( GEOMETRIC_REPRESENTATION_CONTEXT(2) 
PARAMETRIC_REPRESENTATION_CONTEXT() REPRESENTATION_CONTEXT('2D SPACE',''
  ) );
#55 = ORIENTED_EDGE('',*,*,#56,.T.);
#56 = EDGE_CURVE('',#22,#57,#59,.T.);
#57 = VERTEX_POINT('',#58);
#58 = CARTESIAN_POINT('',(-252.5,495.,-192.3));
#59 = SURFACE_CURVE('',#60,(#64,#71),.PCURVE_S1.);
#60 = LINE('',#61,#62);
#61 = CARTESIAN_POINT('',(-252.5,250.,-192.3));
#62 = VECTOR('',#63,1.);
#63 = DIRECTION('',(-0.,1.,0.));
#64 = PCURVE('',#32,#65);
#65 = DEFINITIONAL_REPRESENTATION('',(#66),#70);
#66 = LINE('',#67,#68);
#67 = CARTESIAN_POINT('',(-9.9,0.));
#68 = VECTOR('',#69,1.);
#69 = DIRECTION('',(0.,-1.));
#70 = ( GEOMETRIC_REPRESENTATION_CONTEXT(2) 
PARAMETRIC_REPRESENTATION_CONTEXT() REPRESENTATION_CONTEXT('2D SPACE',''
  ) );
#71 = PCURVE('',#72,#77);
#72 = PLANE('',#73);
#73 = AXIS2_PLACEMENT_3D('',#74,#75,#76);
#74 = CARTESIAN_POINT('',(-252.5,250.,-192.3));
#75 = DIRECTION('',(0.,0.,1.));
#76 = DIRECTION('',(1.,0.,-0.));
#77 = DEFINITIONAL_REPRESENTATION('',(#78),#82);
#78 = LINE('',#79,#80);
#79 = CARTESIAN_POINT('',(0.,0.));
#80 = VECTOR('',#81,1.);
#81 = DIRECTION('',(0.,1.));
#82 = ( GEOMETRIC_REPRESENTATION_CONTEXT(2) 
PARAMETRIC_REPRESENTATION_CONTEXT() REPRESENTATION_CONTEXT('2D SPACE',''
  ) );
#83 = ORIENTED_EDGE('',*,*,#84,.F.);
#84 = EDGE_CURVE('',#85,#57,#87,.T.);
#85 = VERTEX_POINT('',#86);
#86 = CARTESIAN_POINT('',(-252.5,495.,192.3));
#87 = SURFACE_CURVE('',#88,(#92,#99),.PCURVE_S1.);
#88 = LINE('',#89,#90);
#89 = CARTESIAN_POINT('',(-252.5,495.,192.3));
#90 = VECTOR('',#91,1.);
#91 = DIRECTION('',(0.,0.,-1.));
#92 = PCURVE('',#32,#93);
#93 = DEFINITIONAL_REPRESENTATION('',(#94),#98);
#94 = LINE('',#95,#96);
#95 = CARTESIAN_POINT('',(374.7,-245.));
#96 = VECTOR('',#97,1.);
#97 = DIRECTION('',(-1.,0.));
#98 = ( GEOMETRIC_REPRESENTATION_CONTEXT(2) 
PARAMETRIC_REPRESENTATION_CONTEXT() REPRESENTATION_CONTEXT('2D SPACE',''
  ) );
#99 = PCURVE('',#100,#105);
#100 = PLANE('',#101);
#101 = AXIS2_PLACEMENT_3D('',#102,#103,#104);
#102 = CARTESIAN_POINT('',(-252.5,495.,-182.4));
#103 = DIRECTION('',(-0.,1.,0.));
#104 = DIRECTION('',(0.,0.,1.));
#105 = DEFINITIONAL_REPRESENTATION('',(#106),#110);
#106 = LINE('',#107,#108);
#107 = CARTESIAN_POINT('',(374.7,0.));
#108 = VECTOR('',#109,1.);
#109 = DIRECTION('',(-1.,0.));
#110 = ( GEOMETRIC_REPRESENTATION_CONTEXT(2) 
PARAMETRIC_REPRESENTATION_CONTEXT() REPRESENTATION_CONTEXT('2D SPACE',''
  ) );
#111 = ORIENTED_EDGE('',*,*,#112,.F.);
#112 = EDGE_CURVE('',#113,#85,#115,.T.);
#113 = VERTEX_POINT('',#114);
#114 = CARTESIAN_POINT('',(-252.5,469.,192.3));
#115 = SURFACE_CURVE('',#116,(#120,#127),.PCURVE_S1.);
#116 = LINE('',#117,#118);
#117 = CARTESIAN_POINT('',(-252.5,250.,192.3));
#118 = VECTOR('',#119,1.);
#119 = DIRECTION('',(-0.,1.,0.));
#120 = PCURVE('',#32,#121);
#121 = DEFINITIONAL_REPRESENTATION('',(#122),#126);
#122 = LINE('',#123,#124);
#123 = CARTESIAN_POINT('',(374.7,0.));
#124 = VECTOR('',#125,1.);
#125 = DIRECTION('',(0.,-1.));
#126 = ( GEOMETRIC_REPRESENTATION_CONTEXT(2) 
PARAMETRIC_REPRESENTATION_CONTEXT() REPRESENTATION_CONTEXT('2D SPACE',''
  ) );
#127 = PCURVE('',#128,#133);
#128 = PLANE('',#129);
#129 = AXIS2_PLACEMENT_3D('',#130,#131,#132);
#130 = CARTESIAN_POINT('',(-252.5,250.,192.3));
#131 = DIRECTION('',(0.,0.,1.));
#132 = DIRECTION('',(1.,0.,-0.));
#133 = DEFINITIONAL_REPRESENTATION('',(#134),#138);
#134 = LINE('',#135,#136);
#135 = CARTESIAN_POINT('',(0.,0.));
#136 = VECTOR('',#137,1.);
#137 = DIRECTION('',(0.,1.));
#138 = ( GEOMETRIC_REPRESENTATION_CONTEXT(2) 
PARAMETRIC_REPRESENTATION_CONTEXT() REPRESENTATION_CONTEXT('2D SPACE',''
  ) );
#139 = ORIENTED_EDGE('',*,*,#140,.F.);
#140 = EDGE_CURVE('',#141,#113,#143,.T.);
#141 = VERTEX_POINT('',#142);
#142 = CARTESIAN_POINT('',(-252.5,469.,-192.));
#143 = SURFACE_CURVE('',#144,(#148,#155),.PCURVE_S1.);
#144 = LINE('',#145,#146);
#145 = CARTESIAN_POINT('',(-252.5,469.,-192.));
#146 = VECTOR('',#147,1.);
#147 = DIRECTION('',(0.,0.,1.));
#148 = PCURVE('',#32,#149);
#149 = DEFINITIONAL_REPRESENTATION('',(#150),#154);
#150 = LINE('',#151,#152);
#151 = CARTESIAN_POINT('',(-9.6,-219.));
#152 = VECTOR('',#153,1.);
#153 = DIRECTION('',(1.,0.));
#154 = ( GEOMETRIC_REPRESENTATION_CONTEXT(2) 
PARAMETRIC_REPRESENTATION_CONTEXT() REPRESENTATION_CONTEXT('2D SPACE',''
  ) );
#155 = PCURVE('',#156,#161);
#156 = PLANE('',#157);
#157 = AXIS2_PLACEMENT_3D('',#158,#159,#160);
#158 = CARTESIAN_POINT('',(-267.5,469.,-192.));
#159 = DIRECTION('',(-0.,1.,0.));
#160 = DIRECTION('',(0.,0.,1.));
#161 = DEFINITIONAL_REPRESENTATION('',(#162),#166);
#162 = LINE('',#163,#164);
#163 = CARTESIAN_POINT('',(0.,15.));
#164 = VECTOR('',#165,1.);
#165 = DIRECTION('',(1.,0.));
#166 = ( GEOMETRIC_REPRESENTATION_CONTEXT(2) 
PARAMETRIC_REPRESENTATION_CONTEXT() REPRESENTATION_CONTEXT('2D SPACE',''
  ) );
#167 = ORIENTED_EDGE('',*,*,#168,.F.);
#168 = EDGE_CURVE('',#169,#141,#171,.T.);
#169 = VERTEX_POINT('',#170);
#170 = CARTESIAN_POINT('',(-252.5,457.,-192.));
#171 = SURFACE_CURVE('',#172,(#176,#183),.PCURVE_S1.);
#172 = LINE('',#173,#174);
#173 = CARTESIAN_POINT('',(-252.5,457.,-192.));
#174 = VECTOR('',#175,1.);
#175 = DIRECTION('',(-0.,1.,0.));
#176 = PCURVE('',#32,#177);
#177 = DEFINITIONAL_REPRESENTATION('',(#178),#182);
#178 = LINE('',#179,#180);
#179 = CARTESIAN_POINT('',(-9.6,-207.));
#180 = VECTOR('',#181,1.);
#181 = DIRECTION('',(0.,-1.));
#182 = ( GEOMETRIC_REPRESENTATION_CONTEXT(2) 
PARAMETRIC_REPRESENTATION_CONTEXT() REPRESENTATION_CONTEXT('2D SPACE',''
  ) );
#183 = PCURVE('',#184,#189);
#184 = PLANE('',#185);
#185 = AXIS2_PLACEMENT_3D('',#186,#187,#188);
#186 = CARTESIAN_POINT('',(-267.5,457.,-192.));
#187 = DIRECTION('',(0.,0.,1.));
#188 = DIRECTION('',(1.,0.,-0.));
#189 = DEFINITIONAL_REPRESENTATION('',(#190),#194);
#190 = LINE('',#191,#192);
#191 = CARTESIAN_POINT('',(15.,0.));
#192 = VECTOR('',#193,1.);
#193 = DIRECTION('',(0.,1.));
#194 = ( GEOMETRIC_REPRESENTATION_CONTEXT(2) 
PARAMETRIC_REPRESENTATION_CONTEXT() REPRESENTATION_CONTEXT('2D SPACE',''
  ) );
#195 = ORIENTED_EDGE('',*,*,#196,.T.);
#196 = EDGE_CURVE('',#169,#197,#199,.T.);
#197 = VERTEX_POINT('',#198);
#198 = CARTESIAN_POINT('',(-252.5,457.,-182.));
#199 = SURFACE_CURVE('',#200,(#204,#211),.PCURVE_S1.);
#200 = LINE('',#201,#202);
#201 = CARTESIAN_POINT('',(-252.5,457.,-192.));
#202 = VECTOR('',#203,1.);
#203 = DIRECTION('',(0.,0.,1.));
#204 = PCURVE('',#32,#205);
#205 = DEFINITIONAL_REPRESENTATION('',(#206),#210);
#206 = LINE('',#207,#208);
#207 = CARTESIAN_POINT('',(-9.6,-207.));
#208 = VECTOR('',#209,1.);
#209 = DIRECTION('',(1.,0.));
#210 = ( GEOMETRIC_REPRESENTATION_CONTEXT(2) 
PARAMETRIC_REPRESENTATION_CONTEXT() REPRESENTATION_CONTEXT('2D SPACE',''
  ) );
#211 = PCURVE('',#212,#217);
#212 = PLANE('',#213);
#213 = AXIS2_PLACEMENT_3D('',#214,#215,#216);
#214 = CARTESIAN_POINT('',(-267.5,457.,-192.));
#215 = DIRECTION('',(-0.,1.,0.));
#216 = DIRECTION('',(0.,0.,1.));
#217 = DEFINITIONAL_REPRESENTATION('',(#218),#222);
#218 = LINE('',#219,#220);
#219 = CARTESIAN_POINT('',(0.,15.));
#220 = VECTOR('',#221,1.);
#221 = DIRECTION('',(1.,0.));
#222 = ( GEOMETRIC_REPRESENTATION_CONTEXT(2) 
PARAMETRIC_REPRESENTATION_CONTEXT() REPRESENTATION_CONTEXT('2D SPACE',''
  ) );
#223 = ORIENTED_EDGE('',*,*,#224,.T.);
#224 = EDGE_CURVE('',#197,#225,#227,.T.);
#225 = VERTEX_POINT('',#226);
#226 = CARTESIAN_POINT('',(-252.5,293.,-182.));
#227 = SURFACE_CURVE('',#228,(#232,#238),.PCURVE_S1.);
#228 = LINE('',#229,#230);
#229 = CARTESIAN_POINT('',(-252.5,271.5,-182.));
#230 = VECTOR('',#231,1.);
#231 = DIRECTION('',(0.,-1.,0.));
#232 = PCURVE('',#32,#233);
#233 = DEFINITIONAL_REPRESENTATION('',(#234),#237);
#234 = B_SPLINE_CURVE_WITH_KNOTS('',1,(#235,#236),.UNSPECIFIED.,.F.,.F.,
  (2,2),(-185.5,-21.5),.PIECEWISE_BEZIER_KNOTS.);
#235 = CARTESIAN_POINT('',(0.4,-207.));
#236 = CARTESIAN_POINT('',(0.4,-43.));
#237 = ( GEOMETRIC_REPRESENTATION_CONTEXT(2) 
PARAMETRIC_REPRESENTATION_CONTEXT() REPRESENTATION_CONTEXT('2D SPACE',''
  ) );
#238 = PCURVE('',#239,#244);
#239 = PLANE('',#240);
#240 = AXIS2_PLACEMENT_3D('',#241,#242,#243);
#241 = CARTESIAN_POINT('',(-253.5,293.,-182.));
#242 = DIRECTION('',(0.,0.,1.));
#243 = DIRECTION('',(1.,0.,-0.));
#244 = DEFINITIONAL_REPRESENTATION('',(#245),#248);
#245 = B_SPLINE_CURVE_WITH_KNOTS('',1,(#246,#247),.UNSPECIFIED.,.F.,.F.,
  (2,2),(-185.5,-21.5),.PIECEWISE_BEZIER_KNOTS.);
#246 = CARTESIAN_POINT('',(1.,164.));
#247 = CARTESIAN_POINT('',(1.,0.));
#248 = ( GEOMETRIC_REPRESENTATION_CONTEXT(2) 
PARAMETRIC_REPRESENTATION_CONTEXT() REPRESENTATION_CONTEXT('2D SPACE',''
  ) );
#249 = ORIENTED_EDGE('',*,*,#250,.F.);
#250 = EDGE_CURVE('',#251,#225,#253,.T.);
#251 = VERTEX_POINT('',#252);
#252 = CARTESIAN_POINT('',(-252.5,293.,-192.));
#253 = SURFACE_CURVE('',#254,(#258,#265),.PCURVE_S1.);
#254 = LINE('',#255,#256);
#255 = CARTESIAN_POINT('',(-252.5,293.,-192.));
#256 = VECTOR('',#257,1.);
#257 = DIRECTION('',(0.,0.,1.));
#258 = PCURVE('',#32,#259);
#259 = DEFINITIONAL_REPRESENTATION('',(#260),#264);
#260 = LINE('',#261,#262);
#261 = CARTESIAN_POINT('',(-9.6,-43.));
#262 = VECTOR('',#263,1.);
#263 = DIRECTION('',(1.,0.));
#264 = ( GEOMETRIC_REPRESENTATION_CONTEXT(2) 
PARAMETRIC_REPRESENTATION_CONTEXT() REPRESENTATION_CONTEXT('2D SPACE',''
  ) );
#265 = PCURVE('',#266,#271);
#266 = PLANE('',#267);
#267 = AXIS2_PLACEMENT_3D('',#268,#269,#270);
#268 = CARTESIAN_POINT('',(-267.5,293.,-192.));
#269 = DIRECTION('',(-0.,1.,0.));
#270 = DIRECTION('',(0.,0.,1.));
#271 = DEFINITIONAL_REPRESENTATION('',(#272),#276);
#272 = LINE('',#273,#274);
#273 = CARTESIAN_POINT('',(0.,15.));
#274 = VECTOR('',#275,1.);
#275 = DIRECTION('',(1.,0.));
#276 = ( GEOMETRIC_REPRESENTATION_CONTEXT(2) 
PARAMETRIC_REPRESENTATION_CONTEXT() REPRESENTATION_CONTEXT('2D SPACE',''
  ) );
#277 = ORIENTED_EDGE('',*,*,#278,.F.);
#278 = EDGE_CURVE('',#279,#251,#281,.T.);
#279 = VERTEX_POINT('',#280);
#280 = CARTESIAN_POINT('',(-252.5,281.,-192.));
#281 = SURFACE_CURVE('',#282,(#286,#293),.PCURVE_S1.);
#282 = LINE('',#283,#284);
#283 = CARTESIAN_POINT('',(-252.5,281.,-192.));
#284 = VECTOR('',#285,1.);
#285 = DIRECTION('',(-0.,1.,0.));
#286 = PCURVE('',#32,#287);
#287 = DEFINITIONAL_REPRESENTATION('',(#288),#292);
#288 = LINE('',#289,#290);
#289 = CARTESIAN_POINT('',(-9.6,-31.));
#290 = VECTOR('',#291,1.);
#291 = DIRECTION('',(0.,-1.));
#292 = ( GEOMETRIC_REPRESENTATION_CONTEXT(2) 
PARAMETRIC_REPRESENTATION_CONTEXT() REPRESENTATION_CONTEXT('2D SPACE',''
  ) );
#293 = PCURVE('',#294,#299);
#294 = PLANE('',#295);
#295 = AXIS2_PLACEMENT_3D('',#296,#297,#298);
#296 = CARTESIAN_POINT('',(-267.5,281.,-192.));
#297 = DIRECTION('',(0.,0.,1.));
#298 = DIRECTION('',(1.,0.,-0.));
#299 = DEFINITIONAL_REPRESENTATION('',(#300),#304);
#300 = LINE('',#301,#302);
#301 = CARTESIAN_POINT('',(15.,0.));
#302 = VECTOR('',#303,1.);
#303 = DIRECTION('',(0.,1.));
#304 = ( GEOMETRIC_REPRESENTATION_CONTEXT(2) 
PARAMETRIC_REPRESENTATION_CONTEXT() REPRESENTATION_CONTEXT('2D SPACE',''
  ) );
#305 = ORIENTED_EDGE('',*,*,#306,.T.);
#306 = EDGE_CURVE('',#279,#307,#309,.T.);
#307 = VERTEX_POINT('',#308);
#308 = CARTESIAN_POINT('',(-252.5,281.,192.3));
#309 = SURFACE_CURVE('',#310,(#314,#321),.PCURVE_S1.);
#310 = LINE('',#311,#312);
#311 = CARTESIAN_POINT('',(-252.5,281.,-192.));
#312 = VECTOR('',#313,1.);
#313 = DIRECTION('',(0.,0.,1.));
#314 = PCURVE('',#32,#315);
#315 = DEFINITIONAL_REPRESENTATION('',(#316),#320);
#316 = LINE('',#317,#318);
#317 = CARTESIAN_POINT('',(-9.6,-31.));
#318 = VECTOR('',#319,1.);
#319 = DIRECTION('',(1.,0.));
#320 = ( GEOMETRIC_REPRESENTATION_CONTEXT(2) 
PARAMETRIC_REPRESENTATION_CONTEXT() REPRESENTATION_CONTEXT('2D SPACE',''
  ) );
#321 = PCURVE('',#322,#327);
#322 = PLANE('',#323);
#323 = AXIS2_PLACEMENT_3D('',#324,#325,#326);
#324 = CARTESIAN_POINT('',(-267.5,281.,-192.));
#325 = DIRECTION('',(-0.,1.,0.));
#326 = DIRECTION('',(0.,0.,1.));
#327 = DEFINITIONAL_REPRESENTATION('',(#328),#332);
#328 = LINE('',#329,#330);
#329 = CARTESIAN_POINT('',(0.,15.));
#330 = VECTOR('',#331,1.);
#331 = DIRECTION('',(1.,0.));
#332 = ( GEOMETRIC_REPRESENTATION_CONTEXT(2) 
PARAMETRIC_REPRESENTATION_CONTEXT() REPRESENTATION_CONTEXT('2D SPACE',''
  ) );
#333 = ORIENTED_EDGE('',*,*,#334,.F.);
#334 = EDGE_CURVE('',#24,#307,#335,.T.);
#335 = SURFACE_CURVE('',#336,(#340,#347),.PCURVE_S1.);
#336 = LINE('',#337,#338);
#337 = CARTESIAN_POINT('',(-252.5,250.,192.3));
#338 = VECTOR('',#339,1.);
#339 = DIRECTION('',(-0.,1.,0.));
#340 = PCURVE('',#32,#341);
#341 = DEFINITIONAL_REPRESENTATION('',(#342),#346);
#342 = LINE('',#343,#344);
#343 = CARTESIAN_POINT('',(374.7,0.));
#344 = VECTOR('',#345,1.);
#345 = DIRECTION('',(0.,-1.));
#346 = ( GEOMETRIC_REPRESENTATION_CONTEXT(2) 
PARAMETRIC_REPRESENTATION_CONTEXT() REPRESENTATION_CONTEXT('2D SPACE',''
  ) );
#347 = PCURVE('',#128,#348);
#348 = DEFINITIONAL_REPRESENTATION('',(#349),#353);
#349 = LINE('',#350,#351);
#350 = CARTESIAN_POINT('',(0.,0.));
#351 = VECTOR('',#352,1.);
#352 = DIRECTION('',(0.,1.));
#353 = ( GEOMETRIC_REPRESENTATION_CONTEXT(2) 
PARAMETRIC_REPRESENTATION_CONTEXT() REPRESENTATION_CONTEXT('2D SPACE',''
  ) );
#354 = ADVANCED_FACE('',(#355),#44,.F.);
#355 = FACE_BOUND('',#356,.F.);
#356 = EDGE_LOOP('',(#357,#380,#408,#436,#464,#492,#520,#541));
#357 = ORIENTED_EDGE('',*,*,#358,.T.);
#358 = EDGE_CURVE('',#24,#359,#361,.T.);
#359 = VERTEX_POINT('',#360);
#360 = CARTESIAN_POINT('',(-242.7,250.,192.3));
#361 = SURFACE_CURVE('',#362,(#366,#373),.PCURVE_S1.);
#362 = LINE('',#363,#364);
#363 = CARTESIAN_POINT('',(-252.5,250.,192.3));
#364 = VECTOR('',#365,1.);
#365 = DIRECTION('',(1.,0.,-0.));
#366 = PCURVE('',#44,#367);
#367 = DEFINITIONAL_REPRESENTATION('',(#368),#372);
#368 = LINE('',#369,#370);
#369 = CARTESIAN_POINT('',(374.7,0.));
#370 = VECTOR('',#371,1.);
#371 = DIRECTION('',(0.,1.));
#372 = ( GEOMETRIC_REPRESENTATION_CONTEXT(2) 
PARAMETRIC_REPRESENTATION_CONTEXT() REPRESENTATION_CONTEXT('2D SPACE',''
  ) );
#373 = PCURVE('',#128,#374);
#374 = DEFINITIONAL_REPRESENTATION('',(#375),#379);
#375 = LINE('',#376,#377);
#376 = CARTESIAN_POINT('',(0.,0.));
#377 = VECTOR('',#378,1.);
#378 = DIRECTION('',(1.,0.));
#379 = ( GEOMETRIC_REPRESENTATION_CONTEXT(2) 
PARAMETRIC_REPRESENTATION_CONTEXT() REPRESENTATION_CONTEXT('2D SPACE',''
  ) );
#380 = ORIENTED_EDGE('',*,*,#381,.F.);
#381 = EDGE_CURVE('',#382,#359,#384,.T.);
#382 = VERTEX_POINT('',#383);
#383 = CARTESIAN_POINT('',(-242.7,250.,182.4));
#384 = SURFACE_CURVE('',#385,(#389,#396),.PCURVE_S1.);
#385 = LINE('',#386,#387);
#386 = CARTESIAN_POINT('',(-242.7,250.,177.5));
#387 = VECTOR('',#388,1.);
#388 = DIRECTION('',(0.,0.,1.));
#389 = PCURVE('',#44,#390);
#390 = DEFINITIONAL_REPRESENTATION('',(#391),#395);
#391 = LINE('',#392,#393);
#392 = CARTESIAN_POINT('',(359.9,9.8));
#393 = VECTOR('',#394,1.);
#394 = DIRECTION('',(1.,0.));
#395 = ( GEOMETRIC_REPRESENTATION_CONTEXT(2) 
PARAMETRIC_REPRESENTATION_CONTEXT() REPRESENTATION_CONTEXT('2D SPACE',''
  ) );
#396 = PCURVE('',#397,#402);
#397 = PLANE('',#398);
#398 = AXIS2_PLACEMENT_3D('',#399,#400,#401);
#399 = CARTESIAN_POINT('',(-242.7,250.,177.5));
#400 = DIRECTION('',(1.,0.,-0.));
#401 = DIRECTION('',(0.,0.,1.));
#402 = DEFINITIONAL_REPRESENTATION('',(#403),#407);
#403 = LINE('',#404,#405);
#404 = CARTESIAN_POINT('',(0.,0.));
#405 = VECTOR('',#406,1.);
#406 = DIRECTION('',(1.,0.));
#407 = ( GEOMETRIC_REPRESENTATION_CONTEXT(2) 
PARAMETRIC_REPRESENTATION_CONTEXT() REPRESENTATION_CONTEXT('2D SPACE',''
  ) );
#408 = ORIENTED_EDGE('',*,*,#409,.T.);
#409 = EDGE_CURVE('',#382,#410,#412,.T.);
#410 = VERTEX_POINT('',#411);
#411 = CARTESIAN_POINT('',(-232.5,250.,182.4));
#412 = SURFACE_CURVE('',#413,(#417,#424),.PCURVE_S1.);
#413 = LINE('',#414,#415);
#414 = CARTESIAN_POINT('',(-252.5,250.,182.4));
#415 = VECTOR('',#416,1.);
#416 = DIRECTION('',(1.,0.,-0.));
#417 = PCURVE('',#44,#418);
#418 = DEFINITIONAL_REPRESENTATION('',(#419),#423);
#419 = LINE('',#420,#421);
#420 = CARTESIAN_POINT('',(364.8,0.));
#421 = VECTOR('',#422,1.);
#422 = DIRECTION('',(0.,1.));
#423 = ( GEOMETRIC_REPRESENTATION_CONTEXT(2) 
PARAMETRIC_REPRESENTATION_CONTEXT() REPRESENTATION_CONTEXT('2D SPACE',''
  ) );
#424 = PCURVE('',#425,#430);
#425 = PLANE('',#426);
#426 = AXIS2_PLACEMENT_3D('',#427,#428,#429);
#427 = CARTESIAN_POINT('',(-252.5,250.,182.4));
#428 = DIRECTION('',(0.,0.,1.));
#429 = DIRECTION('',(1.,0.,-0.));
#430 = DEFINITIONAL_REPRESENTATION('',(#431),#435);
#431 = LINE('',#432,#433);
#432 = CARTESIAN_POINT('',(0.,0.));
#433 = VECTOR('',#434,1.);
#434 = DIRECTION('',(1.,0.));
#435 = ( GEOMETRIC_REPRESENTATION_CONTEXT(2) 
PARAMETRIC_REPRESENTATION_CONTEXT() REPRESENTATION_CONTEXT('2D SPACE',''
  ) );
#436 = ORIENTED_EDGE('',*,*,#437,.F.);
#437 = EDGE_CURVE('',#438,#410,#440,.T.);
#438 = VERTEX_POINT('',#439);
#439 = CARTESIAN_POINT('',(-232.5,250.,-182.4));
#440 = SURFACE_CURVE('',#441,(#445,#452),.PCURVE_S1.);
#441 = LINE('',#442,#443);
#442 = CARTESIAN_POINT('',(-232.5,250.,-182.4));
#443 = VECTOR('',#444,1.);
#444 = DIRECTION('',(0.,0.,1.));
#445 = PCURVE('',#44,#446);
#446 = DEFINITIONAL_REPRESENTATION('',(#447),#451);
#447 = LINE('',#448,#449);
#448 = CARTESIAN_POINT('',(0.,20.));
#449 = VECTOR('',#450,1.);
#450 = DIRECTION('',(1.,0.));
#451 = ( GEOMETRIC_REPRESENTATION_CONTEXT(2) 
PARAMETRIC_REPRESENTATION_CONTEXT() REPRESENTATION_CONTEXT('2D SPACE',''
  ) );
#452 = PCURVE('',#453,#458);
#453 = PLANE('',#454);
#454 = AXIS2_PLACEMENT_3D('',#455,#456,#457);
#455 = CARTESIAN_POINT('',(-232.5,250.,-182.4));
#456 = DIRECTION('',(1.,0.,-0.));
#457 = DIRECTION('',(0.,0.,1.));
#458 = DEFINITIONAL_REPRESENTATION('',(#459),#463);
#459 = LINE('',#460,#461);
#460 = CARTESIAN_POINT('',(0.,0.));
#461 = VECTOR('',#462,1.);
#462 = DIRECTION('',(1.,0.));
#463 = ( GEOMETRIC_REPRESENTATION_CONTEXT(2) 
PARAMETRIC_REPRESENTATION_CONTEXT() REPRESENTATION_CONTEXT('2D SPACE',''
  ) );
#464 = ORIENTED_EDGE('',*,*,#465,.F.);
#465 = EDGE_CURVE('',#466,#438,#468,.T.);
#466 = VERTEX_POINT('',#467);
#467 = CARTESIAN_POINT('',(-242.7,250.,-182.4));
#468 = SURFACE_CURVE('',#469,(#473,#480),.PCURVE_S1.);
#469 = LINE('',#470,#471);
#470 = CARTESIAN_POINT('',(-252.5,250.,-182.4));
#471 = VECTOR('',#472,1.);
#472 = DIRECTION('',(1.,0.,-0.));
#473 = PCURVE('',#44,#474);
#474 = DEFINITIONAL_REPRESENTATION('',(#475),#479);
#475 = LINE('',#476,#477);
#476 = CARTESIAN_POINT('',(0.,0.));
#477 = VECTOR('',#478,1.);
#478 = DIRECTION('',(0.,1.));
#479 = ( GEOMETRIC_REPRESENTATION_CONTEXT(2) 
PARAMETRIC_REPRESENTATION_CONTEXT() REPRESENTATION_CONTEXT('2D SPACE',''
  ) );
#480 = PCURVE('',#481,#486);
#481 = PLANE('',#482);
#482 = AXIS2_PLACEMENT_3D('',#483,#484,#485);
#483 = CARTESIAN_POINT('',(-252.5,250.,-182.4));
#484 = DIRECTION('',(0.,0.,1.));
#485 = DIRECTION('',(1.,0.,-0.));
#486 = DEFINITIONAL_REPRESENTATION('',(#487),#491);
#487 = LINE('',#488,#489);
#488 = CARTESIAN_POINT('',(0.,0.));
#489 = VECTOR('',#490,1.);
#490 = DIRECTION('',(1.,0.));
#491 = ( GEOMETRIC_REPRESENTATION_CONTEXT(2) 
PARAMETRIC_REPRESENTATION_CONTEXT() REPRESENTATION_CONTEXT('2D SPACE',''
  ) );
#492 = ORIENTED_EDGE('',*,*,#493,.F.);
#493 = EDGE_CURVE('',#494,#466,#496,.T.);
#494 = VERTEX_POINT('',#495);
#495 = CARTESIAN_POINT('',(-242.7,250.,-192.3));
#496 = SURFACE_CURVE('',#497,(#501,#508),.PCURVE_S1.);
#497 = LINE('',#498,#499);
#498 = CARTESIAN_POINT('',(-242.7,250.,-192.3));
#499 = VECTOR('',#500,1.);
#500 = DIRECTION('',(0.,0.,1.));
#501 = PCURVE('',#44,#502);
#502 = DEFINITIONAL_REPRESENTATION('',(#503),#507);
#503 = LINE('',#504,#505);
#504 = CARTESIAN_POINT('',(-9.9,9.8));
#505 = VECTOR('',#506,1.);
#506 = DIRECTION('',(1.,0.));
#507 = ( GEOMETRIC_REPRESENTATION_CONTEXT(2) 
PARAMETRIC_REPRESENTATION_CONTEXT() REPRESENTATION_CONTEXT('2D SPACE',''
  ) );
#508 = PCURVE('',#509,#514);
#509 = PLANE('',#510);
#510 = AXIS2_PLACEMENT_3D('',#511,#512,#513);
#511 = CARTESIAN_POINT('',(-242.7,250.,-192.3));
#512 = DIRECTION('',(1.,0.,-0.));
#513 = DIRECTION('',(0.,0.,1.));
#514 = DEFINITIONAL_REPRESENTATION('',(#515),#519);
#515 = LINE('',#516,#517);
#516 = CARTESIAN_POINT('',(0.,0.));
#517 = VECTOR('',#518,1.);
#518 = DIRECTION('',(1.,0.));
#519 = ( GEOMETRIC_REPRESENTATION_CONTEXT(2) 
PARAMETRIC_REPRESENTATION_CONTEXT() REPRESENTATION_CONTEXT('2D SPACE',''
  ) );
#520 = ORIENTED_EDGE('',*,*,#521,.F.);
#521 = EDGE_CURVE('',#22,#494,#522,.T.);
#522 = SURFACE_CURVE('',#523,(#527,#534),.PCURVE_S1.);
#523 = LINE('',#524,#525);
#524 = CARTESIAN_POINT('',(-252.5,250.,-192.3));
#525 = VECTOR('',#526,1.);
#526 = DIRECTION('',(1.,0.,-0.));
#527 = PCURVE('',#44,#528);
#528 = DEFINITIONAL_REPRESENTATION('',(#529),#533);
#529 = LINE('',#530,#531);
#530 = CARTESIAN_POINT('',(-9.9,0.));
#531 = VECTOR('',#532,1.);
#532 = DIRECTION('',(0.,1.));
#533 = ( GEOMETRIC_REPRESENTATION_CONTEXT(2) 
PARAMETRIC_REPRESENTATION_CONTEXT() REPRESENTATION_CONTEXT('2D SPACE',''
  ) );
#534 = PCURVE('',#72,#535);
#535 = DEFINITIONAL_REPRESENTATION('',(#536),#540);
#536 = LINE('',#537,#538);
#537 = CARTESIAN_POINT('',(0.,0.));
#538 = VECTOR('',#539,1.);
#539 = DIRECTION('',(1.,0.));
#540 = ( GEOMETRIC_REPRESENTATION_CONTEXT(2) 
PARAMETRIC_REPRESENTATION_CONTEXT() REPRESENTATION_CONTEXT('2D SPACE',''
  ) );
#541 = ORIENTED_EDGE('',*,*,#21,.T.);
#542 = ADVANCED_FACE('',(#543),#128,.T.);
#543 = FACE_BOUND('',#544,.T.);
#544 = EDGE_LOOP('',(#545,#546,#547,#570,#591,#592,#620,#648));
#545 = ORIENTED_EDGE('',*,*,#334,.F.);
#546 = ORIENTED_EDGE('',*,*,#358,.T.);
#547 = ORIENTED_EDGE('',*,*,#548,.T.);
#548 = EDGE_CURVE('',#359,#549,#551,.T.);
#549 = VERTEX_POINT('',#550);
#550 = CARTESIAN_POINT('',(-242.7,495.,192.3));
#551 = SURFACE_CURVE('',#552,(#556,#563),.PCURVE_S1.);
#552 = LINE('',#553,#554);
#553 = CARTESIAN_POINT('',(-242.7,250.,192.3));
#554 = VECTOR('',#555,1.);
#555 = DIRECTION('',(-0.,1.,0.));
#556 = PCURVE('',#128,#557);
#557 = DEFINITIONAL_REPRESENTATION('',(#558),#562);
#558 = LINE('',#559,#560);
#559 = CARTESIAN_POINT('',(9.8,0.));
#560 = VECTOR('',#561,1.);
#561 = DIRECTION('',(0.,1.));
#562 = ( GEOMETRIC_REPRESENTATION_CONTEXT(2) 
PARAMETRIC_REPRESENTATION_CONTEXT() REPRESENTATION_CONTEXT('2D SPACE',''
  ) );
#563 = PCURVE('',#397,#564);
#564 = DEFINITIONAL_REPRESENTATION('',(#565),#569);
#565 = LINE('',#566,#567);
#566 = CARTESIAN_POINT('',(14.8,0.));
#567 = VECTOR('',#568,1.);
#568 = DIRECTION('',(0.,-1.));
#569 = ( GEOMETRIC_REPRESENTATION_CONTEXT(2) 
PARAMETRIC_REPRESENTATION_CONTEXT() REPRESENTATION_CONTEXT('2D SPACE',''
  ) );
#570 = ORIENTED_EDGE('',*,*,#571,.F.);
#571 = EDGE_CURVE('',#85,#549,#572,.T.);
#572 = SURFACE_CURVE('',#573,(#577,#584),.PCURVE_S1.);
#573 = LINE('',#574,#575);
#574 = CARTESIAN_POINT('',(-252.5,495.,192.3));
#575 = VECTOR('',#576,1.);
#576 = DIRECTION('',(1.,0.,-0.));
#577 = PCURVE('',#128,#578);
#578 = DEFINITIONAL_REPRESENTATION('',(#579),#583);
#579 = LINE('',#580,#581);
#580 = CARTESIAN_POINT('',(0.,245.));
#581 = VECTOR('',#582,1.);
#582 = DIRECTION('',(1.,0.));
#583 = ( GEOMETRIC_REPRESENTATION_CONTEXT(2) 
PARAMETRIC_REPRESENTATION_CONTEXT() REPRESENTATION_CONTEXT('2D SPACE',''
  ) );
#584 = PCURVE('',#100,#585);
#585 = DEFINITIONAL_REPRESENTATION('',(#586),#590);
#586 = LINE('',#587,#588);
#587 = CARTESIAN_POINT('',(374.7,0.));
#588 = VECTOR('',#589,1.);
#589 = DIRECTION('',(0.,1.));
#590 = ( GEOMETRIC_REPRESENTATION_CONTEXT(2) 
PARAMETRIC_REPRESENTATION_CONTEXT() REPRESENTATION_CONTEXT('2D SPACE',''
  ) );
#591 = ORIENTED_EDGE('',*,*,#112,.F.);
#592 = ORIENTED_EDGE('',*,*,#593,.F.);
#593 = EDGE_CURVE('',#594,#113,#596,.T.);
#594 = VERTEX_POINT('',#595);
#595 = CARTESIAN_POINT('',(-252.5,457.,192.3));
#596 = SURFACE_CURVE('',#597,(#601,#608),.PCURVE_S1.);
#597 = LINE('',#598,#599);
#598 = CARTESIAN_POINT('',(-252.5,250.,192.3));
#599 = VECTOR('',#600,1.);
#600 = DIRECTION('',(-0.,1.,0.));
#601 = PCURVE('',#128,#602);
#602 = DEFINITIONAL_REPRESENTATION('',(#603),#607);
#603 = LINE('',#604,#605);
#604 = CARTESIAN_POINT('',(0.,0.));
#605 = VECTOR('',#606,1.);
#606 = DIRECTION('',(0.,1.));
#607 = ( GEOMETRIC_REPRESENTATION_CONTEXT(2) 
PARAMETRIC_REPRESENTATION_CONTEXT() REPRESENTATION_CONTEXT('2D SPACE',''
  ) );
#608 = PCURVE('',#609,#614);
#609 = PLANE('',#610);
#610 = AXIS2_PLACEMENT_3D('',#611,#612,#613);
#611 = CARTESIAN_POINT('',(-252.5,457.,-192.));
#612 = DIRECTION('',(1.,0.,-0.));
#613 = DIRECTION('',(0.,0.,1.));
#614 = DEFINITIONAL_REPRESENTATION('',(#615),#619);
#615 = LINE('',#616,#617);
#616 = CARTESIAN_POINT('',(384.3,207.));
#617 = VECTOR('',#618,1.);
#618 = DIRECTION('',(0.,-1.));
#619 = ( GEOMETRIC_REPRESENTATION_CONTEXT(2) 
PARAMETRIC_REPRESENTATION_CONTEXT() REPRESENTATION_CONTEXT('2D SPACE',''
  ) );
#620 = ORIENTED_EDGE('',*,*,#621,.F.);
#621 = EDGE_CURVE('',#622,#594,#624,.T.);
#622 = VERTEX_POINT('',#623);
#623 = CARTESIAN_POINT('',(-252.5,293.,192.3));
#624 = SURFACE_CURVE('',#625,(#629,#636),.PCURVE_S1.);
#625 = LINE('',#626,#627);
#626 = CARTESIAN_POINT('',(-252.5,250.,192.3));
#627 = VECTOR('',#628,1.);
#628 = DIRECTION('',(-0.,1.,0.));
#629 = PCURVE('',#128,#630);
#630 = DEFINITIONAL_REPRESENTATION('',(#631),#635);
#631 = LINE('',#632,#633);
#632 = CARTESIAN_POINT('',(0.,0.));
#633 = VECTOR('',#634,1.);
#634 = DIRECTION('',(0.,1.));
#635 = ( GEOMETRIC_REPRESENTATION_CONTEXT(2) 
PARAMETRIC_REPRESENTATION_CONTEXT() REPRESENTATION_CONTEXT('2D SPACE',''
  ) );
#636 = PCURVE('',#637,#642);
#637 = PLANE('',#638);
#638 = AXIS2_PLACEMENT_3D('',#639,#640,#641);
#639 = CARTESIAN_POINT('',(-252.5,250.,-182.4));
#640 = DIRECTION('',(1.,0.,-0.));
#641 = DIRECTION('',(0.,0.,1.));
#642 = DEFINITIONAL_REPRESENTATION('',(#643),#647);
#643 = LINE('',#644,#645);
#644 = CARTESIAN_POINT('',(374.7,0.));
#645 = VECTOR('',#646,1.);
#646 = DIRECTION('',(0.,-1.));
#647 = ( GEOMETRIC_REPRESENTATION_CONTEXT(2) 
PARAMETRIC_REPRESENTATION_CONTEXT() REPRESENTATION_CONTEXT('2D SPACE',''
  ) );
#648 = ORIENTED_EDGE('',*,*,#649,.F.);
#649 = EDGE_CURVE('',#307,#622,#650,.T.);
#650 = SURFACE_CURVE('',#651,(#655,#662),.PCURVE_S1.);
#651 = LINE('',#652,#653);
#652 = CARTESIAN_POINT('',(-252.5,250.,192.3));
#653 = VECTOR('',#654,1.);
#654 = DIRECTION('',(-0.,1.,0.));
#655 = PCURVE('',#128,#656);
#656 = DEFINITIONAL_REPRESENTATION('',(#657),#661);
#657 = LINE('',#658,#659);
#658 = CARTESIAN_POINT('',(0.,0.));
#659 = VECTOR('',#660,1.);
#660 = DIRECTION('',(0.,1.));
#661 = ( GEOMETRIC_REPRESENTATION_CONTEXT(2) 
PARAMETRIC_REPRESENTATION_CONTEXT() REPRESENTATION_CONTEXT('2D SPACE',''
  ) );
#662 = PCURVE('',#663,#668);
#663 = PLANE('',#664);
#664 = AXIS2_PLACEMENT_3D('',#665,#666,#667);
#665 = CARTESIAN_POINT('',(-252.5,281.,-192.));
#666 = DIRECTION('',(1.,0.,-0.));
#667 = DIRECTION('',(0.,0.,1.));
#668 = DEFINITIONAL_REPRESENTATION('',(#669),#673);
#669 = LINE('',#670,#671);
#670 = CARTESIAN_POINT('',(384.3,31.));
#671 = VECTOR('',#672,1.);
#672 = DIRECTION('',(0.,-1.));
#673 = ( GEOMETRIC_REPRESENTATION_CONTEXT(2) 
PARAMETRIC_REPRESENTATION_CONTEXT() REPRESENTATION_CONTEXT('2D SPACE',''
  ) );
#674 = ADVANCED_FACE('',(#675),#322,.F.);
#675 = FACE_BOUND('',#676,.F.);
#676 = EDGE_LOOP('',(#677,#700,#728,#756,#777));
#677 = ORIENTED_EDGE('',*,*,#678,.F.);
#678 = EDGE_CURVE('',#679,#279,#681,.T.);
#679 = VERTEX_POINT('',#680);
#680 = CARTESIAN_POINT('',(-267.5,281.,-192.));
#681 = SURFACE_CURVE('',#682,(#686,#693),.PCURVE_S1.);
#682 = LINE('',#683,#684);
#683 = CARTESIAN_POINT('',(-267.5,281.,-192.));
#684 = VECTOR('',#685,1.);
#685 = DIRECTION('',(1.,0.,-0.));
#686 = PCURVE('',#322,#687);
#687 = DEFINITIONAL_REPRESENTATION('',(#688),#692);
#688 = LINE('',#689,#690);
#689 = CARTESIAN_POINT('',(0.,0.));
#690 = VECTOR('',#691,1.);
#691 = DIRECTION('',(0.,1.));
#692 = ( GEOMETRIC_REPRESENTATION_CONTEXT(2) 
PARAMETRIC_REPRESENTATION_CONTEXT() REPRESENTATION_CONTEXT('2D SPACE',''
  ) );
#693 = PCURVE('',#294,#694);
#694 = DEFINITIONAL_REPRESENTATION('',(#695),#699);
#695 = LINE('',#696,#697);
#696 = CARTESIAN_POINT('',(0.,0.));
#697 = VECTOR('',#698,1.);
#698 = DIRECTION('',(1.,0.));
#699 = ( GEOMETRIC_REPRESENTATION_CONTEXT(2) 
PARAMETRIC_REPRESENTATION_CONTEXT() REPRESENTATION_CONTEXT('2D SPACE',''
  ) );
#700 = ORIENTED_EDGE('',*,*,#701,.T.);
#701 = EDGE_CURVE('',#679,#702,#704,.T.);
#702 = VERTEX_POINT('',#703);
#703 = CARTESIAN_POINT('',(-267.5,281.,202.));
#704 = SURFACE_CURVE('',#705,(#709,#716),.PCURVE_S1.);
#705 = LINE('',#706,#707);
#706 = CARTESIAN_POINT('',(-267.5,281.,-192.));
#707 = VECTOR('',#708,1.);
#708 = DIRECTION('',(0.,0.,1.));
#709 = PCURVE('',#322,#710);
#710 = DEFINITIONAL_REPRESENTATION('',(#711),#715);
#711 = LINE('',#712,#713);
#712 = CARTESIAN_POINT('',(0.,0.));
#713 = VECTOR('',#714,1.);
#714 = DIRECTION('',(1.,0.));
#715 = ( GEOMETRIC_REPRESENTATION_CONTEXT(2) 
PARAMETRIC_REPRESENTATION_CONTEXT() REPRESENTATION_CONTEXT('2D SPACE',''
  ) );
#716 = PCURVE('',#717,#722);
#717 = PLANE('',#718);
#718 = AXIS2_PLACEMENT_3D('',#719,#720,#721);
#719 = CARTESIAN_POINT('',(-267.5,281.,-192.));
#720 = DIRECTION('',(1.,0.,-0.));
#721 = DIRECTION('',(0.,0.,1.));
#722 = DEFINITIONAL_REPRESENTATION('',(#723),#727);
#723 = LINE('',#724,#725);
#724 = CARTESIAN_POINT('',(0.,0.));
#725 = VECTOR('',#726,1.);
#726 = DIRECTION('',(1.,0.));
#727 = ( GEOMETRIC_REPRESENTATION_CONTEXT(2) 
PARAMETRIC_REPRESENTATION_CONTEXT() REPRESENTATION_CONTEXT('2D SPACE',''
  ) );
#728 = ORIENTED_EDGE('',*,*,#729,.T.);
#729 = EDGE_CURVE('',#702,#730,#732,.T.);
#730 = VERTEX_POINT('',#731);
#731 = CARTESIAN_POINT('',(-252.5,281.,202.));
#732 = SURFACE_CURVE('',#733,(#737,#744),.PCURVE_S1.);
#733 = LINE('',#734,#735);
#734 = CARTESIAN_POINT('',(-267.5,281.,202.));
#735 = VECTOR('',#736,1.);
#736 = DIRECTION('',(1.,0.,-0.));
#737 = PCURVE('',#322,#738);
#738 = DEFINITIONAL_REPRESENTATION('',(#739),#743);
#739 = LINE('',#740,#741);
#740 = CARTESIAN_POINT('',(394.,0.));
#741 = VECTOR('',#742,1.);
#742 = DIRECTION('',(0.,1.));
#743 = ( GEOMETRIC_REPRESENTATION_CONTEXT(2) 
PARAMETRIC_REPRESENTATION_CONTEXT() REPRESENTATION_CONTEXT('2D SPACE',''
  ) );
#744 = PCURVE('',#745,#750);
#745 = PLANE('',#746);
#746 = AXIS2_PLACEMENT_3D('',#747,#748,#749);
#747 = CARTESIAN_POINT('',(-267.5,281.,202.));
#748 = DIRECTION('',(0.,0.,1.));
#749 = DIRECTION('',(1.,0.,-0.));
#750 = DEFINITIONAL_REPRESENTATION('',(#751),#755);
#751 = LINE('',#752,#753);
#752 = CARTESIAN_POINT('',(0.,0.));
#753 = VECTOR('',#754,1.);
#754 = DIRECTION('',(1.,0.));
#755 = ( GEOMETRIC_REPRESENTATION_CONTEXT(2) 
PARAMETRIC_REPRESENTATION_CONTEXT() REPRESENTATION_CONTEXT('2D SPACE',''
  ) );
#756 = ORIENTED_EDGE('',*,*,#757,.F.);
#757 = EDGE_CURVE('',#307,#730,#758,.T.);
#758 = SURFACE_CURVE('',#759,(#763,#770),.PCURVE_S1.);
#759 = LINE('',#760,#761);
#760 = CARTESIAN_POINT('',(-252.5,281.,-192.));
#761 = VECTOR('',#762,1.);
#762 = DIRECTION('',(0.,0.,1.));
#763 = PCURVE('',#322,#764);
#764 = DEFINITIONAL_REPRESENTATION('',(#765),#769);
#765 = LINE('',#766,#767);
#766 = CARTESIAN_POINT('',(0.,15.));
#767 = VECTOR('',#768,1.);
#768 = DIRECTION('',(1.,0.));
#769 = ( GEOMETRIC_REPRESENTATION_CONTEXT(2) 
PARAMETRIC_REPRESENTATION_CONTEXT() REPRESENTATION_CONTEXT('2D SPACE',''
  ) );
#770 = PCURVE('',#663,#771);
#771 = DEFINITIONAL_REPRESENTATION('',(#772),#776);
#772 = LINE('',#773,#774);
#773 = CARTESIAN_POINT('',(0.,0.));
#774 = VECTOR('',#775,1.);
#775 = DIRECTION('',(1.,0.));
#776 = ( GEOMETRIC_REPRESENTATION_CONTEXT(2) 
PARAMETRIC_REPRESENTATION_CONTEXT() REPRESENTATION_CONTEXT('2D SPACE',''
  ) );
#777 = ORIENTED_EDGE('',*,*,#306,.F.);
#778 = ADVANCED_FACE('',(#779),#294,.F.);
#779 = FACE_BOUND('',#780,.F.);
#780 = EDGE_LOOP('',(#781,#811,#832,#833,#834,#857,#883,#909));
#781 = ORIENTED_EDGE('',*,*,#782,.F.);
#782 = EDGE_CURVE('',#783,#785,#787,.T.);
#783 = VERTEX_POINT('',#784);
#784 = CARTESIAN_POINT('',(-267.5,293.,-192.));
#785 = VERTEX_POINT('',#786);
#786 = CARTESIAN_POINT('',(-257.4,293.,-192.));
#787 = SURFACE_CURVE('',#788,(#792,#799),.PCURVE_S1.);
#788 = LINE('',#789,#790);
#789 = CARTESIAN_POINT('',(-267.5,293.,-192.));
#790 = VECTOR('',#791,1.);
#791 = DIRECTION('',(1.,0.,-0.));
#792 = PCURVE('',#294,#793);
#793 = DEFINITIONAL_REPRESENTATION('',(#794),#798);
#794 = LINE('',#795,#796);
#795 = CARTESIAN_POINT('',(0.,12.));
#796 = VECTOR('',#797,1.);
#797 = DIRECTION('',(1.,0.));
#798 = ( GEOMETRIC_REPRESENTATION_CONTEXT(2) 
PARAMETRIC_REPRESENTATION_CONTEXT() REPRESENTATION_CONTEXT('2D SPACE',''
  ) );
#799 = PCURVE('',#800,#805);
#800 = PLANE('',#801);
#801 = AXIS2_PLACEMENT_3D('',#802,#803,#804);
#802 = CARTESIAN_POINT('',(-267.5,293.,-192.));
#803 = DIRECTION('',(-0.,1.,0.));
#804 = DIRECTION('',(0.,0.,1.));
#805 = DEFINITIONAL_REPRESENTATION('',(#806),#810);
#806 = LINE('',#807,#808);
#807 = CARTESIAN_POINT('',(0.,0.));
#808 = VECTOR('',#809,1.);
#809 = DIRECTION('',(0.,1.));
#810 = ( GEOMETRIC_REPRESENTATION_CONTEXT(2) 
PARAMETRIC_REPRESENTATION_CONTEXT() REPRESENTATION_CONTEXT('2D SPACE',''
  ) );
#811 = ORIENTED_EDGE('',*,*,#812,.F.);
#812 = EDGE_CURVE('',#679,#783,#813,.T.);
#813 = SURFACE_CURVE('',#814,(#818,#825),.PCURVE_S1.);
#814 = LINE('',#815,#816);
#815 = CARTESIAN_POINT('',(-267.5,281.,-192.));
#816 = VECTOR('',#817,1.);
#817 = DIRECTION('',(-0.,1.,0.));
#818 = PCURVE('',#294,#819);
#819 = DEFINITIONAL_REPRESENTATION('',(#820),#824);
#820 = LINE('',#821,#822);
#821 = CARTESIAN_POINT('',(0.,0.));
#822 = VECTOR('',#823,1.);
#823 = DIRECTION('',(0.,1.));
#824 = ( GEOMETRIC_REPRESENTATION_CONTEXT(2) 
PARAMETRIC_REPRESENTATION_CONTEXT() REPRESENTATION_CONTEXT('2D SPACE',''
  ) );
#825 = PCURVE('',#717,#826);
#826 = DEFINITIONAL_REPRESENTATION('',(#827),#831);
#827 = LINE('',#828,#829);
#828 = CARTESIAN_POINT('',(0.,0.));
#829 = VECTOR('',#830,1.);
#830 = DIRECTION('',(0.,-1.));
#831 = ( GEOMETRIC_REPRESENTATION_CONTEXT(2) 
PARAMETRIC_REPRESENTATION_CONTEXT() REPRESENTATION_CONTEXT('2D SPACE',''
  ) );
#832 = ORIENTED_EDGE('',*,*,#678,.T.);
#833 = ORIENTED_EDGE('',*,*,#278,.T.);
#834 = ORIENTED_EDGE('',*,*,#835,.F.);
#835 = EDGE_CURVE('',#836,#251,#838,.T.);
#836 = VERTEX_POINT('',#837);
#837 = CARTESIAN_POINT('',(-254.,293.,-192.));
#838 = SURFACE_CURVE('',#839,(#843,#850),.PCURVE_S1.);
#839 = LINE('',#840,#841);
#840 = CARTESIAN_POINT('',(-267.5,293.,-192.));
#841 = VECTOR('',#842,1.);
#842 = DIRECTION('',(1.,0.,-0.));
#843 = PCURVE('',#294,#844);
#844 = DEFINITIONAL_REPRESENTATION('',(#845),#849);
#845 = LINE('',#846,#847);
#846 = CARTESIAN_POINT('',(0.,12.));
#847 = VECTOR('',#848,1.);
#848 = DIRECTION('',(1.,0.));
#849 = ( GEOMETRIC_REPRESENTATION_CONTEXT(2) 
PARAMETRIC_REPRESENTATION_CONTEXT() REPRESENTATION_CONTEXT('2D SPACE',''
  ) );
#850 = PCURVE('',#266,#851);
#851 = DEFINITIONAL_REPRESENTATION('',(#852),#856);
#852 = LINE('',#853,#854);
#853 = CARTESIAN_POINT('',(0.,0.));
#854 = VECTOR('',#855,1.);
#855 = DIRECTION('',(0.,1.));
#856 = ( GEOMETRIC_REPRESENTATION_CONTEXT(2) 
PARAMETRIC_REPRESENTATION_CONTEXT() REPRESENTATION_CONTEXT('2D SPACE',''
  ) );
#857 = ORIENTED_EDGE('',*,*,#858,.F.);
#858 = EDGE_CURVE('',#859,#836,#861,.T.);
#859 = VERTEX_POINT('',#860);
#860 = CARTESIAN_POINT('',(-254.,286.95,-192.));
#861 = SURFACE_CURVE('',#862,(#866,#872),.PCURVE_S1.);
#862 = LINE('',#863,#864);
#863 = CARTESIAN_POINT('',(-254.,283.975,-192.));
#864 = VECTOR('',#865,1.);
#865 = DIRECTION('',(-0.,1.,0.));
#866 = PCURVE('',#294,#867);
#867 = DEFINITIONAL_REPRESENTATION('',(#868),#871);
#868 = B_SPLINE_CURVE_WITH_KNOTS('',1,(#869,#870),.UNSPECIFIED.,.F.,.F.,
  (2,2),(2.975,9.025),.PIECEWISE_BEZIER_KNOTS.);
#869 = CARTESIAN_POINT('',(13.5,5.95));
#870 = CARTESIAN_POINT('',(13.5,12.));
#871 = ( GEOMETRIC_REPRESENTATION_CONTEXT(2) 
PARAMETRIC_REPRESENTATION_CONTEXT() REPRESENTATION_CONTEXT('2D SPACE',''
  ) );
#872 = PCURVE('',#873,#878);
#873 = PLANE('',#874);
#874 = AXIS2_PLACEMENT_3D('',#875,#876,#877);
#875 = CARTESIAN_POINT('',(-254.,286.95,-193.));
#876 = DIRECTION('',(1.,0.,-0.));
#877 = DIRECTION('',(0.,0.,1.));
#878 = DEFINITIONAL_REPRESENTATION('',(#879),#882);
#879 = B_SPLINE_CURVE_WITH_KNOTS('',1,(#880,#881),.UNSPECIFIED.,.F.,.F.,
  (2,2),(2.975,9.025),.PIECEWISE_BEZIER_KNOTS.);
#880 = CARTESIAN_POINT('',(1.,0.));
#881 = CARTESIAN_POINT('',(1.,-6.05));
#882 = ( GEOMETRIC_REPRESENTATION_CONTEXT(2) 
PARAMETRIC_REPRESENTATION_CONTEXT() REPRESENTATION_CONTEXT('2D SPACE',''
  ) );
#883 = ORIENTED_EDGE('',*,*,#884,.T.);
#884 = EDGE_CURVE('',#859,#885,#887,.T.);
#885 = VERTEX_POINT('',#886);
#886 = CARTESIAN_POINT('',(-257.4,286.95,-192.));
#887 = SURFACE_CURVE('',#888,(#892,#898),.PCURVE_S1.);
#888 = LINE('',#889,#890);
#889 = CARTESIAN_POINT('',(-262.45,286.95,-192.));
#890 = VECTOR('',#891,1.);
#891 = DIRECTION('',(-1.,-0.,0.));
#892 = PCURVE('',#294,#893);
#893 = DEFINITIONAL_REPRESENTATION('',(#894),#897);
#894 = B_SPLINE_CURVE_WITH_KNOTS('',1,(#895,#896),.UNSPECIFIED.,.F.,.F.,
  (2,2),(-8.45,-5.05),.PIECEWISE_BEZIER_KNOTS.);
#895 = CARTESIAN_POINT('',(13.5,5.95));
#896 = CARTESIAN_POINT('',(10.1,5.95));
#897 = ( GEOMETRIC_REPRESENTATION_CONTEXT(2) 
PARAMETRIC_REPRESENTATION_CONTEXT() REPRESENTATION_CONTEXT('2D SPACE',''
  ) );
#898 = PCURVE('',#899,#904);
#899 = PLANE('',#900);
#900 = AXIS2_PLACEMENT_3D('',#901,#902,#903);
#901 = CARTESIAN_POINT('',(-257.4,286.95,-193.));
#902 = DIRECTION('',(-0.,1.,0.));
#903 = DIRECTION('',(0.,0.,1.));
#904 = DEFINITIONAL_REPRESENTATION('',(#905),#908);
#905 = B_SPLINE_CURVE_WITH_KNOTS('',1,(#906,#907),.UNSPECIFIED.,.F.,.F.,
  (2,2),(-8.45,-5.05),.PIECEWISE_BEZIER_KNOTS.);
#906 = CARTESIAN_POINT('',(1.,3.4));
#907 = CARTESIAN_POINT('',(1.,0.));
#908 = ( GEOMETRIC_REPRESENTATION_CONTEXT(2) 
PARAMETRIC_REPRESENTATION_CONTEXT() REPRESENTATION_CONTEXT('2D SPACE',''
  ) );
#909 = ORIENTED_EDGE('',*,*,#910,.T.);
#910 = EDGE_CURVE('',#885,#785,#911,.T.);
#911 = SURFACE_CURVE('',#912,(#916,#922),.PCURVE_S1.);
#912 = LINE('',#913,#914);
#913 = CARTESIAN_POINT('',(-257.4,283.975,-192.));
#914 = VECTOR('',#915,1.);
#915 = DIRECTION('',(-0.,1.,0.));
#916 = PCURVE('',#294,#917);
#917 = DEFINITIONAL_REPRESENTATION('',(#918),#921);
#918 = B_SPLINE_CURVE_WITH_KNOTS('',1,(#919,#920),.UNSPECIFIED.,.F.,.F.,
  (2,2),(2.975,9.025),.PIECEWISE_BEZIER_KNOTS.);
#919 = CARTESIAN_POINT('',(10.1,5.95));
#920 = CARTESIAN_POINT('',(10.1,12.));
#921 = ( GEOMETRIC_REPRESENTATION_CONTEXT(2) 
PARAMETRIC_REPRESENTATION_CONTEXT() REPRESENTATION_CONTEXT('2D SPACE',''
  ) );
#922 = PCURVE('',#923,#928);
#923 = PLANE('',#924);
#924 = AXIS2_PLACEMENT_3D('',#925,#926,#927);
#925 = CARTESIAN_POINT('',(-257.4,286.95,-193.));
#926 = DIRECTION('',(1.,0.,-0.));
#927 = DIRECTION('',(0.,0.,1.));
#928 = DEFINITIONAL_REPRESENTATION('',(#929),#932);
#929 = B_SPLINE_CURVE_WITH_KNOTS('',1,(#930,#931),.UNSPECIFIED.,.F.,.F.,
  (2,2),(2.975,9.025),.PIECEWISE_BEZIER_KNOTS.);
#930 = CARTESIAN_POINT('',(1.,0.));
#931 = CARTESIAN_POINT('',(1.,-6.05));
#932 = ( GEOMETRIC_REPRESENTATION_CONTEXT(2) 
PARAMETRIC_REPRESENTATION_CONTEXT() REPRESENTATION_CONTEXT('2D SPACE',''
  ) );
#933 = ADVANCED_FACE('',(#934),#266,.T.);
#934 = FACE_BOUND('',#935,.T.);
#935 = EDGE_LOOP('',(#936,#937,#959,#982,#1003,#1026,#1054,#1076,#1097)
  );
#936 = ORIENTED_EDGE('',*,*,#835,.F.);
#937 = ORIENTED_EDGE('',*,*,#938,.F.);
#938 = EDGE_CURVE('',#939,#836,#941,.T.);
#939 = VERTEX_POINT('',#940);
#940 = CARTESIAN_POINT('',(-254.,293.,202.));
#941 = SURFACE_CURVE('',#942,(#946,#953),.PCURVE_S1.);
#942 = LINE('',#943,#944);
#943 = CARTESIAN_POINT('',(-254.,293.,-192.5));
#944 = VECTOR('',#945,1.);
#945 = DIRECTION('',(-0.,0.,-1.));
#946 = PCURVE('',#266,#947);
#947 = DEFINITIONAL_REPRESENTATION('',(#948),#952);
#948 = LINE('',#949,#950);
#949 = CARTESIAN_POINT('',(-0.5,13.5));
#950 = VECTOR('',#951,1.);
#951 = DIRECTION('',(-1.,0.));
#952 = ( GEOMETRIC_REPRESENTATION_CONTEXT(2) 
PARAMETRIC_REPRESENTATION_CONTEXT() REPRESENTATION_CONTEXT('2D SPACE',''
  ) );
#953 = PCURVE('',#873,#954);
#954 = DEFINITIONAL_REPRESENTATION('',(#955),#958);
#955 = B_SPLINE_CURVE_WITH_KNOTS('',1,(#956,#957),.UNSPECIFIED.,.F.,.F.,
  (2,2),(-394.5,-0.5),.PIECEWISE_BEZIER_KNOTS.);
#956 = CARTESIAN_POINT('',(395.,-6.05));
#957 = CARTESIAN_POINT('',(1.,-6.05));
#958 = ( GEOMETRIC_REPRESENTATION_CONTEXT(2) 
PARAMETRIC_REPRESENTATION_CONTEXT() REPRESENTATION_CONTEXT('2D SPACE',''
  ) );
#959 = ORIENTED_EDGE('',*,*,#960,.T.);
#960 = EDGE_CURVE('',#939,#961,#963,.T.);
#961 = VERTEX_POINT('',#962);
#962 = CARTESIAN_POINT('',(-252.5,293.,202.));
#963 = SURFACE_CURVE('',#964,(#968,#975),.PCURVE_S1.);
#964 = LINE('',#965,#966);
#965 = CARTESIAN_POINT('',(-267.5,293.,202.));
#966 = VECTOR('',#967,1.);
#967 = DIRECTION('',(1.,0.,-0.));
#968 = PCURVE('',#266,#969);
#969 = DEFINITIONAL_REPRESENTATION('',(#970),#974);
#970 = LINE('',#971,#972);
#971 = CARTESIAN_POINT('',(394.,0.));
#972 = VECTOR('',#973,1.);
#973 = DIRECTION('',(0.,1.));
#974 = ( GEOMETRIC_REPRESENTATION_CONTEXT(2) 
PARAMETRIC_REPRESENTATION_CONTEXT() REPRESENTATION_CONTEXT('2D SPACE',''
  ) );
#975 = PCURVE('',#745,#976);
#976 = DEFINITIONAL_REPRESENTATION('',(#977),#981);
#977 = LINE('',#978,#979);
#978 = CARTESIAN_POINT('',(0.,12.));
#979 = VECTOR('',#980,1.);
#980 = DIRECTION('',(1.,0.));
#981 = ( GEOMETRIC_REPRESENTATION_CONTEXT(2) 
PARAMETRIC_REPRESENTATION_CONTEXT() REPRESENTATION_CONTEXT('2D SPACE',''
  ) );
#982 = ORIENTED_EDGE('',*,*,#983,.F.);
#983 = EDGE_CURVE('',#622,#961,#984,.T.);
#984 = SURFACE_CURVE('',#985,(#989,#996),.PCURVE_S1.);
#985 = LINE('',#986,#987);
#986 = CARTESIAN_POINT('',(-252.5,293.,-192.));
#987 = VECTOR('',#988,1.);
#988 = DIRECTION('',(0.,0.,1.));
#989 = PCURVE('',#266,#990);
#990 = DEFINITIONAL_REPRESENTATION('',(#991),#995);
#991 = LINE('',#992,#993);
#992 = CARTESIAN_POINT('',(0.,15.));
#993 = VECTOR('',#994,1.);
#994 = DIRECTION('',(1.,0.));
#995 = ( GEOMETRIC_REPRESENTATION_CONTEXT(2) 
PARAMETRIC_REPRESENTATION_CONTEXT() REPRESENTATION_CONTEXT('2D SPACE',''
  ) );
#996 = PCURVE('',#663,#997);
#997 = DEFINITIONAL_REPRESENTATION('',(#998),#1002);
#998 = LINE('',#999,#1000);
#999 = CARTESIAN_POINT('',(0.,-12.));
#1000 = VECTOR('',#1001,1.);
#1001 = DIRECTION('',(1.,0.));
#1002 = ( GEOMETRIC_REPRESENTATION_CONTEXT(2) 
PARAMETRIC_REPRESENTATION_CONTEXT() REPRESENTATION_CONTEXT('2D SPACE',''
  ) );
#1003 = ORIENTED_EDGE('',*,*,#1004,.F.);
#1004 = EDGE_CURVE('',#1005,#622,#1007,.T.);
#1005 = VERTEX_POINT('',#1006);
#1006 = CARTESIAN_POINT('',(-252.5,293.,42.));
#1007 = SURFACE_CURVE('',#1008,(#1012,#1019),.PCURVE_S1.);
#1008 = LINE('',#1009,#1010);
#1009 = CARTESIAN_POINT('',(-252.5,293.,-192.));
#1010 = VECTOR('',#1011,1.);
#1011 = DIRECTION('',(0.,0.,1.));
#1012 = PCURVE('',#266,#1013);
#1013 = DEFINITIONAL_REPRESENTATION('',(#1014),#1018);
#1014 = LINE('',#1015,#1016);
#1015 = CARTESIAN_POINT('',(0.,15.));
#1016 = VECTOR('',#1017,1.);
#1017 = DIRECTION('',(1.,0.));
#1018 = ( GEOMETRIC_REPRESENTATION_CONTEXT(2) 
PARAMETRIC_REPRESENTATION_CONTEXT() REPRESENTATION_CONTEXT('2D SPACE',''
  ) );
#1019 = PCURVE('',#637,#1020);
#1020 = DEFINITIONAL_REPRESENTATION('',(#1021),#1025);
#1021 = LINE('',#1022,#1023);
#1022 = CARTESIAN_POINT('',(-9.6,-43.));
#1023 = VECTOR('',#1024,1.);
#1024 = DIRECTION('',(1.,0.));
#1025 = ( GEOMETRIC_REPRESENTATION_CONTEXT(2) 
PARAMETRIC_REPRESENTATION_CONTEXT() REPRESENTATION_CONTEXT('2D SPACE',''
  ) );
#1026 = ORIENTED_EDGE('',*,*,#1027,.T.);
#1027 = EDGE_CURVE('',#1005,#1028,#1030,.T.);
#1028 = VERTEX_POINT('',#1029);
#1029 = CARTESIAN_POINT('',(-232.5,293.,42.));
#1030 = SURFACE_CURVE('',#1031,(#1035,#1042),.PCURVE_S1.);
#1031 = LINE('',#1032,#1033);
#1032 = CARTESIAN_POINT('',(-253.5,293.,42.));
#1033 = VECTOR('',#1034,1.);
#1034 = DIRECTION('',(1.,0.,-0.));
#1035 = PCURVE('',#266,#1036);
#1036 = DEFINITIONAL_REPRESENTATION('',(#1037),#1041);
#1037 = LINE('',#1038,#1039);
#1038 = CARTESIAN_POINT('',(234.,14.));
#1039 = VECTOR('',#1040,1.);
#1040 = DIRECTION('',(0.,1.));
#1041 = ( GEOMETRIC_REPRESENTATION_CONTEXT(2) 
PARAMETRIC_REPRESENTATION_CONTEXT() REPRESENTATION_CONTEXT('2D SPACE',''
  ) );
#1042 = PCURVE('',#1043,#1048);
#1043 = PLANE('',#1044);
#1044 = AXIS2_PLACEMENT_3D('',#1045,#1046,#1047);
#1045 = CARTESIAN_POINT('',(-253.5,293.,42.));
#1046 = DIRECTION('',(0.,0.,1.));
#1047 = DIRECTION('',(1.,0.,-0.));
#1048 = DEFINITIONAL_REPRESENTATION('',(#1049),#1053);
#1049 = LINE('',#1050,#1051);
#1050 = CARTESIAN_POINT('',(0.,0.));
#1051 = VECTOR('',#1052,1.);
#1052 = DIRECTION('',(1.,0.));
#1053 = ( GEOMETRIC_REPRESENTATION_CONTEXT(2) 
PARAMETRIC_REPRESENTATION_CONTEXT() REPRESENTATION_CONTEXT('2D SPACE',''
  ) );
#1054 = ORIENTED_EDGE('',*,*,#1055,.F.);
#1055 = EDGE_CURVE('',#1056,#1028,#1058,.T.);
#1056 = VERTEX_POINT('',#1057);
#1057 = CARTESIAN_POINT('',(-232.5,293.,-182.));
#1058 = SURFACE_CURVE('',#1059,(#1063,#1070),.PCURVE_S1.);
#1059 = LINE('',#1060,#1061);
#1060 = CARTESIAN_POINT('',(-232.5,293.,-182.2));
#1061 = VECTOR('',#1062,1.);
#1062 = DIRECTION('',(0.,0.,1.));
#1063 = PCURVE('',#266,#1064);
#1064 = DEFINITIONAL_REPRESENTATION('',(#1065),#1069);
#1065 = LINE('',#1066,#1067);
#1066 = CARTESIAN_POINT('',(9.8,35.));
#1067 = VECTOR('',#1068,1.);
#1068 = DIRECTION('',(1.,0.));
#1069 = ( GEOMETRIC_REPRESENTATION_CONTEXT(2) 
PARAMETRIC_REPRESENTATION_CONTEXT() REPRESENTATION_CONTEXT('2D SPACE',''
  ) );
#1070 = PCURVE('',#453,#1071);
#1071 = DEFINITIONAL_REPRESENTATION('',(#1072),#1075);
#1072 = B_SPLINE_CURVE_WITH_KNOTS('',1,(#1073,#1074),.UNSPECIFIED.,.F.,
  .F.,(2,2),(0.2,224.2),.PIECEWISE_BEZIER_KNOTS.);
#1073 = CARTESIAN_POINT('',(0.4,-43.));
#1074 = CARTESIAN_POINT('',(224.4,-43.));
#1075 = ( GEOMETRIC_REPRESENTATION_CONTEXT(2) 
PARAMETRIC_REPRESENTATION_CONTEXT() REPRESENTATION_CONTEXT('2D SPACE',''
  ) );
#1076 = ORIENTED_EDGE('',*,*,#1077,.F.);
#1077 = EDGE_CURVE('',#225,#1056,#1078,.T.);
#1078 = SURFACE_CURVE('',#1079,(#1083,#1090),.PCURVE_S1.);
#1079 = LINE('',#1080,#1081);
#1080 = CARTESIAN_POINT('',(-253.5,293.,-182.));
#1081 = VECTOR('',#1082,1.);
#1082 = DIRECTION('',(1.,0.,-0.));
#1083 = PCURVE('',#266,#1084);
#1084 = DEFINITIONAL_REPRESENTATION('',(#1085),#1089);
#1085 = LINE('',#1086,#1087);
#1086 = CARTESIAN_POINT('',(10.,14.));
#1087 = VECTOR('',#1088,1.);
#1088 = DIRECTION('',(0.,1.));
#1089 = ( GEOMETRIC_REPRESENTATION_CONTEXT(2) 
PARAMETRIC_REPRESENTATION_CONTEXT() REPRESENTATION_CONTEXT('2D SPACE',''
  ) );
#1090 = PCURVE('',#239,#1091);
#1091 = DEFINITIONAL_REPRESENTATION('',(#1092),#1096);
#1092 = LINE('',#1093,#1094);
#1093 = CARTESIAN_POINT('',(0.,0.));
#1094 = VECTOR('',#1095,1.);
#1095 = DIRECTION('',(1.,0.));
#1096 = ( GEOMETRIC_REPRESENTATION_CONTEXT(2) 
PARAMETRIC_REPRESENTATION_CONTEXT() REPRESENTATION_CONTEXT('2D SPACE',''
  ) );
#1097 = ORIENTED_EDGE('',*,*,#250,.F.);
#1098 = ADVANCED_FACE('',(#1099),#239,.T.);
#1099 = FACE_BOUND('',#1100,.T.);
#1100 = EDGE_LOOP('',(#1101,#1124,#1125,#1126));
#1101 = ORIENTED_EDGE('',*,*,#1102,.F.);
#1102 = EDGE_CURVE('',#197,#1103,#1105,.T.);
#1103 = VERTEX_POINT('',#1104);
#1104 = CARTESIAN_POINT('',(-232.5,457.,-182.));
#1105 = SURFACE_CURVE('',#1106,(#1110,#1117),.PCURVE_S1.);
#1106 = LINE('',#1107,#1108);
#1107 = CARTESIAN_POINT('',(-253.5,457.,-182.));
#1108 = VECTOR('',#1109,1.);
#1109 = DIRECTION('',(1.,0.,-0.));
#1110 = PCURVE('',#239,#1111);
#1111 = DEFINITIONAL_REPRESENTATION('',(#1112),#1116);
#1112 = LINE('',#1113,#1114);
#1113 = CARTESIAN_POINT('',(0.,164.));
#1114 = VECTOR('',#1115,1.);
#1115 = DIRECTION('',(1.,0.));
#1116 = ( GEOMETRIC_REPRESENTATION_CONTEXT(2) 
PARAMETRIC_REPRESENTATION_CONTEXT() REPRESENTATION_CONTEXT('2D SPACE',''
  ) );
#1117 = PCURVE('',#212,#1118);
#1118 = DEFINITIONAL_REPRESENTATION('',(#1119),#1123);
#1119 = LINE('',#1120,#1121);
#1120 = CARTESIAN_POINT('',(10.,14.));
#1121 = VECTOR('',#1122,1.);
#1122 = DIRECTION('',(0.,1.));
#1123 = ( GEOMETRIC_REPRESENTATION_CONTEXT(2) 
PARAMETRIC_REPRESENTATION_CONTEXT() REPRESENTATION_CONTEXT('2D SPACE',''
  ) );
#1124 = ORIENTED_EDGE('',*,*,#224,.T.);
#1125 = ORIENTED_EDGE('',*,*,#1077,.T.);
#1126 = ORIENTED_EDGE('',*,*,#1127,.F.);
#1127 = EDGE_CURVE('',#1103,#1056,#1128,.T.);
#1128 = SURFACE_CURVE('',#1129,(#1133,#1139),.PCURVE_S1.);
#1129 = LINE('',#1130,#1131);
#1130 = CARTESIAN_POINT('',(-232.5,271.5,-182.));
#1131 = VECTOR('',#1132,1.);
#1132 = DIRECTION('',(0.,-1.,0.));
#1133 = PCURVE('',#239,#1134);
#1134 = DEFINITIONAL_REPRESENTATION('',(#1135),#1138);
#1135 = B_SPLINE_CURVE_WITH_KNOTS('',1,(#1136,#1137),.UNSPECIFIED.,.F.,
  .F.,(2,2),(-185.5,-21.5),.PIECEWISE_BEZIER_KNOTS.);
#1136 = CARTESIAN_POINT('',(21.,164.));
#1137 = CARTESIAN_POINT('',(21.,0.));
#1138 = ( GEOMETRIC_REPRESENTATION_CONTEXT(2) 
PARAMETRIC_REPRESENTATION_CONTEXT() REPRESENTATION_CONTEXT('2D SPACE',''
  ) );
#1139 = PCURVE('',#453,#1140);
#1140 = DEFINITIONAL_REPRESENTATION('',(#1141),#1144);
#1141 = B_SPLINE_CURVE_WITH_KNOTS('',1,(#1142,#1143),.UNSPECIFIED.,.F.,
  .F.,(2,2),(-185.5,-21.5),.PIECEWISE_BEZIER_KNOTS.);
#1142 = CARTESIAN_POINT('',(0.4,-207.));
#1143 = CARTESIAN_POINT('',(0.4,-43.));
#1144 = ( GEOMETRIC_REPRESENTATION_CONTEXT(2) 
PARAMETRIC_REPRESENTATION_CONTEXT() REPRESENTATION_CONTEXT('2D SPACE',''
  ) );
#1145 = ADVANCED_FACE('',(#1146),#212,.F.);
#1146 = FACE_BOUND('',#1147,.F.);
#1147 = EDGE_LOOP('',(#1148,#1171,#1198,#1226,#1247,#1270,#1293,#1313,
    #1314));
#1148 = ORIENTED_EDGE('',*,*,#1149,.F.);
#1149 = EDGE_CURVE('',#1150,#169,#1152,.T.);
#1150 = VERTEX_POINT('',#1151);
#1151 = CARTESIAN_POINT('',(-254.,457.,-192.));
#1152 = SURFACE_CURVE('',#1153,(#1157,#1164),.PCURVE_S1.);
#1153 = LINE('',#1154,#1155);
#1154 = CARTESIAN_POINT('',(-267.5,457.,-192.));
#1155 = VECTOR('',#1156,1.);
#1156 = DIRECTION('',(1.,0.,-0.));
#1157 = PCURVE('',#212,#1158);
#1158 = DEFINITIONAL_REPRESENTATION('',(#1159),#1163);
#1159 = LINE('',#1160,#1161);
#1160 = CARTESIAN_POINT('',(0.,0.));
#1161 = VECTOR('',#1162,1.);
#1162 = DIRECTION('',(0.,1.));
#1163 = ( GEOMETRIC_REPRESENTATION_CONTEXT(2) 
PARAMETRIC_REPRESENTATION_CONTEXT() REPRESENTATION_CONTEXT('2D SPACE',''
  ) );
#1164 = PCURVE('',#184,#1165);
#1165 = DEFINITIONAL_REPRESENTATION('',(#1166),#1170);
#1166 = LINE('',#1167,#1168);
#1167 = CARTESIAN_POINT('',(0.,0.));
#1168 = VECTOR('',#1169,1.);
#1169 = DIRECTION('',(1.,0.));
#1170 = ( GEOMETRIC_REPRESENTATION_CONTEXT(2) 
PARAMETRIC_REPRESENTATION_CONTEXT() REPRESENTATION_CONTEXT('2D SPACE',''
  ) );
#1171 = ORIENTED_EDGE('',*,*,#1172,.F.);
#1172 = EDGE_CURVE('',#1173,#1150,#1175,.T.);
#1173 = VERTEX_POINT('',#1174);
#1174 = CARTESIAN_POINT('',(-254.,457.,202.));
#1175 = SURFACE_CURVE('',#1176,(#1180,#1187),.PCURVE_S1.);
#1176 = LINE('',#1177,#1178);
#1177 = CARTESIAN_POINT('',(-254.,457.,-192.5));
#1178 = VECTOR('',#1179,1.);
#1179 = DIRECTION('',(-0.,0.,-1.));
#1180 = PCURVE('',#212,#1181);
#1181 = DEFINITIONAL_REPRESENTATION('',(#1182),#1186);
#1182 = LINE('',#1183,#1184);
#1183 = CARTESIAN_POINT('',(-0.5,13.5));
#1184 = VECTOR('',#1185,1.);
#1185 = DIRECTION('',(-1.,0.));
#1186 = ( GEOMETRIC_REPRESENTATION_CONTEXT(2) 
PARAMETRIC_REPRESENTATION_CONTEXT() REPRESENTATION_CONTEXT('2D SPACE',''
  ) );
#1187 = PCURVE('',#1188,#1193);
#1188 = PLANE('',#1189);
#1189 = AXIS2_PLACEMENT_3D('',#1190,#1191,#1192);
#1190 = CARTESIAN_POINT('',(-254.,456.95,-193.));
#1191 = DIRECTION('',(1.,0.,-0.));
#1192 = DIRECTION('',(0.,0.,1.));
#1193 = DEFINITIONAL_REPRESENTATION('',(#1194),#1197);
#1194 = B_SPLINE_CURVE_WITH_KNOTS('',1,(#1195,#1196),.UNSPECIFIED.,.F.,
  .F.,(2,2),(-394.5,-0.5),.PIECEWISE_BEZIER_KNOTS.);
#1195 = CARTESIAN_POINT('',(395.,-5.000000000001E-02));
#1196 = CARTESIAN_POINT('',(1.,-5.000000000001E-02));
#1197 = ( GEOMETRIC_REPRESENTATION_CONTEXT(2) 
PARAMETRIC_REPRESENTATION_CONTEXT() REPRESENTATION_CONTEXT('2D SPACE',''
  ) );
#1198 = ORIENTED_EDGE('',*,*,#1199,.T.);
#1199 = EDGE_CURVE('',#1173,#1200,#1202,.T.);
#1200 = VERTEX_POINT('',#1201);
#1201 = CARTESIAN_POINT('',(-252.5,457.,202.));
#1202 = SURFACE_CURVE('',#1203,(#1207,#1214),.PCURVE_S1.);
#1203 = LINE('',#1204,#1205);
#1204 = CARTESIAN_POINT('',(-267.5,457.,202.));
#1205 = VECTOR('',#1206,1.);
#1206 = DIRECTION('',(1.,0.,-0.));
#1207 = PCURVE('',#212,#1208);
#1208 = DEFINITIONAL_REPRESENTATION('',(#1209),#1213);
#1209 = LINE('',#1210,#1211);
#1210 = CARTESIAN_POINT('',(394.,0.));
#1211 = VECTOR('',#1212,1.);
#1212 = DIRECTION('',(0.,1.));
#1213 = ( GEOMETRIC_REPRESENTATION_CONTEXT(2) 
PARAMETRIC_REPRESENTATION_CONTEXT() REPRESENTATION_CONTEXT('2D SPACE',''
  ) );
#1214 = PCURVE('',#1215,#1220);
#1215 = PLANE('',#1216);
#1216 = AXIS2_PLACEMENT_3D('',#1217,#1218,#1219);
#1217 = CARTESIAN_POINT('',(-267.5,457.,202.));
#1218 = DIRECTION('',(0.,0.,1.));
#1219 = DIRECTION('',(1.,0.,-0.));
#1220 = DEFINITIONAL_REPRESENTATION('',(#1221),#1225);
#1221 = LINE('',#1222,#1223);
#1222 = CARTESIAN_POINT('',(0.,0.));
#1223 = VECTOR('',#1224,1.);
#1224 = DIRECTION('',(1.,0.));
#1225 = ( GEOMETRIC_REPRESENTATION_CONTEXT(2) 
PARAMETRIC_REPRESENTATION_CONTEXT() REPRESENTATION_CONTEXT('2D SPACE',''
  ) );
#1226 = ORIENTED_EDGE('',*,*,#1227,.F.);
#1227 = EDGE_CURVE('',#594,#1200,#1228,.T.);
#1228 = SURFACE_CURVE('',#1229,(#1233,#1240),.PCURVE_S1.);
#1229 = LINE('',#1230,#1231);
#1230 = CARTESIAN_POINT('',(-252.5,457.,-192.));
#1231 = VECTOR('',#1232,1.);
#1232 = DIRECTION('',(0.,0.,1.));
#1233 = PCURVE('',#212,#1234);
#1234 = DEFINITIONAL_REPRESENTATION('',(#1235),#1239);
#1235 = LINE('',#1236,#1237);
#1236 = CARTESIAN_POINT('',(0.,15.));
#1237 = VECTOR('',#1238,1.);
#1238 = DIRECTION('',(1.,0.));
#1239 = ( GEOMETRIC_REPRESENTATION_CONTEXT(2) 
PARAMETRIC_REPRESENTATION_CONTEXT() REPRESENTATION_CONTEXT('2D SPACE',''
  ) );
#1240 = PCURVE('',#609,#1241);
#1241 = DEFINITIONAL_REPRESENTATION('',(#1242),#1246);
#1242 = LINE('',#1243,#1244);
#1243 = CARTESIAN_POINT('',(0.,0.));
#1244 = VECTOR('',#1245,1.);
#1245 = DIRECTION('',(1.,0.));
#1246 = ( GEOMETRIC_REPRESENTATION_CONTEXT(2) 
PARAMETRIC_REPRESENTATION_CONTEXT() REPRESENTATION_CONTEXT('2D SPACE',''
  ) );
#1247 = ORIENTED_EDGE('',*,*,#1248,.F.);
#1248 = EDGE_CURVE('',#1249,#594,#1251,.T.);
#1249 = VERTEX_POINT('',#1250);
#1250 = CARTESIAN_POINT('',(-252.5,457.,42.));
#1251 = SURFACE_CURVE('',#1252,(#1256,#1263),.PCURVE_S1.);
#1252 = LINE('',#1253,#1254);
#1253 = CARTESIAN_POINT('',(-252.5,457.,-192.));
#1254 = VECTOR('',#1255,1.);
#1255 = DIRECTION('',(0.,0.,1.));
#1256 = PCURVE('',#212,#1257);
#1257 = DEFINITIONAL_REPRESENTATION('',(#1258),#1262);
#1258 = LINE('',#1259,#1260);
#1259 = CARTESIAN_POINT('',(0.,15.));
#1260 = VECTOR('',#1261,1.);
#1261 = DIRECTION('',(1.,0.));
#1262 = ( GEOMETRIC_REPRESENTATION_CONTEXT(2) 
PARAMETRIC_REPRESENTATION_CONTEXT() REPRESENTATION_CONTEXT('2D SPACE',''
  ) );
#1263 = PCURVE('',#637,#1264);
#1264 = DEFINITIONAL_REPRESENTATION('',(#1265),#1269);
#1265 = LINE('',#1266,#1267);
#1266 = CARTESIAN_POINT('',(-9.6,-207.));
#1267 = VECTOR('',#1268,1.);
#1268 = DIRECTION('',(1.,0.));
#1269 = ( GEOMETRIC_REPRESENTATION_CONTEXT(2) 
PARAMETRIC_REPRESENTATION_CONTEXT() REPRESENTATION_CONTEXT('2D SPACE',''
  ) );
#1270 = ORIENTED_EDGE('',*,*,#1271,.T.);
#1271 = EDGE_CURVE('',#1249,#1272,#1274,.T.);
#1272 = VERTEX_POINT('',#1273);
#1273 = CARTESIAN_POINT('',(-232.5,457.,42.));
#1274 = SURFACE_CURVE('',#1275,(#1279,#1286),.PCURVE_S1.);
#1275 = LINE('',#1276,#1277);
#1276 = CARTESIAN_POINT('',(-253.5,457.,42.));
#1277 = VECTOR('',#1278,1.);
#1278 = DIRECTION('',(1.,0.,-0.));
#1279 = PCURVE('',#212,#1280);
#1280 = DEFINITIONAL_REPRESENTATION('',(#1281),#1285);
#1281 = LINE('',#1282,#1283);
#1282 = CARTESIAN_POINT('',(234.,14.));
#1283 = VECTOR('',#1284,1.);
#1284 = DIRECTION('',(0.,1.));
#1285 = ( GEOMETRIC_REPRESENTATION_CONTEXT(2) 
PARAMETRIC_REPRESENTATION_CONTEXT() REPRESENTATION_CONTEXT('2D SPACE',''
  ) );
#1286 = PCURVE('',#1043,#1287);
#1287 = DEFINITIONAL_REPRESENTATION('',(#1288),#1292);
#1288 = LINE('',#1289,#1290);
#1289 = CARTESIAN_POINT('',(0.,164.));
#1290 = VECTOR('',#1291,1.);
#1291 = DIRECTION('',(1.,0.));
#1292 = ( GEOMETRIC_REPRESENTATION_CONTEXT(2) 
PARAMETRIC_REPRESENTATION_CONTEXT() REPRESENTATION_CONTEXT('2D SPACE',''
  ) );
#1293 = ORIENTED_EDGE('',*,*,#1294,.F.);
#1294 = EDGE_CURVE('',#1103,#1272,#1295,.T.);
#1295 = SURFACE_CURVE('',#1296,(#1300,#1307),.PCURVE_S1.);
#1296 = LINE('',#1297,#1298);
#1297 = CARTESIAN_POINT('',(-232.5,457.,-182.2));
#1298 = VECTOR('',#1299,1.);
#1299 = DIRECTION('',(0.,0.,1.));
#1300 = PCURVE('',#212,#1301);
#1301 = DEFINITIONAL_REPRESENTATION('',(#1302),#1306);
#1302 = LINE('',#1303,#1304);
#1303 = CARTESIAN_POINT('',(9.8,35.));
#1304 = VECTOR('',#1305,1.);
#1305 = DIRECTION('',(1.,0.));
#1306 = ( GEOMETRIC_REPRESENTATION_CONTEXT(2) 
PARAMETRIC_REPRESENTATION_CONTEXT() REPRESENTATION_CONTEXT('2D SPACE',''
  ) );
#1307 = PCURVE('',#453,#1308);
#1308 = DEFINITIONAL_REPRESENTATION('',(#1309),#1312);
#1309 = B_SPLINE_CURVE_WITH_KNOTS('',1,(#1310,#1311),.UNSPECIFIED.,.F.,
  .F.,(2,2),(0.2,224.2),.PIECEWISE_BEZIER_KNOTS.);
#1310 = CARTESIAN_POINT('',(0.4,-207.));
#1311 = CARTESIAN_POINT('',(224.4,-207.));
#1312 = ( GEOMETRIC_REPRESENTATION_CONTEXT(2) 
PARAMETRIC_REPRESENTATION_CONTEXT() REPRESENTATION_CONTEXT('2D SPACE',''
  ) );
#1313 = ORIENTED_EDGE('',*,*,#1102,.F.);
#1314 = ORIENTED_EDGE('',*,*,#196,.F.);
#1315 = ADVANCED_FACE('',(#1316),#184,.F.);
#1316 = FACE_BOUND('',#1317,.F.);
#1317 = EDGE_LOOP('',(#1318,#1341,#1369,#1397,#1423,#1449,#1468,#1469));
#1318 = ORIENTED_EDGE('',*,*,#1319,.F.);
#1319 = EDGE_CURVE('',#1320,#141,#1322,.T.);
#1320 = VERTEX_POINT('',#1321);
#1321 = CARTESIAN_POINT('',(-267.5,469.,-192.));
#1322 = SURFACE_CURVE('',#1323,(#1327,#1334),.PCURVE_S1.);
#1323 = LINE('',#1324,#1325);
#1324 = CARTESIAN_POINT('',(-267.5,469.,-192.));
#1325 = VECTOR('',#1326,1.);
#1326 = DIRECTION('',(1.,0.,-0.));
#1327 = PCURVE('',#184,#1328);
#1328 = DEFINITIONAL_REPRESENTATION('',(#1329),#1333);
#1329 = LINE('',#1330,#1331);
#1330 = CARTESIAN_POINT('',(0.,12.));
#1331 = VECTOR('',#1332,1.);
#1332 = DIRECTION('',(1.,0.));
#1333 = ( GEOMETRIC_REPRESENTATION_CONTEXT(2) 
PARAMETRIC_REPRESENTATION_CONTEXT() REPRESENTATION_CONTEXT('2D SPACE',''
  ) );
#1334 = PCURVE('',#156,#1335);
#1335 = DEFINITIONAL_REPRESENTATION('',(#1336),#1340);
#1336 = LINE('',#1337,#1338);
#1337 = CARTESIAN_POINT('',(0.,0.));
#1338 = VECTOR('',#1339,1.);
#1339 = DIRECTION('',(0.,1.));
#1340 = ( GEOMETRIC_REPRESENTATION_CONTEXT(2) 
PARAMETRIC_REPRESENTATION_CONTEXT() REPRESENTATION_CONTEXT('2D SPACE',''
  ) );
#1341 = ORIENTED_EDGE('',*,*,#1342,.F.);
#1342 = EDGE_CURVE('',#1343,#1320,#1345,.T.);
#1343 = VERTEX_POINT('',#1344);
#1344 = CARTESIAN_POINT('',(-267.5,457.,-192.));
#1345 = SURFACE_CURVE('',#1346,(#1350,#1357),.PCURVE_S1.);
#1346 = LINE('',#1347,#1348);
#1347 = CARTESIAN_POINT('',(-267.5,457.,-192.));
#1348 = VECTOR('',#1349,1.);
#1349 = DIRECTION('',(-0.,1.,0.));
#1350 = PCURVE('',#184,#1351);
#1351 = DEFINITIONAL_REPRESENTATION('',(#1352),#1356);
#1352 = LINE('',#1353,#1354);
#1353 = CARTESIAN_POINT('',(0.,0.));
#1354 = VECTOR('',#1355,1.);
#1355 = DIRECTION('',(0.,1.));
#1356 = ( GEOMETRIC_REPRESENTATION_CONTEXT(2) 
PARAMETRIC_REPRESENTATION_CONTEXT() REPRESENTATION_CONTEXT('2D SPACE',''
  ) );
#1357 = PCURVE('',#1358,#1363);
#1358 = PLANE('',#1359);
#1359 = AXIS2_PLACEMENT_3D('',#1360,#1361,#1362);
#1360 = CARTESIAN_POINT('',(-267.5,457.,-192.));
#1361 = DIRECTION('',(1.,0.,-0.));
#1362 = DIRECTION('',(0.,0.,1.));
#1363 = DEFINITIONAL_REPRESENTATION('',(#1364),#1368);
#1364 = LINE('',#1365,#1366);
#1365 = CARTESIAN_POINT('',(0.,0.));
#1366 = VECTOR('',#1367,1.);
#1367 = DIRECTION('',(0.,-1.));
#1368 = ( GEOMETRIC_REPRESENTATION_CONTEXT(2) 
PARAMETRIC_REPRESENTATION_CONTEXT() REPRESENTATION_CONTEXT('2D SPACE',''
  ) );
#1369 = ORIENTED_EDGE('',*,*,#1370,.T.);
#1370 = EDGE_CURVE('',#1343,#1371,#1373,.T.);
#1371 = VERTEX_POINT('',#1372);
#1372 = CARTESIAN_POINT('',(-257.4,457.,-192.));
#1373 = SURFACE_CURVE('',#1374,(#1378,#1385),.PCURVE_S1.);
#1374 = LINE('',#1375,#1376);
#1375 = CARTESIAN_POINT('',(-267.5,457.,-192.));
#1376 = VECTOR('',#1377,1.);
#1377 = DIRECTION('',(1.,0.,-0.));
#1378 = PCURVE('',#184,#1379);
#1379 = DEFINITIONAL_REPRESENTATION('',(#1380),#1384);
#1380 = LINE('',#1381,#1382);
#1381 = CARTESIAN_POINT('',(0.,0.));
#1382 = VECTOR('',#1383,1.);
#1383 = DIRECTION('',(1.,0.));
#1384 = ( GEOMETRIC_REPRESENTATION_CONTEXT(2) 
PARAMETRIC_REPRESENTATION_CONTEXT() REPRESENTATION_CONTEXT('2D SPACE',''
  ) );
#1385 = PCURVE('',#1386,#1391);
#1386 = PLANE('',#1387);
#1387 = AXIS2_PLACEMENT_3D('',#1388,#1389,#1390);
#1388 = CARTESIAN_POINT('',(-267.5,457.,-192.));
#1389 = DIRECTION('',(-0.,1.,0.));
#1390 = DIRECTION('',(0.,0.,1.));
#1391 = DEFINITIONAL_REPRESENTATION('',(#1392),#1396);
#1392 = LINE('',#1393,#1394);
#1393 = CARTESIAN_POINT('',(0.,0.));
#1394 = VECTOR('',#1395,1.);
#1395 = DIRECTION('',(0.,1.));
#1396 = ( GEOMETRIC_REPRESENTATION_CONTEXT(2) 
PARAMETRIC_REPRESENTATION_CONTEXT() REPRESENTATION_CONTEXT('2D SPACE',''
  ) );
#1397 = ORIENTED_EDGE('',*,*,#1398,.T.);
#1398 = EDGE_CURVE('',#1371,#1399,#1401,.T.);
#1399 = VERTEX_POINT('',#1400);
#1400 = CARTESIAN_POINT('',(-257.4,463.05,-192.));
#1401 = SURFACE_CURVE('',#1402,(#1406,#1412),.PCURVE_S1.);
#1402 = LINE('',#1403,#1404);
#1403 = CARTESIAN_POINT('',(-257.4,456.975,-192.));
#1404 = VECTOR('',#1405,1.);
#1405 = DIRECTION('',(-0.,1.,0.));
#1406 = PCURVE('',#184,#1407);
#1407 = DEFINITIONAL_REPRESENTATION('',(#1408),#1411);
#1408 = B_SPLINE_CURVE_WITH_KNOTS('',1,(#1409,#1410),.UNSPECIFIED.,.F.,
  .F.,(2,2),(2.499999999998E-02,6.075),.PIECEWISE_BEZIER_KNOTS.);
#1409 = CARTESIAN_POINT('',(10.1,0.));
#1410 = CARTESIAN_POINT('',(10.1,6.05));
#1411 = ( GEOMETRIC_REPRESENTATION_CONTEXT(2) 
PARAMETRIC_REPRESENTATION_CONTEXT() REPRESENTATION_CONTEXT('2D SPACE',''
  ) );
#1412 = PCURVE('',#1413,#1418);
#1413 = PLANE('',#1414);
#1414 = AXIS2_PLACEMENT_3D('',#1415,#1416,#1417);
#1415 = CARTESIAN_POINT('',(-257.4,456.95,-193.));
#1416 = DIRECTION('',(1.,0.,-0.));
#1417 = DIRECTION('',(0.,0.,1.));
#1418 = DEFINITIONAL_REPRESENTATION('',(#1419),#1422);
#1419 = B_SPLINE_CURVE_WITH_KNOTS('',1,(#1420,#1421),.UNSPECIFIED.,.F.,
  .F.,(2,2),(2.499999999998E-02,6.075),.PIECEWISE_BEZIER_KNOTS.);
#1420 = CARTESIAN_POINT('',(1.,-5.000000000001E-02));
#1421 = CARTESIAN_POINT('',(1.,-6.1));
#1422 = ( GEOMETRIC_REPRESENTATION_CONTEXT(2) 
PARAMETRIC_REPRESENTATION_CONTEXT() REPRESENTATION_CONTEXT('2D SPACE',''
  ) );
#1423 = ORIENTED_EDGE('',*,*,#1424,.F.);
#1424 = EDGE_CURVE('',#1425,#1399,#1427,.T.);
#1425 = VERTEX_POINT('',#1426);
#1426 = CARTESIAN_POINT('',(-254.,463.05,-192.));
#1427 = SURFACE_CURVE('',#1428,(#1432,#1438),.PCURVE_S1.);
#1428 = LINE('',#1429,#1430);
#1429 = CARTESIAN_POINT('',(-262.45,463.05,-192.));
#1430 = VECTOR('',#1431,1.);
#1431 = DIRECTION('',(-1.,-0.,0.));
#1432 = PCURVE('',#184,#1433);
#1433 = DEFINITIONAL_REPRESENTATION('',(#1434),#1437);
#1434 = B_SPLINE_CURVE_WITH_KNOTS('',1,(#1435,#1436),.UNSPECIFIED.,.F.,
  .F.,(2,2),(-8.45,-5.05),.PIECEWISE_BEZIER_KNOTS.);
#1435 = CARTESIAN_POINT('',(13.5,6.05));
#1436 = CARTESIAN_POINT('',(10.1,6.05));
#1437 = ( GEOMETRIC_REPRESENTATION_CONTEXT(2) 
PARAMETRIC_REPRESENTATION_CONTEXT() REPRESENTATION_CONTEXT('2D SPACE',''
  ) );
#1438 = PCURVE('',#1439,#1444);
#1439 = PLANE('',#1440);
#1440 = AXIS2_PLACEMENT_3D('',#1441,#1442,#1443);
#1441 = CARTESIAN_POINT('',(-257.4,463.05,-193.));
#1442 = DIRECTION('',(-0.,1.,0.));
#1443 = DIRECTION('',(0.,0.,1.));
#1444 = DEFINITIONAL_REPRESENTATION('',(#1445),#1448);
#1445 = B_SPLINE_CURVE_WITH_KNOTS('',1,(#1446,#1447),.UNSPECIFIED.,.F.,
  .F.,(2,2),(-8.45,-5.05),.PIECEWISE_BEZIER_KNOTS.);
#1446 = CARTESIAN_POINT('',(1.,3.4));
#1447 = CARTESIAN_POINT('',(1.,0.));
#1448 = ( GEOMETRIC_REPRESENTATION_CONTEXT(2) 
PARAMETRIC_REPRESENTATION_CONTEXT() REPRESENTATION_CONTEXT('2D SPACE',''
  ) );
#1449 = ORIENTED_EDGE('',*,*,#1450,.F.);
#1450 = EDGE_CURVE('',#1150,#1425,#1451,.T.);
#1451 = SURFACE_CURVE('',#1452,(#1456,#1462),.PCURVE_S1.);
#1452 = LINE('',#1453,#1454);
#1453 = CARTESIAN_POINT('',(-254.,456.975,-192.));
#1454 = VECTOR('',#1455,1.);
#1455 = DIRECTION('',(-0.,1.,0.));
#1456 = PCURVE('',#184,#1457);
#1457 = DEFINITIONAL_REPRESENTATION('',(#1458),#1461);
#1458 = B_SPLINE_CURVE_WITH_KNOTS('',1,(#1459,#1460),.UNSPECIFIED.,.F.,
  .F.,(2,2),(2.499999999998E-02,6.075),.PIECEWISE_BEZIER_KNOTS.);
#1459 = CARTESIAN_POINT('',(13.5,0.));
#1460 = CARTESIAN_POINT('',(13.5,6.05));
#1461 = ( GEOMETRIC_REPRESENTATION_CONTEXT(2) 
PARAMETRIC_REPRESENTATION_CONTEXT() REPRESENTATION_CONTEXT('2D SPACE',''
  ) );
#1462 = PCURVE('',#1188,#1463);
#1463 = DEFINITIONAL_REPRESENTATION('',(#1464),#1467);
#1464 = B_SPLINE_CURVE_WITH_KNOTS('',1,(#1465,#1466),.UNSPECIFIED.,.F.,
  .F.,(2,2),(2.499999999998E-02,6.075),.PIECEWISE_BEZIER_KNOTS.);
#1465 = CARTESIAN_POINT('',(1.,-5.000000000001E-02));
#1466 = CARTESIAN_POINT('',(1.,-6.1));
#1467 = ( GEOMETRIC_REPRESENTATION_CONTEXT(2) 
PARAMETRIC_REPRESENTATION_CONTEXT() REPRESENTATION_CONTEXT('2D SPACE',''
  ) );
#1468 = ORIENTED_EDGE('',*,*,#1149,.T.);
#1469 = ORIENTED_EDGE('',*,*,#168,.T.);
#1470 = ADVANCED_FACE('',(#1471,#1542),#156,.T.);
#1471 = FACE_BOUND('',#1472,.T.);
#1472 = EDGE_LOOP('',(#1473,#1474,#1497,#1520,#1541));
#1473 = ORIENTED_EDGE('',*,*,#1319,.F.);
#1474 = ORIENTED_EDGE('',*,*,#1475,.T.);
#1475 = EDGE_CURVE('',#1320,#1476,#1478,.T.);
#1476 = VERTEX_POINT('',#1477);
#1477 = CARTESIAN_POINT('',(-267.5,469.,202.));
#1478 = SURFACE_CURVE('',#1479,(#1483,#1490),.PCURVE_S1.);
#1479 = LINE('',#1480,#1481);
#1480 = CARTESIAN_POINT('',(-267.5,469.,-192.));
#1481 = VECTOR('',#1482,1.);
#1482 = DIRECTION('',(0.,0.,1.));
#1483 = PCURVE('',#156,#1484);
#1484 = DEFINITIONAL_REPRESENTATION('',(#1485),#1489);
#1485 = LINE('',#1486,#1487);
#1486 = CARTESIAN_POINT('',(0.,0.));
#1487 = VECTOR('',#1488,1.);
#1488 = DIRECTION('',(1.,0.));
#1489 = ( GEOMETRIC_REPRESENTATION_CONTEXT(2) 
PARAMETRIC_REPRESENTATION_CONTEXT() REPRESENTATION_CONTEXT('2D SPACE',''
  ) );
#1490 = PCURVE('',#1358,#1491);
#1491 = DEFINITIONAL_REPRESENTATION('',(#1492),#1496);
#1492 = LINE('',#1493,#1494);
#1493 = CARTESIAN_POINT('',(0.,-12.));
#1494 = VECTOR('',#1495,1.);
#1495 = DIRECTION('',(1.,0.));
#1496 = ( GEOMETRIC_REPRESENTATION_CONTEXT(2) 
PARAMETRIC_REPRESENTATION_CONTEXT() REPRESENTATION_CONTEXT('2D SPACE',''
  ) );
#1497 = ORIENTED_EDGE('',*,*,#1498,.T.);
#1498 = EDGE_CURVE('',#1476,#1499,#1501,.T.);
#1499 = VERTEX_POINT('',#1500);
#1500 = CARTESIAN_POINT('',(-252.5,469.,202.));
#1501 = SURFACE_CURVE('',#1502,(#1506,#1513),.PCURVE_S1.);
#1502 = LINE('',#1503,#1504);
#1503 = CARTESIAN_POINT('',(-267.5,469.,202.));
#1504 = VECTOR('',#1505,1.);
#1505 = DIRECTION('',(1.,0.,-0.));
#1506 = PCURVE('',#156,#1507);
#1507 = DEFINITIONAL_REPRESENTATION('',(#1508),#1512);
#1508 = LINE('',#1509,#1510);
#1509 = CARTESIAN_POINT('',(394.,0.));
#1510 = VECTOR('',#1511,1.);
#1511 = DIRECTION('',(0.,1.));
#1512 = ( GEOMETRIC_REPRESENTATION_CONTEXT(2) 
PARAMETRIC_REPRESENTATION_CONTEXT() REPRESENTATION_CONTEXT('2D SPACE',''
  ) );
#1513 = PCURVE('',#1215,#1514);
#1514 = DEFINITIONAL_REPRESENTATION('',(#1515),#1519);
#1515 = LINE('',#1516,#1517);
#1516 = CARTESIAN_POINT('',(0.,12.));
#1517 = VECTOR('',#1518,1.);
#1518 = DIRECTION('',(1.,0.));
#1519 = ( GEOMETRIC_REPRESENTATION_CONTEXT(2) 
PARAMETRIC_REPRESENTATION_CONTEXT() REPRESENTATION_CONTEXT('2D SPACE',''
  ) );
#1520 = ORIENTED_EDGE('',*,*,#1521,.F.);
#1521 = EDGE_CURVE('',#113,#1499,#1522,.T.);
#1522 = SURFACE_CURVE('',#1523,(#1527,#1534),.PCURVE_S1.);
#1523 = LINE('',#1524,#1525);
#1524 = CARTESIAN_POINT('',(-252.5,469.,-192.));
#1525 = VECTOR('',#1526,1.);
#1526 = DIRECTION('',(0.,0.,1.));
#1527 = PCURVE('',#156,#1528);
#1528 = DEFINITIONAL_REPRESENTATION('',(#1529),#1533);
#1529 = LINE('',#1530,#1531);
#1530 = CARTESIAN_POINT('',(0.,15.));
#1531 = VECTOR('',#1532,1.);
#1532 = DIRECTION('',(1.,0.));
#1533 = ( GEOMETRIC_REPRESENTATION_CONTEXT(2) 
PARAMETRIC_REPRESENTATION_CONTEXT() REPRESENTATION_CONTEXT('2D SPACE',''
  ) );
#1534 = PCURVE('',#609,#1535);
#1535 = DEFINITIONAL_REPRESENTATION('',(#1536),#1540);
#1536 = LINE('',#1537,#1538);
#1537 = CARTESIAN_POINT('',(0.,-12.));
#1538 = VECTOR('',#1539,1.);
#1539 = DIRECTION('',(1.,0.));
#1540 = ( GEOMETRIC_REPRESENTATION_CONTEXT(2) 
PARAMETRIC_REPRESENTATION_CONTEXT() REPRESENTATION_CONTEXT('2D SPACE',''
  ) );
#1541 = ORIENTED_EDGE('',*,*,#140,.F.);
#1542 = FACE_BOUND('',#1543,.T.);
#1543 = EDGE_LOOP('',(#1544));
#1544 = ORIENTED_EDGE('',*,*,#1545,.T.);
#1545 = EDGE_CURVE('',#1546,#1546,#1548,.T.);
#1546 = VERTEX_POINT('',#1547);
#1547 = CARTESIAN_POINT('',(-254.15,469.,199.));
#1548 = SURFACE_CURVE('',#1549,(#1554,#1565),.PCURVE_S1.);
#1549 = CIRCLE('',#1550,1.55);
#1550 = AXIS2_PLACEMENT_3D('',#1551,#1552,#1553);
#1551 = CARTESIAN_POINT('',(-255.7,469.,199.));
#1552 = DIRECTION('',(0.,-1.,0.));
#1553 = DIRECTION('',(1.,0.,0.));
#1554 = PCURVE('',#156,#1555);
#1555 = DEFINITIONAL_REPRESENTATION('',(#1556),#1564);
#1556 = ( BOUNDED_CURVE() B_SPLINE_CURVE(2,(#1557,#1558,#1559,#1560,
#1561,#1562,#1563),.UNSPECIFIED.,.T.,.F.) B_SPLINE_CURVE_WITH_KNOTS((1,2
    ,2,2,2,1),(-2.094395102393,0.,2.094395102393,4.188790204786,
6.28318530718,8.377580409573),.UNSPECIFIED.) CURVE() 
GEOMETRIC_REPRESENTATION_ITEM() RATIONAL_B_SPLINE_CURVE((1.,0.5,1.,0.5,
1.,0.5,1.)) REPRESENTATION_ITEM('') );
#1557 = CARTESIAN_POINT('',(391.,13.35));
#1558 = CARTESIAN_POINT('',(393.68467875173,13.35));
#1559 = CARTESIAN_POINT('',(392.34233937586,11.025));
#1560 = CARTESIAN_POINT('',(391.,8.7));
#1561 = CARTESIAN_POINT('',(389.65766062413,11.025));
#1562 = CARTESIAN_POINT('',(388.31532124826,13.35));
#1563 = CARTESIAN_POINT('',(391.,13.35));
#1564 = ( GEOMETRIC_REPRESENTATION_CONTEXT(2) 
PARAMETRIC_REPRESENTATION_CONTEXT() REPRESENTATION_CONTEXT('2D SPACE',''
  ) );
#1565 = PCURVE('',#1566,#1571);
#1566 = CYLINDRICAL_SURFACE('',#1567,1.55);
#1567 = AXIS2_PLACEMENT_3D('',#1568,#1569,#1570);
#1568 = CARTESIAN_POINT('',(-255.7,471.,199.));
#1569 = DIRECTION('',(0.,-1.,0.));
#1570 = DIRECTION('',(1.,0.,0.));
#1571 = DEFINITIONAL_REPRESENTATION('',(#1572),#1576);
#1572 = LINE('',#1573,#1574);
#1573 = CARTESIAN_POINT('',(0.,2.));
#1574 = VECTOR('',#1575,1.);
#1575 = DIRECTION('',(1.,0.));
#1576 = ( GEOMETRIC_REPRESENTATION_CONTEXT(2) 
PARAMETRIC_REPRESENTATION_CONTEXT() REPRESENTATION_CONTEXT('2D SPACE',''
  ) );
#1577 = ADVANCED_FACE('',(#1578),#100,.T.);
#1578 = FACE_BOUND('',#1579,.T.);
#1579 = EDGE_LOOP('',(#1580,#1581,#1582,#1605,#1628,#1651,#1674,#1697));
#1580 = ORIENTED_EDGE('',*,*,#84,.F.);
#1581 = ORIENTED_EDGE('',*,*,#571,.T.);
#1582 = ORIENTED_EDGE('',*,*,#1583,.F.);
#1583 = EDGE_CURVE('',#1584,#549,#1586,.T.);
#1584 = VERTEX_POINT('',#1585);
#1585 = CARTESIAN_POINT('',(-242.7,495.,182.4));
#1586 = SURFACE_CURVE('',#1587,(#1591,#1598),.PCURVE_S1.);
#1587 = LINE('',#1588,#1589);
#1588 = CARTESIAN_POINT('',(-242.7,495.,177.5));
#1589 = VECTOR('',#1590,1.);
#1590 = DIRECTION('',(0.,0.,1.));
#1591 = PCURVE('',#100,#1592);
#1592 = DEFINITIONAL_REPRESENTATION('',(#1593),#1597);
#1593 = LINE('',#1594,#1595);
#1594 = CARTESIAN_POINT('',(359.9,9.8));
#1595 = VECTOR('',#1596,1.);
#1596 = DIRECTION('',(1.,0.));
#1597 = ( GEOMETRIC_REPRESENTATION_CONTEXT(2) 
PARAMETRIC_REPRESENTATION_CONTEXT() REPRESENTATION_CONTEXT('2D SPACE',''
  ) );
#1598 = PCURVE('',#397,#1599);
#1599 = DEFINITIONAL_REPRESENTATION('',(#1600),#1604);
#1600 = LINE('',#1601,#1602);
#1601 = CARTESIAN_POINT('',(0.,-245.));
#1602 = VECTOR('',#1603,1.);
#1603 = DIRECTION('',(1.,0.));
#1604 = ( GEOMETRIC_REPRESENTATION_CONTEXT(2) 
PARAMETRIC_REPRESENTATION_CONTEXT() REPRESENTATION_CONTEXT('2D SPACE',''
  ) );
#1605 = ORIENTED_EDGE('',*,*,#1606,.T.);
#1606 = EDGE_CURVE('',#1584,#1607,#1609,.T.);
#1607 = VERTEX_POINT('',#1608);
#1608 = CARTESIAN_POINT('',(-232.5,495.,182.4));
#1609 = SURFACE_CURVE('',#1610,(#1614,#1621),.PCURVE_S1.);
#1610 = LINE('',#1611,#1612);
#1611 = CARTESIAN_POINT('',(-252.5,495.,182.4));
#1612 = VECTOR('',#1613,1.);
#1613 = DIRECTION('',(1.,0.,-0.));
#1614 = PCURVE('',#100,#1615);
#1615 = DEFINITIONAL_REPRESENTATION('',(#1616),#1620);
#1616 = LINE('',#1617,#1618);
#1617 = CARTESIAN_POINT('',(364.8,0.));
#1618 = VECTOR('',#1619,1.);
#1619 = DIRECTION('',(0.,1.));
#1620 = ( GEOMETRIC_REPRESENTATION_CONTEXT(2) 
PARAMETRIC_REPRESENTATION_CONTEXT() REPRESENTATION_CONTEXT('2D SPACE',''
  ) );
#1621 = PCURVE('',#425,#1622);
#1622 = DEFINITIONAL_REPRESENTATION('',(#1623),#1627);
#1623 = LINE('',#1624,#1625);
#1624 = CARTESIAN_POINT('',(0.,245.));
#1625 = VECTOR('',#1626,1.);
#1626 = DIRECTION('',(1.,0.));
#1627 = ( GEOMETRIC_REPRESENTATION_CONTEXT(2) 
PARAMETRIC_REPRESENTATION_CONTEXT() REPRESENTATION_CONTEXT('2D SPACE',''
  ) );
#1628 = ORIENTED_EDGE('',*,*,#1629,.F.);
#1629 = EDGE_CURVE('',#1630,#1607,#1632,.T.);
#1630 = VERTEX_POINT('',#1631);
#1631 = CARTESIAN_POINT('',(-232.5,495.,-182.4));
#1632 = SURFACE_CURVE('',#1633,(#1637,#1644),.PCURVE_S1.);
#1633 = LINE('',#1634,#1635);
#1634 = CARTESIAN_POINT('',(-232.5,495.,-182.4));
#1635 = VECTOR('',#1636,1.);
#1636 = DIRECTION('',(0.,0.,1.));
#1637 = PCURVE('',#100,#1638);
#1638 = DEFINITIONAL_REPRESENTATION('',(#1639),#1643);
#1639 = LINE('',#1640,#1641);
#1640 = CARTESIAN_POINT('',(0.,20.));
#1641 = VECTOR('',#1642,1.);
#1642 = DIRECTION('',(1.,0.));
#1643 = ( GEOMETRIC_REPRESENTATION_CONTEXT(2) 
PARAMETRIC_REPRESENTATION_CONTEXT() REPRESENTATION_CONTEXT('2D SPACE',''
  ) );
#1644 = PCURVE('',#453,#1645);
#1645 = DEFINITIONAL_REPRESENTATION('',(#1646),#1650);
#1646 = LINE('',#1647,#1648);
#1647 = CARTESIAN_POINT('',(0.,-245.));
#1648 = VECTOR('',#1649,1.);
#1649 = DIRECTION('',(1.,0.));
#1650 = ( GEOMETRIC_REPRESENTATION_CONTEXT(2) 
PARAMETRIC_REPRESENTATION_CONTEXT() REPRESENTATION_CONTEXT('2D SPACE',''
  ) );
#1651 = ORIENTED_EDGE('',*,*,#1652,.F.);
#1652 = EDGE_CURVE('',#1653,#1630,#1655,.T.);
#1653 = VERTEX_POINT('',#1654);
#1654 = CARTESIAN_POINT('',(-242.7,495.,-182.4));
#1655 = SURFACE_CURVE('',#1656,(#1660,#1667),.PCURVE_S1.);
#1656 = LINE('',#1657,#1658);
#1657 = CARTESIAN_POINT('',(-252.5,495.,-182.4));
#1658 = VECTOR('',#1659,1.);
#1659 = DIRECTION('',(1.,0.,-0.));
#1660 = PCURVE('',#100,#1661);
#1661 = DEFINITIONAL_REPRESENTATION('',(#1662),#1666);
#1662 = LINE('',#1663,#1664);
#1663 = CARTESIAN_POINT('',(0.,0.));
#1664 = VECTOR('',#1665,1.);
#1665 = DIRECTION('',(0.,1.));
#1666 = ( GEOMETRIC_REPRESENTATION_CONTEXT(2) 
PARAMETRIC_REPRESENTATION_CONTEXT() REPRESENTATION_CONTEXT('2D SPACE',''
  ) );
#1667 = PCURVE('',#481,#1668);
#1668 = DEFINITIONAL_REPRESENTATION('',(#1669),#1673);
#1669 = LINE('',#1670,#1671);
#1670 = CARTESIAN_POINT('',(0.,245.));
#1671 = VECTOR('',#1672,1.);
#1672 = DIRECTION('',(1.,0.));
#1673 = ( GEOMETRIC_REPRESENTATION_CONTEXT(2) 
PARAMETRIC_REPRESENTATION_CONTEXT() REPRESENTATION_CONTEXT('2D SPACE',''
  ) );
#1674 = ORIENTED_EDGE('',*,*,#1675,.F.);
#1675 = EDGE_CURVE('',#1676,#1653,#1678,.T.);
#1676 = VERTEX_POINT('',#1677);
#1677 = CARTESIAN_POINT('',(-242.7,495.,-192.3));
#1678 = SURFACE_CURVE('',#1679,(#1683,#1690),.PCURVE_S1.);
#1679 = LINE('',#1680,#1681);
#1680 = CARTESIAN_POINT('',(-242.7,495.,-192.3));
#1681 = VECTOR('',#1682,1.);
#1682 = DIRECTION('',(0.,0.,1.));
#1683 = PCURVE('',#100,#1684);
#1684 = DEFINITIONAL_REPRESENTATION('',(#1685),#1689);
#1685 = LINE('',#1686,#1687);
#1686 = CARTESIAN_POINT('',(-9.9,9.8));
#1687 = VECTOR('',#1688,1.);
#1688 = DIRECTION('',(1.,0.));
#1689 = ( GEOMETRIC_REPRESENTATION_CONTEXT(2) 
PARAMETRIC_REPRESENTATION_CONTEXT() REPRESENTATION_CONTEXT('2D SPACE',''
  ) );
#1690 = PCURVE('',#509,#1691);
#1691 = DEFINITIONAL_REPRESENTATION('',(#1692),#1696);
#1692 = LINE('',#1693,#1694);
#1693 = CARTESIAN_POINT('',(0.,-245.));
#1694 = VECTOR('',#1695,1.);
#1695 = DIRECTION('',(1.,0.));
#1696 = ( GEOMETRIC_REPRESENTATION_CONTEXT(2) 
PARAMETRIC_REPRESENTATION_CONTEXT() REPRESENTATION_CONTEXT('2D SPACE',''
  ) );
#1697 = ORIENTED_EDGE('',*,*,#1698,.F.);
#1698 = EDGE_CURVE('',#57,#1676,#1699,.T.);
#1699 = SURFACE_CURVE('',#1700,(#1704,#1711),.PCURVE_S1.);
#1700 = LINE('',#1701,#1702);
#1701 = CARTESIAN_POINT('',(-252.5,495.,-192.3));
#1702 = VECTOR('',#1703,1.);
#1703 = DIRECTION('',(1.,0.,-0.));
#1704 = PCURVE('',#100,#1705);
#1705 = DEFINITIONAL_REPRESENTATION('',(#1706),#1710);
#1706 = LINE('',#1707,#1708);
#1707 = CARTESIAN_POINT('',(-9.9,0.));
#1708 = VECTOR('',#1709,1.);
#1709 = DIRECTION('',(0.,1.));
#1710 = ( GEOMETRIC_REPRESENTATION_CONTEXT(2) 
PARAMETRIC_REPRESENTATION_CONTEXT() REPRESENTATION_CONTEXT('2D SPACE',''
  ) );
#1711 = PCURVE('',#72,#1712);
#1712 = DEFINITIONAL_REPRESENTATION('',(#1713),#1717);
#1713 = LINE('',#1714,#1715);
#1714 = CARTESIAN_POINT('',(0.,245.));
#1715 = VECTOR('',#1716,1.);
#1716 = DIRECTION('',(1.,0.));
#1717 = ( GEOMETRIC_REPRESENTATION_CONTEXT(2) 
PARAMETRIC_REPRESENTATION_CONTEXT() REPRESENTATION_CONTEXT('2D SPACE',''
  ) );
#1718 = ADVANCED_FACE('',(#1719),#72,.F.);
#1719 = FACE_BOUND('',#1720,.F.);
#1720 = EDGE_LOOP('',(#1721,#1722,#1723,#1744));
#1721 = ORIENTED_EDGE('',*,*,#56,.F.);
#1722 = ORIENTED_EDGE('',*,*,#521,.T.);
#1723 = ORIENTED_EDGE('',*,*,#1724,.T.);
#1724 = EDGE_CURVE('',#494,#1676,#1725,.T.);
#1725 = SURFACE_CURVE('',#1726,(#1730,#1737),.PCURVE_S1.);
#1726 = LINE('',#1727,#1728);
#1727 = CARTESIAN_POINT('',(-242.7,250.,-192.3));
#1728 = VECTOR('',#1729,1.);
#1729 = DIRECTION('',(-0.,1.,0.));
#1730 = PCURVE('',#72,#1731);
#1731 = DEFINITIONAL_REPRESENTATION('',(#1732),#1736);
#1732 = LINE('',#1733,#1734);
#1733 = CARTESIAN_POINT('',(9.8,0.));
#1734 = VECTOR('',#1735,1.);
#1735 = DIRECTION('',(0.,1.));
#1736 = ( GEOMETRIC_REPRESENTATION_CONTEXT(2) 
PARAMETRIC_REPRESENTATION_CONTEXT() REPRESENTATION_CONTEXT('2D SPACE',''
  ) );
#1737 = PCURVE('',#509,#1738);
#1738 = DEFINITIONAL_REPRESENTATION('',(#1739),#1743);
#1739 = LINE('',#1740,#1741);
#1740 = CARTESIAN_POINT('',(0.,0.));
#1741 = VECTOR('',#1742,1.);
#1742 = DIRECTION('',(0.,-1.));
#1743 = ( GEOMETRIC_REPRESENTATION_CONTEXT(2) 
PARAMETRIC_REPRESENTATION_CONTEXT() REPRESENTATION_CONTEXT('2D SPACE',''
  ) );
#1744 = ORIENTED_EDGE('',*,*,#1698,.F.);
#1745 = ADVANCED_FACE('',(#1746),#397,.T.);
#1746 = FACE_BOUND('',#1747,.T.);
#1747 = EDGE_LOOP('',(#1748,#1749,#1768,#1769));
#1748 = ORIENTED_EDGE('',*,*,#381,.F.);
#1749 = ORIENTED_EDGE('',*,*,#1750,.T.);
#1750 = EDGE_CURVE('',#382,#1584,#1751,.T.);
#1751 = SURFACE_CURVE('',#1752,(#1756,#1762),.PCURVE_S1.);
#1752 = LINE('',#1753,#1754);
#1753 = CARTESIAN_POINT('',(-242.7,250.,182.4));
#1754 = VECTOR('',#1755,1.);
#1755 = DIRECTION('',(-0.,1.,0.));
#1756 = PCURVE('',#397,#1757);
#1757 = DEFINITIONAL_REPRESENTATION('',(#1758),#1761);
#1758 = B_SPLINE_CURVE_WITH_KNOTS('',1,(#1759,#1760),.UNSPECIFIED.,.F.,
  .F.,(2,2),(0.,245.),.PIECEWISE_BEZIER_KNOTS.);
#1759 = CARTESIAN_POINT('',(4.9,0.));
#1760 = CARTESIAN_POINT('',(4.9,-245.));
#1761 = ( GEOMETRIC_REPRESENTATION_CONTEXT(2) 
PARAMETRIC_REPRESENTATION_CONTEXT() REPRESENTATION_CONTEXT('2D SPACE',''
  ) );
#1762 = PCURVE('',#425,#1763);
#1763 = DEFINITIONAL_REPRESENTATION('',(#1764),#1767);
#1764 = B_SPLINE_CURVE_WITH_KNOTS('',1,(#1765,#1766),.UNSPECIFIED.,.F.,
  .F.,(2,2),(0.,245.),.PIECEWISE_BEZIER_KNOTS.);
#1765 = CARTESIAN_POINT('',(9.8,0.));
#1766 = CARTESIAN_POINT('',(9.8,245.));
#1767 = ( GEOMETRIC_REPRESENTATION_CONTEXT(2) 
PARAMETRIC_REPRESENTATION_CONTEXT() REPRESENTATION_CONTEXT('2D SPACE',''
  ) );
#1768 = ORIENTED_EDGE('',*,*,#1583,.T.);
#1769 = ORIENTED_EDGE('',*,*,#548,.F.);
#1770 = ADVANCED_FACE('',(#1771),#425,.T.);
#1771 = FACE_BOUND('',#1772,.T.);
#1772 = EDGE_LOOP('',(#1773,#1774,#1775,#1776));
#1773 = ORIENTED_EDGE('',*,*,#1606,.F.);
#1774 = ORIENTED_EDGE('',*,*,#1750,.F.);
#1775 = ORIENTED_EDGE('',*,*,#409,.T.);
#1776 = ORIENTED_EDGE('',*,*,#1777,.T.);
#1777 = EDGE_CURVE('',#410,#1607,#1778,.T.);
#1778 = SURFACE_CURVE('',#1779,(#1783,#1790),.PCURVE_S1.);
#1779 = LINE('',#1780,#1781);
#1780 = CARTESIAN_POINT('',(-232.5,250.,182.4));
#1781 = VECTOR('',#1782,1.);
#1782 = DIRECTION('',(-0.,1.,0.));
#1783 = PCURVE('',#425,#1784);
#1784 = DEFINITIONAL_REPRESENTATION('',(#1785),#1789);
#1785 = LINE('',#1786,#1787);
#1786 = CARTESIAN_POINT('',(20.,0.));
#1787 = VECTOR('',#1788,1.);
#1788 = DIRECTION('',(0.,1.));
#1789 = ( GEOMETRIC_REPRESENTATION_CONTEXT(2) 
PARAMETRIC_REPRESENTATION_CONTEXT() REPRESENTATION_CONTEXT('2D SPACE',''
  ) );
#1790 = PCURVE('',#453,#1791);
#1791 = DEFINITIONAL_REPRESENTATION('',(#1792),#1796);
#1792 = LINE('',#1793,#1794);
#1793 = CARTESIAN_POINT('',(364.8,0.));
#1794 = VECTOR('',#1795,1.);
#1795 = DIRECTION('',(0.,-1.));
#1796 = ( GEOMETRIC_REPRESENTATION_CONTEXT(2) 
PARAMETRIC_REPRESENTATION_CONTEXT() REPRESENTATION_CONTEXT('2D SPACE',''
  ) );
#1797 = ADVANCED_FACE('',(#1798,#1824),#453,.T.);
#1798 = FACE_BOUND('',#1799,.T.);
#1799 = EDGE_LOOP('',(#1800,#1801,#1822,#1823));
#1800 = ORIENTED_EDGE('',*,*,#437,.F.);
#1801 = ORIENTED_EDGE('',*,*,#1802,.T.);
#1802 = EDGE_CURVE('',#438,#1630,#1803,.T.);
#1803 = SURFACE_CURVE('',#1804,(#1808,#1815),.PCURVE_S1.);
#1804 = LINE('',#1805,#1806);
#1805 = CARTESIAN_POINT('',(-232.5,250.,-182.4));
#1806 = VECTOR('',#1807,1.);
#1807 = DIRECTION('',(-0.,1.,0.));
#1808 = PCURVE('',#453,#1809);
#1809 = DEFINITIONAL_REPRESENTATION('',(#1810),#1814);
#1810 = LINE('',#1811,#1812);
#1811 = CARTESIAN_POINT('',(0.,0.));
#1812 = VECTOR('',#1813,1.);
#1813 = DIRECTION('',(0.,-1.));
#1814 = ( GEOMETRIC_REPRESENTATION_CONTEXT(2) 
PARAMETRIC_REPRESENTATION_CONTEXT() REPRESENTATION_CONTEXT('2D SPACE',''
  ) );
#1815 = PCURVE('',#481,#1816);
#1816 = DEFINITIONAL_REPRESENTATION('',(#1817),#1821);
#1817 = LINE('',#1818,#1819);
#1818 = CARTESIAN_POINT('',(20.,0.));
#1819 = VECTOR('',#1820,1.);
#1820 = DIRECTION('',(0.,1.));
#1821 = ( GEOMETRIC_REPRESENTATION_CONTEXT(2) 
PARAMETRIC_REPRESENTATION_CONTEXT() REPRESENTATION_CONTEXT('2D SPACE',''
  ) );
#1822 = ORIENTED_EDGE('',*,*,#1629,.T.);
#1823 = ORIENTED_EDGE('',*,*,#1777,.F.);
#1824 = FACE_BOUND('',#1825,.T.);
#1825 = EDGE_LOOP('',(#1826,#1827,#1828,#1847));
#1826 = ORIENTED_EDGE('',*,*,#1127,.T.);
#1827 = ORIENTED_EDGE('',*,*,#1055,.T.);
#1828 = ORIENTED_EDGE('',*,*,#1829,.F.);
#1829 = EDGE_CURVE('',#1272,#1028,#1830,.T.);
#1830 = SURFACE_CURVE('',#1831,(#1835,#1841),.PCURVE_S1.);
#1831 = LINE('',#1832,#1833);
#1832 = CARTESIAN_POINT('',(-232.5,271.5,42.));
#1833 = VECTOR('',#1834,1.);
#1834 = DIRECTION('',(0.,-1.,0.));
#1835 = PCURVE('',#453,#1836);
#1836 = DEFINITIONAL_REPRESENTATION('',(#1837),#1840);
#1837 = B_SPLINE_CURVE_WITH_KNOTS('',1,(#1838,#1839),.UNSPECIFIED.,.F.,
  .F.,(2,2),(-185.5,-21.5),.PIECEWISE_BEZIER_KNOTS.);
#1838 = CARTESIAN_POINT('',(224.4,-207.));
#1839 = CARTESIAN_POINT('',(224.4,-43.));
#1840 = ( GEOMETRIC_REPRESENTATION_CONTEXT(2) 
PARAMETRIC_REPRESENTATION_CONTEXT() REPRESENTATION_CONTEXT('2D SPACE',''
  ) );
#1841 = PCURVE('',#1043,#1842);
#1842 = DEFINITIONAL_REPRESENTATION('',(#1843),#1846);
#1843 = B_SPLINE_CURVE_WITH_KNOTS('',1,(#1844,#1845),.UNSPECIFIED.,.F.,
  .F.,(2,2),(-185.5,-21.5),.PIECEWISE_BEZIER_KNOTS.);
#1844 = CARTESIAN_POINT('',(21.,164.));
#1845 = CARTESIAN_POINT('',(21.,0.));
#1846 = ( GEOMETRIC_REPRESENTATION_CONTEXT(2) 
PARAMETRIC_REPRESENTATION_CONTEXT() REPRESENTATION_CONTEXT('2D SPACE',''
  ) );
#1847 = ORIENTED_EDGE('',*,*,#1294,.F.);
#1848 = ADVANCED_FACE('',(#1849),#481,.F.);
#1849 = FACE_BOUND('',#1850,.F.);
#1850 = EDGE_LOOP('',(#1851,#1852,#1871,#1872));
#1851 = ORIENTED_EDGE('',*,*,#1652,.F.);
#1852 = ORIENTED_EDGE('',*,*,#1853,.F.);
#1853 = EDGE_CURVE('',#466,#1653,#1854,.T.);
#1854 = SURFACE_CURVE('',#1855,(#1859,#1865),.PCURVE_S1.);
#1855 = LINE('',#1856,#1857);
#1856 = CARTESIAN_POINT('',(-242.7,250.,-182.4));
#1857 = VECTOR('',#1858,1.);
#1858 = DIRECTION('',(-0.,1.,0.));
#1859 = PCURVE('',#481,#1860);
#1860 = DEFINITIONAL_REPRESENTATION('',(#1861),#1864);
#1861 = B_SPLINE_CURVE_WITH_KNOTS('',1,(#1862,#1863),.UNSPECIFIED.,.F.,
  .F.,(2,2),(0.,245.),.PIECEWISE_BEZIER_KNOTS.);
#1862 = CARTESIAN_POINT('',(9.8,0.));
#1863 = CARTESIAN_POINT('',(9.8,245.));
#1864 = ( GEOMETRIC_REPRESENTATION_CONTEXT(2) 
PARAMETRIC_REPRESENTATION_CONTEXT() REPRESENTATION_CONTEXT('2D SPACE',''
  ) );
#1865 = PCURVE('',#509,#1866);
#1866 = DEFINITIONAL_REPRESENTATION('',(#1867),#1870);
#1867 = B_SPLINE_CURVE_WITH_KNOTS('',1,(#1868,#1869),.UNSPECIFIED.,.F.,
  .F.,(2,2),(0.,245.),.PIECEWISE_BEZIER_KNOTS.);
#1868 = CARTESIAN_POINT('',(9.9,0.));
#1869 = CARTESIAN_POINT('',(9.9,-245.));
#1870 = ( GEOMETRIC_REPRESENTATION_CONTEXT(2) 
PARAMETRIC_REPRESENTATION_CONTEXT() REPRESENTATION_CONTEXT('2D SPACE',''
  ) );
#1871 = ORIENTED_EDGE('',*,*,#465,.T.);
#1872 = ORIENTED_EDGE('',*,*,#1802,.T.);
#1873 = ADVANCED_FACE('',(#1874),#509,.T.);
#1874 = FACE_BOUND('',#1875,.T.);
#1875 = EDGE_LOOP('',(#1876,#1877,#1878,#1879));
#1876 = ORIENTED_EDGE('',*,*,#493,.F.);
#1877 = ORIENTED_EDGE('',*,*,#1724,.T.);
#1878 = ORIENTED_EDGE('',*,*,#1675,.T.);
#1879 = ORIENTED_EDGE('',*,*,#1853,.F.);
#1880 = ADVANCED_FACE('',(#1881),#663,.T.);
#1881 = FACE_BOUND('',#1882,.T.);
#1882 = EDGE_LOOP('',(#1883,#1884,#1885,#1886));
#1883 = ORIENTED_EDGE('',*,*,#757,.F.);
#1884 = ORIENTED_EDGE('',*,*,#649,.T.);
#1885 = ORIENTED_EDGE('',*,*,#983,.T.);
#1886 = ORIENTED_EDGE('',*,*,#1887,.F.);
#1887 = EDGE_CURVE('',#730,#961,#1888,.T.);
#1888 = SURFACE_CURVE('',#1889,(#1893,#1900),.PCURVE_S1.);
#1889 = LINE('',#1890,#1891);
#1890 = CARTESIAN_POINT('',(-252.5,281.,202.));
#1891 = VECTOR('',#1892,1.);
#1892 = DIRECTION('',(-0.,1.,0.));
#1893 = PCURVE('',#663,#1894);
#1894 = DEFINITIONAL_REPRESENTATION('',(#1895),#1899);
#1895 = LINE('',#1896,#1897);
#1896 = CARTESIAN_POINT('',(394.,0.));
#1897 = VECTOR('',#1898,1.);
#1898 = DIRECTION('',(0.,-1.));
#1899 = ( GEOMETRIC_REPRESENTATION_CONTEXT(2) 
PARAMETRIC_REPRESENTATION_CONTEXT() REPRESENTATION_CONTEXT('2D SPACE',''
  ) );
#1900 = PCURVE('',#745,#1901);
#1901 = DEFINITIONAL_REPRESENTATION('',(#1902),#1906);
#1902 = LINE('',#1903,#1904);
#1903 = CARTESIAN_POINT('',(15.,0.));
#1904 = VECTOR('',#1905,1.);
#1905 = DIRECTION('',(0.,1.));
#1906 = ( GEOMETRIC_REPRESENTATION_CONTEXT(2) 
PARAMETRIC_REPRESENTATION_CONTEXT() REPRESENTATION_CONTEXT('2D SPACE',''
  ) );
#1907 = ADVANCED_FACE('',(#1908),#637,.F.);
#1908 = FACE_BOUND('',#1909,.F.);
#1909 = EDGE_LOOP('',(#1910,#1911,#1912,#1913));
#1910 = ORIENTED_EDGE('',*,*,#1248,.T.);
#1911 = ORIENTED_EDGE('',*,*,#621,.F.);
#1912 = ORIENTED_EDGE('',*,*,#1004,.F.);
#1913 = ORIENTED_EDGE('',*,*,#1914,.F.);
#1914 = EDGE_CURVE('',#1249,#1005,#1915,.T.);
#1915 = SURFACE_CURVE('',#1916,(#1920,#1926),.PCURVE_S1.);
#1916 = LINE('',#1917,#1918);
#1917 = CARTESIAN_POINT('',(-252.5,271.5,42.));
#1918 = VECTOR('',#1919,1.);
#1919 = DIRECTION('',(0.,-1.,0.));
#1920 = PCURVE('',#637,#1921);
#1921 = DEFINITIONAL_REPRESENTATION('',(#1922),#1925);
#1922 = B_SPLINE_CURVE_WITH_KNOTS('',1,(#1923,#1924),.UNSPECIFIED.,.F.,
  .F.,(2,2),(-185.5,-21.5),.PIECEWISE_BEZIER_KNOTS.);
#1923 = CARTESIAN_POINT('',(224.4,-207.));
#1924 = CARTESIAN_POINT('',(224.4,-43.));
#1925 = ( GEOMETRIC_REPRESENTATION_CONTEXT(2) 
PARAMETRIC_REPRESENTATION_CONTEXT() REPRESENTATION_CONTEXT('2D SPACE',''
  ) );
#1926 = PCURVE('',#1043,#1927);
#1927 = DEFINITIONAL_REPRESENTATION('',(#1928),#1931);
#1928 = B_SPLINE_CURVE_WITH_KNOTS('',1,(#1929,#1930),.UNSPECIFIED.,.F.,
  .F.,(2,2),(-185.5,-21.5),.PIECEWISE_BEZIER_KNOTS.);
#1929 = CARTESIAN_POINT('',(1.,164.));
#1930 = CARTESIAN_POINT('',(1.,0.));
#1931 = ( GEOMETRIC_REPRESENTATION_CONTEXT(2) 
PARAMETRIC_REPRESENTATION_CONTEXT() REPRESENTATION_CONTEXT('2D SPACE',''
  ) );
#1932 = ADVANCED_FACE('',(#1933),#609,.T.);
#1933 = FACE_BOUND('',#1934,.T.);
#1934 = EDGE_LOOP('',(#1935,#1936,#1937,#1958));
#1935 = ORIENTED_EDGE('',*,*,#593,.T.);
#1936 = ORIENTED_EDGE('',*,*,#1521,.T.);
#1937 = ORIENTED_EDGE('',*,*,#1938,.F.);
#1938 = EDGE_CURVE('',#1200,#1499,#1939,.T.);
#1939 = SURFACE_CURVE('',#1940,(#1944,#1951),.PCURVE_S1.);
#1940 = LINE('',#1941,#1942);
#1941 = CARTESIAN_POINT('',(-252.5,457.,202.));
#1942 = VECTOR('',#1943,1.);
#1943 = DIRECTION('',(-0.,1.,0.));
#1944 = PCURVE('',#609,#1945);
#1945 = DEFINITIONAL_REPRESENTATION('',(#1946),#1950);
#1946 = LINE('',#1947,#1948);
#1947 = CARTESIAN_POINT('',(394.,0.));
#1948 = VECTOR('',#1949,1.);
#1949 = DIRECTION('',(0.,-1.));
#1950 = ( GEOMETRIC_REPRESENTATION_CONTEXT(2) 
PARAMETRIC_REPRESENTATION_CONTEXT() REPRESENTATION_CONTEXT('2D SPACE',''
  ) );
#1951 = PCURVE('',#1215,#1952);
#1952 = DEFINITIONAL_REPRESENTATION('',(#1953),#1957);
#1953 = LINE('',#1954,#1955);
#1954 = CARTESIAN_POINT('',(15.,0.));
#1955 = VECTOR('',#1956,1.);
#1956 = DIRECTION('',(0.,1.));
#1957 = ( GEOMETRIC_REPRESENTATION_CONTEXT(2) 
PARAMETRIC_REPRESENTATION_CONTEXT() REPRESENTATION_CONTEXT('2D SPACE',''
  ) );
#1958 = ORIENTED_EDGE('',*,*,#1227,.F.);
#1959 = ADVANCED_FACE('',(#1960),#745,.T.);
#1960 = FACE_BOUND('',#1961,.T.);
#1961 = EDGE_LOOP('',(#1962,#1987,#2008,#2009,#2010,#2011,#2032,#2053));
#1962 = ORIENTED_EDGE('',*,*,#1963,.F.);
#1963 = EDGE_CURVE('',#1964,#1966,#1968,.T.);
#1964 = VERTEX_POINT('',#1965);
#1965 = CARTESIAN_POINT('',(-267.5,293.,202.));
#1966 = VERTEX_POINT('',#1967);
#1967 = CARTESIAN_POINT('',(-257.4,293.,202.));
#1968 = SURFACE_CURVE('',#1969,(#1973,#1980),.PCURVE_S1.);
#1969 = LINE('',#1970,#1971);
#1970 = CARTESIAN_POINT('',(-267.5,293.,202.));
#1971 = VECTOR('',#1972,1.);
#1972 = DIRECTION('',(1.,0.,-0.));
#1973 = PCURVE('',#745,#1974);
#1974 = DEFINITIONAL_REPRESENTATION('',(#1975),#1979);
#1975 = LINE('',#1976,#1977);
#1976 = CARTESIAN_POINT('',(0.,12.));
#1977 = VECTOR('',#1978,1.);
#1978 = DIRECTION('',(1.,0.));
#1979 = ( GEOMETRIC_REPRESENTATION_CONTEXT(2) 
PARAMETRIC_REPRESENTATION_CONTEXT() REPRESENTATION_CONTEXT('2D SPACE',''
  ) );
#1980 = PCURVE('',#800,#1981);
#1981 = DEFINITIONAL_REPRESENTATION('',(#1982),#1986);
#1982 = LINE('',#1983,#1984);
#1983 = CARTESIAN_POINT('',(394.,0.));
#1984 = VECTOR('',#1985,1.);
#1985 = DIRECTION('',(0.,1.));
#1986 = ( GEOMETRIC_REPRESENTATION_CONTEXT(2) 
PARAMETRIC_REPRESENTATION_CONTEXT() REPRESENTATION_CONTEXT('2D SPACE',''
  ) );
#1987 = ORIENTED_EDGE('',*,*,#1988,.F.);
#1988 = EDGE_CURVE('',#702,#1964,#1989,.T.);
#1989 = SURFACE_CURVE('',#1990,(#1994,#2001),.PCURVE_S1.);
#1990 = LINE('',#1991,#1992);
#1991 = CARTESIAN_POINT('',(-267.5,281.,202.));
#1992 = VECTOR('',#1993,1.);
#1993 = DIRECTION('',(-0.,1.,0.));
#1994 = PCURVE('',#745,#1995);
#1995 = DEFINITIONAL_REPRESENTATION('',(#1996),#2000);
#1996 = LINE('',#1997,#1998);
#1997 = CARTESIAN_POINT('',(0.,0.));
#1998 = VECTOR('',#1999,1.);
#1999 = DIRECTION('',(0.,1.));
#2000 = ( GEOMETRIC_REPRESENTATION_CONTEXT(2) 
PARAMETRIC_REPRESENTATION_CONTEXT() REPRESENTATION_CONTEXT('2D SPACE',''
  ) );
#2001 = PCURVE('',#717,#2002);
#2002 = DEFINITIONAL_REPRESENTATION('',(#2003),#2007);
#2003 = LINE('',#2004,#2005);
#2004 = CARTESIAN_POINT('',(394.,0.));
#2005 = VECTOR('',#2006,1.);
#2006 = DIRECTION('',(0.,-1.));
#2007 = ( GEOMETRIC_REPRESENTATION_CONTEXT(2) 
PARAMETRIC_REPRESENTATION_CONTEXT() REPRESENTATION_CONTEXT('2D SPACE',''
  ) );
#2008 = ORIENTED_EDGE('',*,*,#729,.T.);
#2009 = ORIENTED_EDGE('',*,*,#1887,.T.);
#2010 = ORIENTED_EDGE('',*,*,#960,.F.);
#2011 = ORIENTED_EDGE('',*,*,#2012,.F.);
#2012 = EDGE_CURVE('',#2013,#939,#2015,.T.);
#2013 = VERTEX_POINT('',#2014);
#2014 = CARTESIAN_POINT('',(-254.,286.95,202.));
#2015 = SURFACE_CURVE('',#2016,(#2020,#2026),.PCURVE_S1.);
#2016 = LINE('',#2017,#2018);
#2017 = CARTESIAN_POINT('',(-254.,283.975,202.));
#2018 = VECTOR('',#2019,1.);
#2019 = DIRECTION('',(-0.,1.,0.));
#2020 = PCURVE('',#745,#2021);
#2021 = DEFINITIONAL_REPRESENTATION('',(#2022),#2025);
#2022 = B_SPLINE_CURVE_WITH_KNOTS('',1,(#2023,#2024),.UNSPECIFIED.,.F.,
  .F.,(2,2),(2.975,9.025),.PIECEWISE_BEZIER_KNOTS.);
#2023 = CARTESIAN_POINT('',(13.5,5.95));
#2024 = CARTESIAN_POINT('',(13.5,12.));
#2025 = ( GEOMETRIC_REPRESENTATION_CONTEXT(2) 
PARAMETRIC_REPRESENTATION_CONTEXT() REPRESENTATION_CONTEXT('2D SPACE',''
  ) );
#2026 = PCURVE('',#873,#2027);
#2027 = DEFINITIONAL_REPRESENTATION('',(#2028),#2031);
#2028 = B_SPLINE_CURVE_WITH_KNOTS('',1,(#2029,#2030),.UNSPECIFIED.,.F.,
  .F.,(2,2),(2.975,9.025),.PIECEWISE_BEZIER_KNOTS.);
#2029 = CARTESIAN_POINT('',(395.,0.));
#2030 = CARTESIAN_POINT('',(395.,-6.05));
#2031 = ( GEOMETRIC_REPRESENTATION_CONTEXT(2) 
PARAMETRIC_REPRESENTATION_CONTEXT() REPRESENTATION_CONTEXT('2D SPACE',''
  ) );
#2032 = ORIENTED_EDGE('',*,*,#2033,.T.);
#2033 = EDGE_CURVE('',#2013,#2034,#2036,.T.);
#2034 = VERTEX_POINT('',#2035);
#2035 = CARTESIAN_POINT('',(-257.4,286.95,202.));
#2036 = SURFACE_CURVE('',#2037,(#2041,#2047),.PCURVE_S1.);
#2037 = LINE('',#2038,#2039);
#2038 = CARTESIAN_POINT('',(-262.45,286.95,202.));
#2039 = VECTOR('',#2040,1.);
#2040 = DIRECTION('',(-1.,-0.,0.));
#2041 = PCURVE('',#745,#2042);
#2042 = DEFINITIONAL_REPRESENTATION('',(#2043),#2046);
#2043 = B_SPLINE_CURVE_WITH_KNOTS('',1,(#2044,#2045),.UNSPECIFIED.,.F.,
  .F.,(2,2),(-8.45,-5.05),.PIECEWISE_BEZIER_KNOTS.);
#2044 = CARTESIAN_POINT('',(13.5,5.95));
#2045 = CARTESIAN_POINT('',(10.1,5.95));
#2046 = ( GEOMETRIC_REPRESENTATION_CONTEXT(2) 
PARAMETRIC_REPRESENTATION_CONTEXT() REPRESENTATION_CONTEXT('2D SPACE',''
  ) );
#2047 = PCURVE('',#899,#2048);
#2048 = DEFINITIONAL_REPRESENTATION('',(#2049),#2052);
#2049 = B_SPLINE_CURVE_WITH_KNOTS('',1,(#2050,#2051),.UNSPECIFIED.,.F.,
  .F.,(2,2),(-8.45,-5.05),.PIECEWISE_BEZIER_KNOTS.);
#2050 = CARTESIAN_POINT('',(395.,3.4));
#2051 = CARTESIAN_POINT('',(395.,0.));
#2052 = ( GEOMETRIC_REPRESENTATION_CONTEXT(2) 
PARAMETRIC_REPRESENTATION_CONTEXT() REPRESENTATION_CONTEXT('2D SPACE',''
  ) );
#2053 = ORIENTED_EDGE('',*,*,#2054,.T.);
#2054 = EDGE_CURVE('',#2034,#1966,#2055,.T.);
#2055 = SURFACE_CURVE('',#2056,(#2060,#2066),.PCURVE_S1.);
#2056 = LINE('',#2057,#2058);
#2057 = CARTESIAN_POINT('',(-257.4,283.975,202.));
#2058 = VECTOR('',#2059,1.);
#2059 = DIRECTION('',(-0.,1.,0.));
#2060 = PCURVE('',#745,#2061);
#2061 = DEFINITIONAL_REPRESENTATION('',(#2062),#2065);
#2062 = B_SPLINE_CURVE_WITH_KNOTS('',1,(#2063,#2064),.UNSPECIFIED.,.F.,
  .F.,(2,2),(2.975,9.025),.PIECEWISE_BEZIER_KNOTS.);
#2063 = CARTESIAN_POINT('',(10.1,5.95));
#2064 = CARTESIAN_POINT('',(10.1,12.));
#2065 = ( GEOMETRIC_REPRESENTATION_CONTEXT(2) 
PARAMETRIC_REPRESENTATION_CONTEXT() REPRESENTATION_CONTEXT('2D SPACE',''
  ) );
#2066 = PCURVE('',#923,#2067);
#2067 = DEFINITIONAL_REPRESENTATION('',(#2068),#2071);
#2068 = B_SPLINE_CURVE_WITH_KNOTS('',1,(#2069,#2070),.UNSPECIFIED.,.F.,
  .F.,(2,2),(2.975,9.025),.PIECEWISE_BEZIER_KNOTS.);
#2069 = CARTESIAN_POINT('',(395.,0.));
#2070 = CARTESIAN_POINT('',(395.,-6.05));
#2071 = ( GEOMETRIC_REPRESENTATION_CONTEXT(2) 
PARAMETRIC_REPRESENTATION_CONTEXT() REPRESENTATION_CONTEXT('2D SPACE',''
  ) );
#2072 = ADVANCED_FACE('',(#2073),#717,.F.);
#2073 = FACE_BOUND('',#2074,.F.);
#2074 = EDGE_LOOP('',(#2075,#2076,#2077,#2098));
#2075 = ORIENTED_EDGE('',*,*,#701,.F.);
#2076 = ORIENTED_EDGE('',*,*,#812,.T.);
#2077 = ORIENTED_EDGE('',*,*,#2078,.T.);
#2078 = EDGE_CURVE('',#783,#1964,#2079,.T.);
#2079 = SURFACE_CURVE('',#2080,(#2084,#2091),.PCURVE_S1.);
#2080 = LINE('',#2081,#2082);
#2081 = CARTESIAN_POINT('',(-267.5,293.,-192.));
#2082 = VECTOR('',#2083,1.);
#2083 = DIRECTION('',(0.,0.,1.));
#2084 = PCURVE('',#717,#2085);
#2085 = DEFINITIONAL_REPRESENTATION('',(#2086),#2090);
#2086 = LINE('',#2087,#2088);
#2087 = CARTESIAN_POINT('',(0.,-12.));
#2088 = VECTOR('',#2089,1.);
#2089 = DIRECTION('',(1.,0.));
#2090 = ( GEOMETRIC_REPRESENTATION_CONTEXT(2) 
PARAMETRIC_REPRESENTATION_CONTEXT() REPRESENTATION_CONTEXT('2D SPACE',''
  ) );
#2091 = PCURVE('',#800,#2092);
#2092 = DEFINITIONAL_REPRESENTATION('',(#2093),#2097);
#2093 = LINE('',#2094,#2095);
#2094 = CARTESIAN_POINT('',(0.,0.));
#2095 = VECTOR('',#2096,1.);
#2096 = DIRECTION('',(1.,0.));
#2097 = ( GEOMETRIC_REPRESENTATION_CONTEXT(2) 
PARAMETRIC_REPRESENTATION_CONTEXT() REPRESENTATION_CONTEXT('2D SPACE',''
  ) );
#2098 = ORIENTED_EDGE('',*,*,#1988,.F.);
#2099 = ADVANCED_FACE('',(#2100),#800,.T.);
#2100 = FACE_BOUND('',#2101,.T.);
#2101 = EDGE_LOOP('',(#2102,#2103,#2104,#2105));
#2102 = ORIENTED_EDGE('',*,*,#782,.F.);
#2103 = ORIENTED_EDGE('',*,*,#2078,.T.);
#2104 = ORIENTED_EDGE('',*,*,#1963,.T.);
#2105 = ORIENTED_EDGE('',*,*,#2106,.T.);
#2106 = EDGE_CURVE('',#1966,#785,#2107,.T.);
#2107 = SURFACE_CURVE('',#2108,(#2112,#2118),.PCURVE_S1.);
#2108 = LINE('',#2109,#2110);
#2109 = CARTESIAN_POINT('',(-257.4,293.,-192.5));
#2110 = VECTOR('',#2111,1.);
#2111 = DIRECTION('',(-0.,0.,-1.));
#2112 = PCURVE('',#800,#2113);
#2113 = DEFINITIONAL_REPRESENTATION('',(#2114),#2117);
#2114 = B_SPLINE_CURVE_WITH_KNOTS('',1,(#2115,#2116),.UNSPECIFIED.,.F.,
  .F.,(2,2),(-394.5,-0.5),.PIECEWISE_BEZIER_KNOTS.);
#2115 = CARTESIAN_POINT('',(394.,10.1));
#2116 = CARTESIAN_POINT('',(0.,10.1));
#2117 = ( GEOMETRIC_REPRESENTATION_CONTEXT(2) 
PARAMETRIC_REPRESENTATION_CONTEXT() REPRESENTATION_CONTEXT('2D SPACE',''
  ) );
#2118 = PCURVE('',#923,#2119);
#2119 = DEFINITIONAL_REPRESENTATION('',(#2120),#2123);
#2120 = B_SPLINE_CURVE_WITH_KNOTS('',1,(#2121,#2122),.UNSPECIFIED.,.F.,
  .F.,(2,2),(-394.5,-0.5),.PIECEWISE_BEZIER_KNOTS.);
#2121 = CARTESIAN_POINT('',(395.,-6.05));
#2122 = CARTESIAN_POINT('',(1.,-6.05));
#2123 = ( GEOMETRIC_REPRESENTATION_CONTEXT(2) 
PARAMETRIC_REPRESENTATION_CONTEXT() REPRESENTATION_CONTEXT('2D SPACE',''
  ) );
#2124 = ADVANCED_FACE('',(#2125),#923,.T.);
#2125 = FACE_BOUND('',#2126,.T.);
#2126 = EDGE_LOOP('',(#2127,#2148,#2149,#2150));
#2127 = ORIENTED_EDGE('',*,*,#2128,.F.);
#2128 = EDGE_CURVE('',#885,#2034,#2129,.T.);
#2129 = SURFACE_CURVE('',#2130,(#2134,#2141),.PCURVE_S1.);
#2130 = LINE('',#2131,#2132);
#2131 = CARTESIAN_POINT('',(-257.4,286.95,-193.));
#2132 = VECTOR('',#2133,1.);
#2133 = DIRECTION('',(0.,0.,1.));
#2134 = PCURVE('',#923,#2135);
#2135 = DEFINITIONAL_REPRESENTATION('',(#2136),#2140);
#2136 = LINE('',#2137,#2138);
#2137 = CARTESIAN_POINT('',(0.,0.));
#2138 = VECTOR('',#2139,1.);
#2139 = DIRECTION('',(1.,0.));
#2140 = ( GEOMETRIC_REPRESENTATION_CONTEXT(2) 
PARAMETRIC_REPRESENTATION_CONTEXT() REPRESENTATION_CONTEXT('2D SPACE',''
  ) );
#2141 = PCURVE('',#899,#2142);
#2142 = DEFINITIONAL_REPRESENTATION('',(#2143),#2147);
#2143 = LINE('',#2144,#2145);
#2144 = CARTESIAN_POINT('',(0.,0.));
#2145 = VECTOR('',#2146,1.);
#2146 = DIRECTION('',(1.,0.));
#2147 = ( GEOMETRIC_REPRESENTATION_CONTEXT(2) 
PARAMETRIC_REPRESENTATION_CONTEXT() REPRESENTATION_CONTEXT('2D SPACE',''
  ) );
#2148 = ORIENTED_EDGE('',*,*,#910,.T.);
#2149 = ORIENTED_EDGE('',*,*,#2106,.F.);
#2150 = ORIENTED_EDGE('',*,*,#2054,.F.);
#2151 = ADVANCED_FACE('',(#2152),#899,.T.);
#2152 = FACE_BOUND('',#2153,.T.);
#2153 = EDGE_LOOP('',(#2154,#2175,#2176,#2177));
#2154 = ORIENTED_EDGE('',*,*,#2155,.F.);
#2155 = EDGE_CURVE('',#859,#2013,#2156,.T.);
#2156 = SURFACE_CURVE('',#2157,(#2161,#2168),.PCURVE_S1.);
#2157 = LINE('',#2158,#2159);
#2158 = CARTESIAN_POINT('',(-254.,286.95,-193.));
#2159 = VECTOR('',#2160,1.);
#2160 = DIRECTION('',(0.,0.,1.));
#2161 = PCURVE('',#899,#2162);
#2162 = DEFINITIONAL_REPRESENTATION('',(#2163),#2167);
#2163 = LINE('',#2164,#2165);
#2164 = CARTESIAN_POINT('',(0.,3.4));
#2165 = VECTOR('',#2166,1.);
#2166 = DIRECTION('',(1.,0.));
#2167 = ( GEOMETRIC_REPRESENTATION_CONTEXT(2) 
PARAMETRIC_REPRESENTATION_CONTEXT() REPRESENTATION_CONTEXT('2D SPACE',''
  ) );
#2168 = PCURVE('',#873,#2169);
#2169 = DEFINITIONAL_REPRESENTATION('',(#2170),#2174);
#2170 = LINE('',#2171,#2172);
#2171 = CARTESIAN_POINT('',(0.,0.));
#2172 = VECTOR('',#2173,1.);
#2173 = DIRECTION('',(1.,0.));
#2174 = ( GEOMETRIC_REPRESENTATION_CONTEXT(2) 
PARAMETRIC_REPRESENTATION_CONTEXT() REPRESENTATION_CONTEXT('2D SPACE',''
  ) );
#2175 = ORIENTED_EDGE('',*,*,#884,.T.);
#2176 = ORIENTED_EDGE('',*,*,#2128,.T.);
#2177 = ORIENTED_EDGE('',*,*,#2033,.F.);
#2178 = ADVANCED_FACE('',(#2179),#873,.F.);
#2179 = FACE_BOUND('',#2180,.F.);
#2180 = EDGE_LOOP('',(#2181,#2182,#2183,#2184));
#2181 = ORIENTED_EDGE('',*,*,#2155,.F.);
#2182 = ORIENTED_EDGE('',*,*,#858,.T.);
#2183 = ORIENTED_EDGE('',*,*,#938,.F.);
#2184 = ORIENTED_EDGE('',*,*,#2012,.F.);
#2185 = ADVANCED_FACE('',(#2186),#1043,.F.);
#2186 = FACE_BOUND('',#2187,.F.);
#2187 = EDGE_LOOP('',(#2188,#2189,#2190,#2191));
#2188 = ORIENTED_EDGE('',*,*,#1271,.F.);
#2189 = ORIENTED_EDGE('',*,*,#1914,.T.);
#2190 = ORIENTED_EDGE('',*,*,#1027,.T.);
#2191 = ORIENTED_EDGE('',*,*,#1829,.F.);
#2192 = ADVANCED_FACE('',(#2193),#1188,.F.);
#2193 = FACE_BOUND('',#2194,.F.);
#2194 = EDGE_LOOP('',(#2195,#2218,#2237,#2238));
#2195 = ORIENTED_EDGE('',*,*,#2196,.T.);
#2196 = EDGE_CURVE('',#1425,#2197,#2199,.T.);
#2197 = VERTEX_POINT('',#2198);
#2198 = CARTESIAN_POINT('',(-254.,463.05,202.));
#2199 = SURFACE_CURVE('',#2200,(#2204,#2211),.PCURVE_S1.);
#2200 = LINE('',#2201,#2202);
#2201 = CARTESIAN_POINT('',(-254.,463.05,-193.));
#2202 = VECTOR('',#2203,1.);
#2203 = DIRECTION('',(0.,0.,1.));
#2204 = PCURVE('',#1188,#2205);
#2205 = DEFINITIONAL_REPRESENTATION('',(#2206),#2210);
#2206 = LINE('',#2207,#2208);
#2207 = CARTESIAN_POINT('',(0.,-6.1));
#2208 = VECTOR('',#2209,1.);
#2209 = DIRECTION('',(1.,0.));
#2210 = ( GEOMETRIC_REPRESENTATION_CONTEXT(2) 
PARAMETRIC_REPRESENTATION_CONTEXT() REPRESENTATION_CONTEXT('2D SPACE',''
  ) );
#2211 = PCURVE('',#1439,#2212);
#2212 = DEFINITIONAL_REPRESENTATION('',(#2213),#2217);
#2213 = LINE('',#2214,#2215);
#2214 = CARTESIAN_POINT('',(0.,3.4));
#2215 = VECTOR('',#2216,1.);
#2216 = DIRECTION('',(1.,0.));
#2217 = ( GEOMETRIC_REPRESENTATION_CONTEXT(2) 
PARAMETRIC_REPRESENTATION_CONTEXT() REPRESENTATION_CONTEXT('2D SPACE',''
  ) );
#2218 = ORIENTED_EDGE('',*,*,#2219,.F.);
#2219 = EDGE_CURVE('',#1173,#2197,#2220,.T.);
#2220 = SURFACE_CURVE('',#2221,(#2225,#2231),.PCURVE_S1.);
#2221 = LINE('',#2222,#2223);
#2222 = CARTESIAN_POINT('',(-254.,456.975,202.));
#2223 = VECTOR('',#2224,1.);
#2224 = DIRECTION('',(-0.,1.,0.));
#2225 = PCURVE('',#1188,#2226);
#2226 = DEFINITIONAL_REPRESENTATION('',(#2227),#2230);
#2227 = B_SPLINE_CURVE_WITH_KNOTS('',1,(#2228,#2229),.UNSPECIFIED.,.F.,
  .F.,(2,2),(2.499999999998E-02,6.075),.PIECEWISE_BEZIER_KNOTS.);
#2228 = CARTESIAN_POINT('',(395.,-5.000000000001E-02));
#2229 = CARTESIAN_POINT('',(395.,-6.1));
#2230 = ( GEOMETRIC_REPRESENTATION_CONTEXT(2) 
PARAMETRIC_REPRESENTATION_CONTEXT() REPRESENTATION_CONTEXT('2D SPACE',''
  ) );
#2231 = PCURVE('',#1215,#2232);
#2232 = DEFINITIONAL_REPRESENTATION('',(#2233),#2236);
#2233 = B_SPLINE_CURVE_WITH_KNOTS('',1,(#2234,#2235),.UNSPECIFIED.,.F.,
  .F.,(2,2),(2.499999999998E-02,6.075),.PIECEWISE_BEZIER_KNOTS.);
#2234 = CARTESIAN_POINT('',(13.5,0.));
#2235 = CARTESIAN_POINT('',(13.5,6.05));
#2236 = ( GEOMETRIC_REPRESENTATION_CONTEXT(2) 
PARAMETRIC_REPRESENTATION_CONTEXT() REPRESENTATION_CONTEXT('2D SPACE',''
  ) );
#2237 = ORIENTED_EDGE('',*,*,#1172,.T.);
#2238 = ORIENTED_EDGE('',*,*,#1450,.T.);
#2239 = ADVANCED_FACE('',(#2240),#1215,.T.);
#2240 = FACE_BOUND('',#2241,.T.);
#2241 = EDGE_LOOP('',(#2242,#2243,#2266,#2289,#2310,#2329,#2330,#2331));
#2242 = ORIENTED_EDGE('',*,*,#1498,.F.);
#2243 = ORIENTED_EDGE('',*,*,#2244,.F.);
#2244 = EDGE_CURVE('',#2245,#1476,#2247,.T.);
#2245 = VERTEX_POINT('',#2246);
#2246 = CARTESIAN_POINT('',(-267.5,457.,202.));
#2247 = SURFACE_CURVE('',#2248,(#2252,#2259),.PCURVE_S1.);
#2248 = LINE('',#2249,#2250);
#2249 = CARTESIAN_POINT('',(-267.5,457.,202.));
#2250 = VECTOR('',#2251,1.);
#2251 = DIRECTION('',(-0.,1.,0.));
#2252 = PCURVE('',#1215,#2253);
#2253 = DEFINITIONAL_REPRESENTATION('',(#2254),#2258);
#2254 = LINE('',#2255,#2256);
#2255 = CARTESIAN_POINT('',(0.,0.));
#2256 = VECTOR('',#2257,1.);
#2257 = DIRECTION('',(0.,1.));
#2258 = ( GEOMETRIC_REPRESENTATION_CONTEXT(2) 
PARAMETRIC_REPRESENTATION_CONTEXT() REPRESENTATION_CONTEXT('2D SPACE',''
  ) );
#2259 = PCURVE('',#1358,#2260);
#2260 = DEFINITIONAL_REPRESENTATION('',(#2261),#2265);
#2261 = LINE('',#2262,#2263);
#2262 = CARTESIAN_POINT('',(394.,0.));
#2263 = VECTOR('',#2264,1.);
#2264 = DIRECTION('',(0.,-1.));
#2265 = ( GEOMETRIC_REPRESENTATION_CONTEXT(2) 
PARAMETRIC_REPRESENTATION_CONTEXT() REPRESENTATION_CONTEXT('2D SPACE',''
  ) );
#2266 = ORIENTED_EDGE('',*,*,#2267,.T.);
#2267 = EDGE_CURVE('',#2245,#2268,#2270,.T.);
#2268 = VERTEX_POINT('',#2269);
#2269 = CARTESIAN_POINT('',(-257.4,457.,202.));
#2270 = SURFACE_CURVE('',#2271,(#2275,#2282),.PCURVE_S1.);
#2271 = LINE('',#2272,#2273);
#2272 = CARTESIAN_POINT('',(-267.5,457.,202.));
#2273 = VECTOR('',#2274,1.);
#2274 = DIRECTION('',(1.,0.,-0.));
#2275 = PCURVE('',#1215,#2276);
#2276 = DEFINITIONAL_REPRESENTATION('',(#2277),#2281);
#2277 = LINE('',#2278,#2279);
#2278 = CARTESIAN_POINT('',(0.,0.));
#2279 = VECTOR('',#2280,1.);
#2280 = DIRECTION('',(1.,0.));
#2281 = ( GEOMETRIC_REPRESENTATION_CONTEXT(2) 
PARAMETRIC_REPRESENTATION_CONTEXT() REPRESENTATION_CONTEXT('2D SPACE',''
  ) );
#2282 = PCURVE('',#1386,#2283);
#2283 = DEFINITIONAL_REPRESENTATION('',(#2284),#2288);
#2284 = LINE('',#2285,#2286);
#2285 = CARTESIAN_POINT('',(394.,0.));
#2286 = VECTOR('',#2287,1.);
#2287 = DIRECTION('',(0.,1.));
#2288 = ( GEOMETRIC_REPRESENTATION_CONTEXT(2) 
PARAMETRIC_REPRESENTATION_CONTEXT() REPRESENTATION_CONTEXT('2D SPACE',''
  ) );
#2289 = ORIENTED_EDGE('',*,*,#2290,.T.);
#2290 = EDGE_CURVE('',#2268,#2291,#2293,.T.);
#2291 = VERTEX_POINT('',#2292);
#2292 = CARTESIAN_POINT('',(-257.4,463.05,202.));
#2293 = SURFACE_CURVE('',#2294,(#2298,#2304),.PCURVE_S1.);
#2294 = LINE('',#2295,#2296);
#2295 = CARTESIAN_POINT('',(-257.4,456.975,202.));
#2296 = VECTOR('',#2297,1.);
#2297 = DIRECTION('',(-0.,1.,0.));
#2298 = PCURVE('',#1215,#2299);
#2299 = DEFINITIONAL_REPRESENTATION('',(#2300),#2303);
#2300 = B_SPLINE_CURVE_WITH_KNOTS('',1,(#2301,#2302),.UNSPECIFIED.,.F.,
  .F.,(2,2),(2.499999999998E-02,6.075),.PIECEWISE_BEZIER_KNOTS.);
#2301 = CARTESIAN_POINT('',(10.1,0.));
#2302 = CARTESIAN_POINT('',(10.1,6.05));
#2303 = ( GEOMETRIC_REPRESENTATION_CONTEXT(2) 
PARAMETRIC_REPRESENTATION_CONTEXT() REPRESENTATION_CONTEXT('2D SPACE',''
  ) );
#2304 = PCURVE('',#1413,#2305);
#2305 = DEFINITIONAL_REPRESENTATION('',(#2306),#2309);
#2306 = B_SPLINE_CURVE_WITH_KNOTS('',1,(#2307,#2308),.UNSPECIFIED.,.F.,
  .F.,(2,2),(2.499999999998E-02,6.075),.PIECEWISE_BEZIER_KNOTS.);
#2307 = CARTESIAN_POINT('',(395.,-5.000000000001E-02));
#2308 = CARTESIAN_POINT('',(395.,-6.1));
#2309 = ( GEOMETRIC_REPRESENTATION_CONTEXT(2) 
PARAMETRIC_REPRESENTATION_CONTEXT() REPRESENTATION_CONTEXT('2D SPACE',''
  ) );
#2310 = ORIENTED_EDGE('',*,*,#2311,.F.);
#2311 = EDGE_CURVE('',#2197,#2291,#2312,.T.);
#2312 = SURFACE_CURVE('',#2313,(#2317,#2323),.PCURVE_S1.);
#2313 = LINE('',#2314,#2315);
#2314 = CARTESIAN_POINT('',(-262.45,463.05,202.));
#2315 = VECTOR('',#2316,1.);
#2316 = DIRECTION('',(-1.,-0.,0.));
#2317 = PCURVE('',#1215,#2318);
#2318 = DEFINITIONAL_REPRESENTATION('',(#2319),#2322);
#2319 = B_SPLINE_CURVE_WITH_KNOTS('',1,(#2320,#2321),.UNSPECIFIED.,.F.,
  .F.,(2,2),(-8.45,-5.05),.PIECEWISE_BEZIER_KNOTS.);
#2320 = CARTESIAN_POINT('',(13.5,6.05));
#2321 = CARTESIAN_POINT('',(10.1,6.05));
#2322 = ( GEOMETRIC_REPRESENTATION_CONTEXT(2) 
PARAMETRIC_REPRESENTATION_CONTEXT() REPRESENTATION_CONTEXT('2D SPACE',''
  ) );
#2323 = PCURVE('',#1439,#2324);
#2324 = DEFINITIONAL_REPRESENTATION('',(#2325),#2328);
#2325 = B_SPLINE_CURVE_WITH_KNOTS('',1,(#2326,#2327),.UNSPECIFIED.,.F.,
  .F.,(2,2),(-8.45,-5.05),.PIECEWISE_BEZIER_KNOTS.);
#2326 = CARTESIAN_POINT('',(395.,3.4));
#2327 = CARTESIAN_POINT('',(395.,0.));
#2328 = ( GEOMETRIC_REPRESENTATION_CONTEXT(2) 
PARAMETRIC_REPRESENTATION_CONTEXT() REPRESENTATION_CONTEXT('2D SPACE',''
  ) );
#2329 = ORIENTED_EDGE('',*,*,#2219,.F.);
#2330 = ORIENTED_EDGE('',*,*,#1199,.T.);
#2331 = ORIENTED_EDGE('',*,*,#1938,.T.);
#2332 = ADVANCED_FACE('',(#2333,#2359),#1439,.F.);
#2333 = FACE_BOUND('',#2334,.F.);
#2334 = EDGE_LOOP('',(#2335,#2336,#2337,#2358));
#2335 = ORIENTED_EDGE('',*,*,#2196,.F.);
#2336 = ORIENTED_EDGE('',*,*,#1424,.T.);
#2337 = ORIENTED_EDGE('',*,*,#2338,.T.);
#2338 = EDGE_CURVE('',#1399,#2291,#2339,.T.);
#2339 = SURFACE_CURVE('',#2340,(#2344,#2351),.PCURVE_S1.);
#2340 = LINE('',#2341,#2342);
#2341 = CARTESIAN_POINT('',(-257.4,463.05,-193.));
#2342 = VECTOR('',#2343,1.);
#2343 = DIRECTION('',(0.,0.,1.));
#2344 = PCURVE('',#1439,#2345);
#2345 = DEFINITIONAL_REPRESENTATION('',(#2346),#2350);
#2346 = LINE('',#2347,#2348);
#2347 = CARTESIAN_POINT('',(0.,0.));
#2348 = VECTOR('',#2349,1.);
#2349 = DIRECTION('',(1.,0.));
#2350 = ( GEOMETRIC_REPRESENTATION_CONTEXT(2) 
PARAMETRIC_REPRESENTATION_CONTEXT() REPRESENTATION_CONTEXT('2D SPACE',''
  ) );
#2351 = PCURVE('',#1413,#2352);
#2352 = DEFINITIONAL_REPRESENTATION('',(#2353),#2357);
#2353 = LINE('',#2354,#2355);
#2354 = CARTESIAN_POINT('',(0.,-6.1));
#2355 = VECTOR('',#2356,1.);
#2356 = DIRECTION('',(1.,0.));
#2357 = ( GEOMETRIC_REPRESENTATION_CONTEXT(2) 
PARAMETRIC_REPRESENTATION_CONTEXT() REPRESENTATION_CONTEXT('2D SPACE',''
  ) );
#2358 = ORIENTED_EDGE('',*,*,#2311,.F.);
#2359 = FACE_BOUND('',#2360,.F.);
#2360 = EDGE_LOOP('',(#2361));
#2361 = ORIENTED_EDGE('',*,*,#2362,.T.);
#2362 = EDGE_CURVE('',#2363,#2363,#2365,.T.);
#2363 = VERTEX_POINT('',#2364);
#2364 = CARTESIAN_POINT('',(-254.15,463.05,199.));
#2365 = SURFACE_CURVE('',#2366,(#2371,#2382),.PCURVE_S1.);
#2366 = CIRCLE('',#2367,1.55);
#2367 = AXIS2_PLACEMENT_3D('',#2368,#2369,#2370);
#2368 = CARTESIAN_POINT('',(-255.7,463.05,199.));
#2369 = DIRECTION('',(0.,-1.,0.));
#2370 = DIRECTION('',(1.,0.,0.));
#2371 = PCURVE('',#1439,#2372);
#2372 = DEFINITIONAL_REPRESENTATION('',(#2373),#2381);
#2373 = ( BOUNDED_CURVE() B_SPLINE_CURVE(2,(#2374,#2375,#2376,#2377,
#2378,#2379,#2380),.UNSPECIFIED.,.T.,.F.) B_SPLINE_CURVE_WITH_KNOTS((1,2
    ,2,2,2,1),(-2.094395102393,0.,2.094395102393,4.188790204786,
6.28318530718,8.377580409573),.UNSPECIFIED.) CURVE() 
GEOMETRIC_REPRESENTATION_ITEM() RATIONAL_B_SPLINE_CURVE((1.,0.5,1.,0.5,
1.,0.5,1.)) REPRESENTATION_ITEM('') );
#2374 = CARTESIAN_POINT('',(392.,3.25));
#2375 = CARTESIAN_POINT('',(394.68467875173,3.25));
#2376 = CARTESIAN_POINT('',(393.34233937586,0.925));
#2377 = CARTESIAN_POINT('',(392.,-1.4));
#2378 = CARTESIAN_POINT('',(390.65766062413,0.925));
#2379 = CARTESIAN_POINT('',(389.31532124826,3.25));
#2380 = CARTESIAN_POINT('',(392.,3.25));
#2381 = ( GEOMETRIC_REPRESENTATION_CONTEXT(2) 
PARAMETRIC_REPRESENTATION_CONTEXT() REPRESENTATION_CONTEXT('2D SPACE',''
  ) );
#2382 = PCURVE('',#1566,#2383);
#2383 = DEFINITIONAL_REPRESENTATION('',(#2384),#2388);
#2384 = LINE('',#2385,#2386);
#2385 = CARTESIAN_POINT('',(0.,7.95));
#2386 = VECTOR('',#2387,1.);
#2387 = DIRECTION('',(1.,0.));
#2388 = ( GEOMETRIC_REPRESENTATION_CONTEXT(2) 
PARAMETRIC_REPRESENTATION_CONTEXT() REPRESENTATION_CONTEXT('2D SPACE',''
  ) );
#2389 = ADVANCED_FACE('',(#2390),#1413,.T.);
#2390 = FACE_BOUND('',#2391,.T.);
#2391 = EDGE_LOOP('',(#2392,#2393,#2394,#2413));
#2392 = ORIENTED_EDGE('',*,*,#2338,.T.);
#2393 = ORIENTED_EDGE('',*,*,#2290,.F.);
#2394 = ORIENTED_EDGE('',*,*,#2395,.T.);
#2395 = EDGE_CURVE('',#2268,#1371,#2396,.T.);
#2396 = SURFACE_CURVE('',#2397,(#2401,#2407),.PCURVE_S1.);
#2397 = LINE('',#2398,#2399);
#2398 = CARTESIAN_POINT('',(-257.4,457.,-192.5));
#2399 = VECTOR('',#2400,1.);
#2400 = DIRECTION('',(-0.,0.,-1.));
#2401 = PCURVE('',#1413,#2402);
#2402 = DEFINITIONAL_REPRESENTATION('',(#2403),#2406);
#2403 = B_SPLINE_CURVE_WITH_KNOTS('',1,(#2404,#2405),.UNSPECIFIED.,.F.,
  .F.,(2,2),(-394.5,-0.5),.PIECEWISE_BEZIER_KNOTS.);
#2404 = CARTESIAN_POINT('',(395.,-5.000000000001E-02));
#2405 = CARTESIAN_POINT('',(1.,-5.000000000001E-02));
#2406 = ( GEOMETRIC_REPRESENTATION_CONTEXT(2) 
PARAMETRIC_REPRESENTATION_CONTEXT() REPRESENTATION_CONTEXT('2D SPACE',''
  ) );
#2407 = PCURVE('',#1386,#2408);
#2408 = DEFINITIONAL_REPRESENTATION('',(#2409),#2412);
#2409 = B_SPLINE_CURVE_WITH_KNOTS('',1,(#2410,#2411),.UNSPECIFIED.,.F.,
  .F.,(2,2),(-394.5,-0.5),.PIECEWISE_BEZIER_KNOTS.);
#2410 = CARTESIAN_POINT('',(394.,10.1));
#2411 = CARTESIAN_POINT('',(0.,10.1));
#2412 = ( GEOMETRIC_REPRESENTATION_CONTEXT(2) 
PARAMETRIC_REPRESENTATION_CONTEXT() REPRESENTATION_CONTEXT('2D SPACE',''
  ) );
#2413 = ORIENTED_EDGE('',*,*,#1398,.T.);
#2414 = ADVANCED_FACE('',(#2415),#1386,.F.);
#2415 = FACE_BOUND('',#2416,.F.);
#2416 = EDGE_LOOP('',(#2417,#2418,#2439,#2440));
#2417 = ORIENTED_EDGE('',*,*,#1370,.F.);
#2418 = ORIENTED_EDGE('',*,*,#2419,.T.);
#2419 = EDGE_CURVE('',#1343,#2245,#2420,.T.);
#2420 = SURFACE_CURVE('',#2421,(#2425,#2432),.PCURVE_S1.);
#2421 = LINE('',#2422,#2423);
#2422 = CARTESIAN_POINT('',(-267.5,457.,-192.));
#2423 = VECTOR('',#2424,1.);
#2424 = DIRECTION('',(0.,0.,1.));
#2425 = PCURVE('',#1386,#2426);
#2426 = DEFINITIONAL_REPRESENTATION('',(#2427),#2431);
#2427 = LINE('',#2428,#2429);
#2428 = CARTESIAN_POINT('',(0.,0.));
#2429 = VECTOR('',#2430,1.);
#2430 = DIRECTION('',(1.,0.));
#2431 = ( GEOMETRIC_REPRESENTATION_CONTEXT(2) 
PARAMETRIC_REPRESENTATION_CONTEXT() REPRESENTATION_CONTEXT('2D SPACE',''
  ) );
#2432 = PCURVE('',#1358,#2433);
#2433 = DEFINITIONAL_REPRESENTATION('',(#2434),#2438);
#2434 = LINE('',#2435,#2436);
#2435 = CARTESIAN_POINT('',(0.,0.));
#2436 = VECTOR('',#2437,1.);
#2437 = DIRECTION('',(1.,0.));
#2438 = ( GEOMETRIC_REPRESENTATION_CONTEXT(2) 
PARAMETRIC_REPRESENTATION_CONTEXT() REPRESENTATION_CONTEXT('2D SPACE',''
  ) );
#2439 = ORIENTED_EDGE('',*,*,#2267,.T.);
#2440 = ORIENTED_EDGE('',*,*,#2395,.T.);
#2441 = ADVANCED_FACE('',(#2442),#1358,.F.);
#2442 = FACE_BOUND('',#2443,.F.);
#2443 = EDGE_LOOP('',(#2444,#2445,#2446,#2447));
#2444 = ORIENTED_EDGE('',*,*,#2419,.F.);
#2445 = ORIENTED_EDGE('',*,*,#1342,.T.);
#2446 = ORIENTED_EDGE('',*,*,#1475,.T.);
#2447 = ORIENTED_EDGE('',*,*,#2244,.F.);
#2448 = ADVANCED_FACE('',(#2449),#1566,.F.);
#2449 = FACE_BOUND('',#2450,.F.);
#2450 = EDGE_LOOP('',(#2451,#2452,#2473,#2474));
#2451 = ORIENTED_EDGE('',*,*,#2362,.F.);
#2452 = ORIENTED_EDGE('',*,*,#2453,.F.);
#2453 = EDGE_CURVE('',#1546,#2363,#2454,.T.);
#2454 = SEAM_CURVE('',#2455,(#2459,#2466),.PCURVE_S1.);
#2455 = LINE('',#2456,#2457);
#2456 = CARTESIAN_POINT('',(-254.15,471.,199.));
#2457 = VECTOR('',#2458,1.);
#2458 = DIRECTION('',(0.,-1.,0.));
#2459 = PCURVE('',#1566,#2460);
#2460 = DEFINITIONAL_REPRESENTATION('',(#2461),#2465);
#2461 = LINE('',#2462,#2463);
#2462 = CARTESIAN_POINT('',(6.28318530718,-0.));
#2463 = VECTOR('',#2464,1.);
#2464 = DIRECTION('',(0.,1.));
#2465 = ( GEOMETRIC_REPRESENTATION_CONTEXT(2) 
PARAMETRIC_REPRESENTATION_CONTEXT() REPRESENTATION_CONTEXT('2D SPACE',''
  ) );
#2466 = PCURVE('',#1566,#2467);
#2467 = DEFINITIONAL_REPRESENTATION('',(#2468),#2472);
#2468 = LINE('',#2469,#2470);
#2469 = CARTESIAN_POINT('',(0.,-0.));
#2470 = VECTOR('',#2471,1.);
#2471 = DIRECTION('',(0.,1.));
#2472 = ( GEOMETRIC_REPRESENTATION_CONTEXT(2) 
PARAMETRIC_REPRESENTATION_CONTEXT() REPRESENTATION_CONTEXT('2D SPACE',''
  ) );
#2473 = ORIENTED_EDGE('',*,*,#1545,.T.);
#2474 = ORIENTED_EDGE('',*,*,#2453,.T.);
#2475 = ( GEOMETRIC_REPRESENTATION_CONTEXT(3) 
GLOBAL_UNCERTAINTY_ASSIGNED_CONTEXT((#2479)) 
GLOBAL_UNIT_ASSIGNED_CONTEXT((#2476,#2477,#2478)) REPRESENTATION_CONTEXT
('Context #1','3D Context with UNIT and UNCERTAINTY') );
#2476 = ( LENGTH_UNIT() NAMED_UNIT(*) SI_UNIT(.MILLI.,.METRE.) );
#2477 = ( NAMED_UNIT(*) PLANE_ANGLE_UNIT() SI_UNIT($,.RADIAN.) );
#2478 = ( NAMED_UNIT(*) SI_UNIT($,.STERADIAN.) SOLID_ANGLE_UNIT() );
#2479 = UNCERTAINTY_MEASURE_WITH_UNIT(LENGTH_MEASURE(2.E-07),#2476,
  'distance_accuracy_value','confusion accuracy');
#2480 = PRODUCT_RELATED_PRODUCT_CATEGORY('part',$,(#7));
ENDSEC;
END-ISO-10303-21;
