ISO-10303-21;
HEADER;
FILE_DESCRIPTION(('Open CASCADE Model'),'2;1');
FILE_NAME('Open CASCADE Shape Model','2026-07-14T10:47:48',('Author'),(
    'Open CASCADE'),'Open CASCADE STEP processor 7.9','build123d',
  'Unknown');
FILE_SCHEMA(('AUTOMOTIVE_DESIGN { 1 0 10303 214 1 1 1 1 }'));
ENDSEC;
DATA;
#1 = APPLICATION_PROTOCOL_DEFINITION('international standard',
  'automotive_design',2000,#2);
#2 = APPLICATION_CONTEXT(
  'core data for automotive mechanical design processes');
#3 = SHAPE_DEFINITION_REPRESENTATION(#4,#10);
#4 = PRODUCT_DEFINITION_SHAPE('','',#5);
#5 = PRODUCT_DEFINITION('design','',#6,#9);
#6 = PRODUCT_DEFINITION_FORMATION('','',#7);
#7 = PRODUCT('COMPOUND','COMPOUND','',(#8));
#8 = PRODUCT_CONTEXT('',#2,'mechanical');
#9 = PRODUCT_DEFINITION_CONTEXT('part definition',#2,'design');
#10 = ADVANCED_BREP_SHAPE_REPRESENTATION('',(#11,#15),#6773);
#11 = AXIS2_PLACEMENT_3D('',#12,#13,#14);
#12 = CARTESIAN_POINT('',(0.,0.,0.));
#13 = DIRECTION('',(0.,0.,1.));
#14 = DIRECTION('',(1.,0.,-0.));
#15 = MANIFOLD_SOLID_BREP('',#16);
#16 = CLOSED_SHELL('',(#17,#3478,#3482,#3854,#4221,#4588,#4955,#5322,
    #5689,#6056,#6060,#6115,#6708,#6738,#6742,#6746));
#17 = ADVANCED_FACE('',(#18,#2884),#31,.T.);
#18 = FACE_BOUND('',#19,.T.);
#19 = EDGE_LOOP('',(#20,#54,#77,#267,#290,#480,#503,#693,#716,#906,#929,
    #1119,#1142,#1332,#1355,#1545,#1568,#1595,#1596,#1779,#1780,#1963,
    #1964,#2147,#2148,#2331,#2332,#2515,#2516,#2699,#2700,#2883));
#20 = ORIENTED_EDGE('',*,*,#21,.T.);
#21 = EDGE_CURVE('',#22,#22,#24,.T.);
#22 = VERTEX_POINT('',#23);
#23 = CARTESIAN_POINT('',(-180.,510.,203.));
#24 = SURFACE_CURVE('',#25,(#30,#42),.PCURVE_S1.);
#25 = CIRCLE('',#26,10.);
#26 = AXIS2_PLACEMENT_3D('',#27,#28,#29);
#27 = CARTESIAN_POINT('',(-180.,510.,213.));
#28 = DIRECTION('',(1.,-0.,0.));
#29 = DIRECTION('',(0.,0.,-1.));
#30 = PCURVE('',#31,#36);
#31 = CYLINDRICAL_SURFACE('',#32,10.);
#32 = AXIS2_PLACEMENT_3D('',#33,#34,#35);
#33 = CARTESIAN_POINT('',(-180.,510.,213.));
#34 = DIRECTION('',(1.,0.,0.));
#35 = DIRECTION('',(0.,0.,-1.));
#36 = DEFINITIONAL_REPRESENTATION('',(#37),#41);
#37 = LINE('',#38,#39);
#38 = CARTESIAN_POINT('',(0.,0.));
#39 = VECTOR('',#40,1.);
#40 = DIRECTION('',(1.,0.));
#41 = ( GEOMETRIC_REPRESENTATION_CONTEXT(2) 
PARAMETRIC_REPRESENTATION_CONTEXT() REPRESENTATION_CONTEXT('2D SPACE',''
  ) );
#42 = PCURVE('',#43,#48);
#43 = PLANE('',#44);
#44 = AXIS2_PLACEMENT_3D('',#45,#46,#47);
#45 = CARTESIAN_POINT('',(-180.,510.,213.));
#46 = DIRECTION('',(1.,0.,0.));
#47 = DIRECTION('',(0.,0.,-1.));
#48 = DEFINITIONAL_REPRESENTATION('',(#49),#53);
#49 = CIRCLE('',#50,10.);
#50 = AXIS2_PLACEMENT_2D('',#51,#52);
#51 = CARTESIAN_POINT('',(0.,0.));
#52 = DIRECTION('',(1.,0.));
#53 = ( GEOMETRIC_REPRESENTATION_CONTEXT(2) 
PARAMETRIC_REPRESENTATION_CONTEXT() REPRESENTATION_CONTEXT('2D SPACE',''
  ) );
#54 = ORIENTED_EDGE('',*,*,#55,.T.);
#55 = EDGE_CURVE('',#22,#56,#58,.T.);
#56 = VERTEX_POINT('',#57);
#57 = CARTESIAN_POINT('',(-154.9,510.,203.));
#58 = SEAM_CURVE('',#59,(#63,#70),.PCURVE_S1.);
#59 = LINE('',#60,#61);
#60 = CARTESIAN_POINT('',(-180.,510.,203.));
#61 = VECTOR('',#62,1.);
#62 = DIRECTION('',(1.,0.,0.));
#63 = PCURVE('',#31,#64);
#64 = DEFINITIONAL_REPRESENTATION('',(#65),#69);
#65 = LINE('',#66,#67);
#66 = CARTESIAN_POINT('',(0.,-0.));
#67 = VECTOR('',#68,1.);
#68 = DIRECTION('',(0.,1.));
#69 = ( GEOMETRIC_REPRESENTATION_CONTEXT(2) 
PARAMETRIC_REPRESENTATION_CONTEXT() REPRESENTATION_CONTEXT('2D SPACE',''
  ) );
#70 = PCURVE('',#31,#71);
#71 = DEFINITIONAL_REPRESENTATION('',(#72),#76);
#72 = LINE('',#73,#74);
#73 = CARTESIAN_POINT('',(6.28318530718,-0.));
#74 = VECTOR('',#75,1.);
#75 = DIRECTION('',(0.,1.));
#76 = ( GEOMETRIC_REPRESENTATION_CONTEXT(2) 
PARAMETRIC_REPRESENTATION_CONTEXT() REPRESENTATION_CONTEXT('2D SPACE',''
  ) );
#77 = ORIENTED_EDGE('',*,*,#78,.T.);
#78 = EDGE_CURVE('',#56,#79,#81,.T.);
#79 = VERTEX_POINT('',#80);
#80 = CARTESIAN_POINT('',(-145.1,510.,203.));
#81 = SURFACE_CURVE('',#82,(#140,#201),.PCURVE_S1.);
#82 = B_SPLINE_CURVE_WITH_KNOTS('',6,(#83,#84,#85,#86,#87,#88,#89,#90,
    #91,#92,#93,#94,#95,#96,#97,#98,#99,#100,#101,#102,#103,#104,#105,
    #106,#107,#108,#109,#110,#111,#112,#113,#114,#115,#116,#117,#118,
    #119,#120,#121,#122,#123,#124,#125,#126,#127,#128,#129,#130,#131,
    #132,#133,#134,#135,#136,#137,#138,#139),.UNSPECIFIED.,.F.,.F.,(7,5,
    5,5,5,5,5,5,5,5,5,7),(0.,0.117797069192,0.170955529341,
    0.245777950864,0.341125321574,0.416787636702,0.4996439162,
    0.658537847531,0.753224911925,0.827151817028,0.925241735537,1.),
  .UNSPECIFIED.);
#83 = CARTESIAN_POINT('',(-154.9,510.,203.));
#84 = CARTESIAN_POINT('',(-154.9,509.62453548944,203.));
#85 = CARTESIAN_POINT('',(-154.8654755245,509.25249619568,
    203.01691700151));
#86 = CARTESIAN_POINT('',(-154.7976097718,508.8899058172,203.05017111726
    ));
#87 = CARTESIAN_POINT('',(-154.6994273938,508.54257137434,
    203.09760166569));
#88 = CARTESIAN_POINT('',(-154.5757813914,508.21572061878,
    203.15562463472));
#89 = CARTESIAN_POINT('',(-154.3695138647,507.7773798121,203.24913423851
    ));
#90 = CARTESIAN_POINT('',(-154.3012964496,507.64546210688,
    203.27965902558));
#91 = CARTESIAN_POINT('',(-154.2293415459,507.51792970959,
    203.31137602377));
#92 = CARTESIAN_POINT('',(-154.1539638965,507.3947695654,203.34404254201
    ));
#93 = CARTESIAN_POINT('',(-154.075452439,507.2759546771,203.37743076077)
  );
#94 = CARTESIAN_POINT('',(-153.8795237103,507.0002675287,203.45904303923
    ));
#95 = CARTESIAN_POINT('',(-153.7592590101,506.84757476914,
    203.50778112374));
#96 = CARTESIAN_POINT('',(-153.6339351123,506.70316297519,
    203.55698455835));
#97 = CARTESIAN_POINT('',(-153.5040869616,506.56681112716,
    203.60616315985));
#98 = CARTESIAN_POINT('',(-153.3701425668,506.43829940449,
    203.65488411616));
#99 = CARTESIAN_POINT('',(-153.0569619918,506.1633998951,203.76376989906
    ));
#100 = CARTESIAN_POINT('',(-152.8753365821,506.02173992209,
    203.82342289931));
#101 = CARTESIAN_POINT('',(-152.6883580648,505.89213682115,
    203.88088110951));
#102 = CARTESIAN_POINT('',(-152.4966486738,505.77431543969,
    203.93541256024));
#103 = CARTESIAN_POINT('',(-152.3006970094,505.66805994166,
    203.98637264223));
#104 = CARTESIAN_POINT('',(-151.9423471606,505.4979907163,
    204.07033290884));
#105 = CARTESIAN_POINT('',(-151.7813909169,505.42995164835,
    204.10486504216));
#106 = CARTESIAN_POINT('',(-151.6183215722,505.36909586964,
    204.13647236148));
#107 = CARTESIAN_POINT('',(-151.4534111855,505.31540520424,
    204.16488349446));
#108 = CARTESIAN_POINT('',(-151.2869110501,505.2688704251,
    204.18986832014));
#109 = CARTESIAN_POINT('',(-150.9352330355,505.18637476396,
    204.23464665823));
#110 = CARTESIAN_POINT('',(-150.7497981288,505.15184320454,
    204.25371910117));
#111 = CARTESIAN_POINT('',(-150.5631601059,505.12592770692,
    204.26820123623));
#112 = CARTESIAN_POINT('',(-150.3757212435,505.10864400876,
    204.27791700656));
#113 = CARTESIAN_POINT('',(-150.1878737172,505.1,204.28277567112));
#114 = CARTESIAN_POINT('',(-149.6397135654,505.1,204.28277567112));
#115 = CARTESIAN_POINT('',(-149.2799543242,505.13178891423,
    204.26490699344));
#116 = CARTESIAN_POINT('',(-148.9230818954,505.19519492679,
    204.22926592113));
#117 = CARTESIAN_POINT('',(-148.5715184775,505.29019402658,
    204.17701089542));
#118 = CARTESIAN_POINT('',(-148.2279440756,505.41684000579,
    204.11035803702));
#119 = CARTESIAN_POINT('',(-147.6973522287,505.66918662783,
    203.98583914514));
#120 = CARTESIAN_POINT('',(-147.5030201965,505.77466229938,
    203.93527006533));
#121 = CARTESIAN_POINT('',(-147.3128644881,505.89151834805,
    203.88119017824));
#122 = CARTESIAN_POINT('',(-147.127362404,506.0199651855,203.82422879681
    ));
#123 = CARTESIAN_POINT('',(-146.9471204451,506.16027066397,
    203.76509974269));
#124 = CARTESIAN_POINT('',(-146.6368983271,506.43177676933,
    203.6573995624));
#125 = CARTESIAN_POINT('',(-146.5045417416,506.55824675789,
    203.60934895942));
#126 = CARTESIAN_POINT('',(-146.3761543949,506.69234997708,
    203.5608350725));
#127 = CARTESIAN_POINT('',(-146.2521500236,506.83429093618,
    203.5122743656));
#128 = CARTESIAN_POINT('',(-146.1330434528,506.98427625096,
    203.46413738341));
#129 = CARTESIAN_POINT('',(-145.8687293602,507.3524724463,
    203.35434814328));
#130 = CARTESIAN_POINT('',(-145.7273684396,507.57744426964,
    203.29327657496));
#131 = CARTESIAN_POINT('',(-145.5973517271,507.8174071319,
    203.23518103494));
#132 = CARTESIAN_POINT('',(-145.4807758521,508.07215779937,
    203.18165581279));
#133 = CARTESIAN_POINT('',(-145.3798908035,508.34126847571,
    203.13439776356));
#134 = CARTESIAN_POINT('',(-145.2341064385,508.83953605444,
    203.06517931603));
#135 = CARTESIAN_POINT('',(-145.1815900091,509.06299882596,
    203.03987143416));
#136 = CARTESIAN_POINT('',(-145.1411267589,509.29267285022,
    203.02015213301));
#137 = CARTESIAN_POINT('',(-145.1137419531,509.52669155613,
    203.0067335512));
#138 = CARTESIAN_POINT('',(-145.1,509.76311850717,203.));
#139 = CARTESIAN_POINT('',(-145.1,510.,203.));
#140 = PCURVE('',#31,#141);
#141 = DEFINITIONAL_REPRESENTATION('',(#142),#200);
#142 = B_SPLINE_CURVE_WITH_KNOTS('',6,(#143,#144,#145,#146,#147,#148,
    #149,#150,#151,#152,#153,#154,#155,#156,#157,#158,#159,#160,#161,
    #162,#163,#164,#165,#166,#167,#168,#169,#170,#171,#172,#173,#174,
    #175,#176,#177,#178,#179,#180,#181,#182,#183,#184,#185,#186,#187,
    #188,#189,#190,#191,#192,#193,#194,#195,#196,#197,#198,#199),
  .UNSPECIFIED.,.F.,.F.,(7,5,5,5,5,5,5,5,5,5,5,7),(0.,0.117797069192,
    0.170955529341,0.245777950864,0.341125321574,0.416787636702,
    0.4996439162,0.658537847531,0.753224911925,0.827151817028,
    0.925241735537,1.),.UNSPECIFIED.);
#143 = CARTESIAN_POINT('',(6.28318530718,25.1));
#144 = CARTESIAN_POINT('',(6.245638856124,25.1));
#145 = CARTESIAN_POINT('',(6.208434865484,25.134524475413));
#146 = CARTESIAN_POINT('',(6.172080857212,25.202390228193));
#147 = CARTESIAN_POINT('',(6.137069431873,25.300572606186));
#148 = CARTESIAN_POINT('',(6.103893018392,25.424218608597));
#149 = CARTESIAN_POINT('',(6.059072631423,25.63048613522));
#150 = CARTESIAN_POINT('',(6.04553431139,25.698703550311));
#151 = CARTESIAN_POINT('',(6.032395126127,25.770658454082));
#152 = CARTESIAN_POINT('',(6.019655382528,25.846036103437));
#153 = CARTESIAN_POINT('',(6.007314871282,25.924547560914));
#154 = CARTESIAN_POINT('',(5.978563529089,26.120476289653));
#155 = CARTESIAN_POINT('',(5.96253885704,26.240740989803));
#156 = CARTESIAN_POINT('',(5.947286493889,26.366064887633));
#157 = CARTESIAN_POINT('',(5.93279452298,26.49591303839));
#158 = CARTESIAN_POINT('',(5.919052302985,26.629857433103));
#159 = CARTESIAN_POINT('',(5.889484439691,26.943038008124));
#160 = CARTESIAN_POINT('',(5.874117190015,27.124663417884));
#161 = CARTESIAN_POINT('',(5.859943605719,27.311641935125));
#162 = CARTESIAN_POINT('',(5.846962626321,27.503351326124));
#163 = CARTESIAN_POINT('',(5.835179027697,27.699302990533));
#164 = CARTESIAN_POINT('',(5.81621251305,28.057652839316));
#165 = CARTESIAN_POINT('',(5.808582917529,28.218609083019));
#166 = CARTESIAN_POINT('',(5.801725854581,28.381678427756));
#167 = CARTESIAN_POINT('',(5.795651587327,28.546588814495));
#168 = CARTESIAN_POINT('',(5.79036985814,28.713088949801));
#169 = CARTESIAN_POINT('',(5.780983360567,29.064766964474));
#170 = CARTESIAN_POINT('',(5.777038605847,29.25020187115));
#171 = CARTESIAN_POINT('',(5.77406989186,29.436839894046));
#172 = CARTESIAN_POINT('',(5.772087138906,29.624278756496));
#173 = CARTESIAN_POINT('',(5.771095554245,29.812126282781));
#174 = CARTESIAN_POINT('',(5.771095554245,30.36028643458));
#175 = CARTESIAN_POINT('',(5.774742207334,30.720045675775));
#176 = CARTESIAN_POINT('',(5.782015972896,31.076918104509));
#177 = CARTESIAN_POINT('',(5.792857485479,31.42848152245));
#178 = CARTESIAN_POINT('',(5.807164061164,31.772055924303));
#179 = CARTESIAN_POINT('',(5.835303672407,32.302647771229));
#180 = CARTESIAN_POINT('',(5.8470000632,32.496979803419));
#181 = CARTESIAN_POINT('',(5.859874512494,32.687135511884));
#182 = CARTESIAN_POINT('',(5.873922344709,32.872637595922));
#183 = CARTESIAN_POINT('',(5.889144533019,33.052879554833));
#184 = CARTESIAN_POINT('',(5.918353246458,33.363101672864));
#185 = CARTESIAN_POINT('',(5.931880857598,33.495458258338));
#186 = CARTESIAN_POINT('',(5.946138896244,33.623845605075));
#187 = CARTESIAN_POINT('',(5.961136862029,33.747849976362));
#188 = CARTESIAN_POINT('',(5.976885538884,33.866956547164));
#189 = CARTESIAN_POINT('',(6.015307162419,34.131270639772));
#190 = CARTESIAN_POINT('',(6.038611423848,34.272631560386));
#191 = CARTESIAN_POINT('',(6.063286196535,34.402648272832));
#192 = CARTESIAN_POINT('',(6.089297340919,34.519224147817));
#193 = CARTESIAN_POINT('',(6.116602690833,34.620109196477));
#194 = CARTESIAN_POINT('',(6.166907936433,34.765893561431));
#195 = CARTESIAN_POINT('',(6.189389896328,34.818409990827));
#196 = CARTESIAN_POINT('',(6.212428686732,34.858873241075));
#197 = CARTESIAN_POINT('',(6.235854457629,34.886258046802));
#198 = CARTESIAN_POINT('',(6.259497157897,34.9));
#199 = CARTESIAN_POINT('',(6.28318530718,34.9));
#200 = ( GEOMETRIC_REPRESENTATION_CONTEXT(2) 
PARAMETRIC_REPRESENTATION_CONTEXT() REPRESENTATION_CONTEXT('2D SPACE',''
  ) );
#201 = PCURVE('',#202,#207);
#202 = CYLINDRICAL_SURFACE('',#203,4.9);
#203 = AXIS2_PLACEMENT_3D('',#204,#205,#206);
#204 = CARTESIAN_POINT('',(-150.,510.,200.));
#205 = DIRECTION('',(0.,0.,1.));
#206 = DIRECTION('',(1.,0.,-0.));
#207 = DEFINITIONAL_REPRESENTATION('',(#208),#266);
#208 = B_SPLINE_CURVE_WITH_KNOTS('',6,(#209,#210,#211,#212,#213,#214,
    #215,#216,#217,#218,#219,#220,#221,#222,#223,#224,#225,#226,#227,
    #228,#229,#230,#231,#232,#233,#234,#235,#236,#237,#238,#239,#240,
    #241,#242,#243,#244,#245,#246,#247,#248,#249,#250,#251,#252,#253,
    #254,#255,#256,#257,#258,#259,#260,#261,#262,#263,#264,#265),
  .UNSPECIFIED.,.F.,.F.,(7,5,5,5,5,5,5,5,5,5,5,7),(0.,0.117797069192,
    0.170955529341,0.245777950864,0.341125321574,0.416787636702,
    0.4996439162,0.658537847531,0.753224911925,0.827151817028,
    0.925241735537,1.),.UNSPECIFIED.);
#209 = CARTESIAN_POINT('',(3.14159265359,3.));
#210 = CARTESIAN_POINT('',(3.218218063907,3.));
#211 = CARTESIAN_POINT('',(3.294144390597,3.016917001514));
#212 = CARTESIAN_POINT('',(3.368952593613,3.050171117269));
#213 = CARTESIAN_POINT('',(3.442191590937,3.097601665692));
#214 = CARTESIAN_POINT('',(3.513291399397,3.155624634721));
#215 = CARTESIAN_POINT('',(3.612158146631,3.249134238517));
#216 = CARTESIAN_POINT('',(3.642445557027,3.27965902558));
#217 = CARTESIAN_POINT('',(3.6723002132,3.311376023771));
#218 = CARTESIAN_POINT('',(3.70174182134,3.344042542017));
#219 = CARTESIAN_POINT('',(3.730788635888,3.377430760776));
#220 = CARTESIAN_POINT('',(3.799812734119,3.459043039238));
#221 = CARTESIAN_POINT('',(3.839431426379,3.507781123747));
#222 = CARTESIAN_POINT('',(3.878388813393,3.556984558353));
#223 = CARTESIAN_POINT('',(3.916755584243,3.606163159852));
#224 = CARTESIAN_POINT('',(3.954600873176,3.654884116167));
#225 = CARTESIAN_POINT('',(4.039644853967,3.76376989906));
#226 = CARTESIAN_POINT('',(4.086573537845,3.823422899314));
#227 = CARTESIAN_POINT('',(4.132894514426,3.880881109516));
#228 = CARTESIAN_POINT('',(4.178715432333,3.935412560246));
#229 = CARTESIAN_POINT('',(4.224140753555,3.986372642237));
#230 = CARTESIAN_POINT('',(4.305091516696,4.070332908845));
#231 = CARTESIAN_POINT('',(4.340720762194,4.104865042161));
#232 = CARTESIAN_POINT('',(4.376193766278,4.136472361485));
#233 = CARTESIAN_POINT('',(4.411540340223,4.164883494463));
#234 = CARTESIAN_POINT('',(4.446790847003,4.189868320145));
#235 = CARTESIAN_POINT('',(4.520510082071,4.234646658232));
#236 = CARTESIAN_POINT('',(4.558963254227,4.253719101174));
#237 = CARTESIAN_POINT('',(4.59735690389,4.268201236231));
#238 = CARTESIAN_POINT('',(4.635711168321,4.277917006565));
#239 = CARTESIAN_POINT('',(4.674047405442,4.282775671121));
#240 = CARTESIAN_POINT('',(4.785916824177,4.282775671121));
#241 = CARTESIAN_POINT('',(4.859337043759,4.264906993448));
#242 = CARTESIAN_POINT('',(4.932883825815,4.229265921132));
#243 = CARTESIAN_POINT('',(5.006767309247,4.177010895421));
#244 = CARTESIAN_POINT('',(5.081188782498,4.110358037029));
#245 = CARTESIAN_POINT('',(5.20109547357,3.985839145149));
#246 = CARTESIAN_POINT('',(5.246155934868,3.935270065336));
#247 = CARTESIAN_POINT('',(5.291605984868,3.881190178249));
#248 = CARTESIAN_POINT('',(5.33754754544,3.824228796817));
#249 = CARTESIAN_POINT('',(5.384085621334,3.765099742691));
#250 = CARTESIAN_POINT('',(5.468219082614,3.657399562403));
#251 = CARTESIAN_POINT('',(5.505543625657,3.609348959428));
#252 = CARTESIAN_POINT('',(5.543375039622,3.560835072501));
#253 = CARTESIAN_POINT('',(5.581778048104,3.512274365606));
#254 = CARTESIAN_POINT('',(5.620818867935,3.464137383414));
#255 = CARTESIAN_POINT('',(5.713317700691,3.354348143284));
#256 = CARTESIAN_POINT('',(5.767438853711,3.293276574966));
#257 = CARTESIAN_POINT('',(5.82295923994,3.235181034943));
#258 = CARTESIAN_POINT('',(5.879929154905,3.18165581279));
#259 = CARTESIAN_POINT('',(5.93842144416,3.13439776356));
#260 = CARTESIAN_POINT('',(6.044371787545,3.065179316037));
#261 = CARTESIAN_POINT('',(6.091151073569,3.039871434166));
#262 = CARTESIAN_POINT('',(6.138629442794,3.020152133012));
#263 = CARTESIAN_POINT('',(6.186591751544,3.006733551202));
#264 = CARTESIAN_POINT('',(6.234842145379,3.));
#265 = CARTESIAN_POINT('',(6.28318530718,3.));
#266 = ( GEOMETRIC_REPRESENTATION_CONTEXT(2) 
PARAMETRIC_REPRESENTATION_CONTEXT() REPRESENTATION_CONTEXT('2D SPACE',''
  ) );
#267 = ORIENTED_EDGE('',*,*,#268,.T.);
#268 = EDGE_CURVE('',#79,#269,#271,.T.);
#269 = VERTEX_POINT('',#270);
#270 = CARTESIAN_POINT('',(-104.9,510.,203.));
#271 = SEAM_CURVE('',#272,(#276,#283),.PCURVE_S1.);
#272 = LINE('',#273,#274);
#273 = CARTESIAN_POINT('',(-180.,510.,203.));
#274 = VECTOR('',#275,1.);
#275 = DIRECTION('',(1.,0.,0.));
#276 = PCURVE('',#31,#277);
#277 = DEFINITIONAL_REPRESENTATION('',(#278),#282);
#278 = LINE('',#279,#280);
#279 = CARTESIAN_POINT('',(0.,-0.));
#280 = VECTOR('',#281,1.);
#281 = DIRECTION('',(0.,1.));
#282 = ( GEOMETRIC_REPRESENTATION_CONTEXT(2) 
PARAMETRIC_REPRESENTATION_CONTEXT() REPRESENTATION_CONTEXT('2D SPACE',''
  ) );
#283 = PCURVE('',#31,#284);
#284 = DEFINITIONAL_REPRESENTATION('',(#285),#289);
#285 = LINE('',#286,#287);
#286 = CARTESIAN_POINT('',(6.28318530718,-0.));
#287 = VECTOR('',#288,1.);
#288 = DIRECTION('',(0.,1.));
#289 = ( GEOMETRIC_REPRESENTATION_CONTEXT(2) 
PARAMETRIC_REPRESENTATION_CONTEXT() REPRESENTATION_CONTEXT('2D SPACE',''
  ) );
#290 = ORIENTED_EDGE('',*,*,#291,.T.);
#291 = EDGE_CURVE('',#269,#292,#294,.T.);
#292 = VERTEX_POINT('',#293);
#293 = CARTESIAN_POINT('',(-95.1,510.,203.));
#294 = SURFACE_CURVE('',#295,(#353,#414),.PCURVE_S1.);
#295 = B_SPLINE_CURVE_WITH_KNOTS('',6,(#296,#297,#298,#299,#300,#301,
    #302,#303,#304,#305,#306,#307,#308,#309,#310,#311,#312,#313,#314,
    #315,#316,#317,#318,#319,#320,#321,#322,#323,#324,#325,#326,#327,
    #328,#329,#330,#331,#332,#333,#334,#335,#336,#337,#338,#339,#340,
    #341,#342,#343,#344,#345,#346,#347,#348,#349,#350,#351,#352),
  .UNSPECIFIED.,.F.,.F.,(7,5,5,5,5,5,5,5,5,5,5,7),(0.,0.117797069069,
    0.170955529157,0.245777952338,0.341125323184,0.416787638421,
    0.499643918037,0.658537849596,0.753224911171,0.8271518165,
    0.925241735308,1.),.UNSPECIFIED.);
#296 = CARTESIAN_POINT('',(-104.9,510.,203.));
#297 = CARTESIAN_POINT('',(-104.9,509.62453548944,203.));
#298 = CARTESIAN_POINT('',(-104.8654755245,509.25249619568,
    203.01691700151));
#299 = CARTESIAN_POINT('',(-104.7976097718,508.88990581721,
    203.05017111726));
#300 = CARTESIAN_POINT('',(-104.6994273938,508.54257137434,
    203.09760166569));
#301 = CARTESIAN_POINT('',(-104.5757813914,508.21572061878,
    203.15562463472));
#302 = CARTESIAN_POINT('',(-104.3695138647,507.77737981211,
    203.24913423851));
#303 = CARTESIAN_POINT('',(-104.3012964496,507.64546210688,
    203.27965902558));
#304 = CARTESIAN_POINT('',(-104.2293415459,507.51792970958,
    203.31137602377));
#305 = CARTESIAN_POINT('',(-104.1539638965,507.39476956539,
    203.34404254201));
#306 = CARTESIAN_POINT('',(-104.075452439,507.27595467711,
    203.37743076077));
#307 = CARTESIAN_POINT('',(-103.8795237076,507.00026752493,
    203.45904304035));
#308 = CARTESIAN_POINT('',(-103.7592590146,506.84757477418,
    203.50778112205));
#309 = CARTESIAN_POINT('',(-103.6339351123,506.70316297577,
    203.55698455829));
#310 = CARTESIAN_POINT('',(-103.5040869571,506.56681112239,
    203.60616316151));
#311 = CARTESIAN_POINT('',(-103.3701425697,506.43829940699,
    203.65488411517));
#312 = CARTESIAN_POINT('',(-103.0569619918,506.1633998951,
    203.76376989906));
#313 = CARTESIAN_POINT('',(-102.8753365821,506.02173992209,
    203.82342289931));
#314 = CARTESIAN_POINT('',(-102.6883580648,505.89213682115,
    203.88088110951));
#315 = CARTESIAN_POINT('',(-102.4966486738,505.77431543969,
    203.93541256024));
#316 = CARTESIAN_POINT('',(-102.3006970094,505.66805994166,
    203.98637264223));
#317 = CARTESIAN_POINT('',(-101.9423471606,505.4979907163,
    204.07033290884));
#318 = CARTESIAN_POINT('',(-101.7813909169,505.42995164835,
    204.10486504216));
#319 = CARTESIAN_POINT('',(-101.6183215722,505.36909586964,
    204.13647236148));
#320 = CARTESIAN_POINT('',(-101.4534111855,505.31540520424,
    204.16488349446));
#321 = CARTESIAN_POINT('',(-101.2869110502,505.2688704251,
    204.18986832014));
#322 = CARTESIAN_POINT('',(-100.9352330355,505.18637476396,
    204.23464665823));
#323 = CARTESIAN_POINT('',(-100.7497981288,505.15184320454,
    204.25371910117));
#324 = CARTESIAN_POINT('',(-100.5631601059,505.12592770692,
    204.26820123623));
#325 = CARTESIAN_POINT('',(-100.3757212435,505.10864400876,
    204.27791700656));
#326 = CARTESIAN_POINT('',(-100.1878737172,505.1,204.28277567112));
#327 = CARTESIAN_POINT('',(-99.63971356542,505.1,204.28277567112));
#328 = CARTESIAN_POINT('',(-99.27995432422,505.13178891423,
    204.26490699344));
#329 = CARTESIAN_POINT('',(-98.92308189549,505.19519492679,
    204.22926592113));
#330 = CARTESIAN_POINT('',(-98.57151847754,505.29019402658,
    204.17701089542));
#331 = CARTESIAN_POINT('',(-98.22794407569,505.41684000579,
    204.11035803702));
#332 = CARTESIAN_POINT('',(-97.69735223495,505.66918662489,
    203.9858391466));
#333 = CARTESIAN_POINT('',(-97.50302018697,505.77466230548,
    203.93527006263));
#334 = CARTESIAN_POINT('',(-97.31286448791,505.89151834708,
    203.8811901785));
#335 = CARTESIAN_POINT('',(-97.12736241359,506.01996517894,
    203.82422879963));
#336 = CARTESIAN_POINT('',(-96.94712043944,506.16027066898,
    203.7650997407));
#337 = CARTESIAN_POINT('',(-96.63689832713,506.43177676933,
    203.6573995624));
#338 = CARTESIAN_POINT('',(-96.50454174166,506.55824675789,
    203.60934895942));
#339 = CARTESIAN_POINT('',(-96.37615439492,506.69234997708,
    203.5608350725));
#340 = CARTESIAN_POINT('',(-96.25215002363,506.83429093618,
    203.5122743656));
#341 = CARTESIAN_POINT('',(-96.13304345283,506.98427625096,
    203.46413738341));
#342 = CARTESIAN_POINT('',(-95.86872936022,507.3524724463,
    203.35434814328));
#343 = CARTESIAN_POINT('',(-95.72736843961,507.57744426963,
    203.29327657496));
#344 = CARTESIAN_POINT('',(-95.59735172716,507.8174071319,
    203.23518103494));
#345 = CARTESIAN_POINT('',(-95.48077585218,508.07215779937,
    203.18165581279));
#346 = CARTESIAN_POINT('',(-95.37989080352,508.34126847571,
    203.13439776356));
#347 = CARTESIAN_POINT('',(-95.23410643856,508.83953605444,
    203.06517931603));
#348 = CARTESIAN_POINT('',(-95.18159000917,509.06299882596,
    203.03987143416));
#349 = CARTESIAN_POINT('',(-95.14112675892,509.29267285022,
    203.02015213301));
#350 = CARTESIAN_POINT('',(-95.11374195319,509.52669155613,
    203.0067335512));
#351 = CARTESIAN_POINT('',(-95.1,509.76311850717,203.));
#352 = CARTESIAN_POINT('',(-95.1,510.,203.));
#353 = PCURVE('',#31,#354);
#354 = DEFINITIONAL_REPRESENTATION('',(#355),#413);
#355 = B_SPLINE_CURVE_WITH_KNOTS('',6,(#356,#357,#358,#359,#360,#361,
    #362,#363,#364,#365,#366,#367,#368,#369,#370,#371,#372,#373,#374,
    #375,#376,#377,#378,#379,#380,#381,#382,#383,#384,#385,#386,#387,
    #388,#389,#390,#391,#392,#393,#394,#395,#396,#397,#398,#399,#400,
    #401,#402,#403,#404,#405,#406,#407,#408,#409,#410,#411,#412),
  .UNSPECIFIED.,.F.,.F.,(7,5,5,5,5,5,5,5,5,5,5,7),(0.,0.117797069069,
    0.170955529157,0.245777952338,0.341125323184,0.416787638421,
    0.499643918037,0.658537849596,0.753224911171,0.8271518165,
    0.925241735308,1.),.UNSPECIFIED.);
#356 = CARTESIAN_POINT('',(6.28318530718,75.1));
#357 = CARTESIAN_POINT('',(6.245638856124,75.1));
#358 = CARTESIAN_POINT('',(6.208434865484,75.134524475413));
#359 = CARTESIAN_POINT('',(6.172080857213,75.202390228193));
#360 = CARTESIAN_POINT('',(6.137069431873,75.300572606186));
#361 = CARTESIAN_POINT('',(6.103893018392,75.424218608597));
#362 = CARTESIAN_POINT('',(6.059072631424,75.630486135214));
#363 = CARTESIAN_POINT('',(6.045534311389,75.698703550311));
#364 = CARTESIAN_POINT('',(6.032395126125,75.770658454088));
#365 = CARTESIAN_POINT('',(6.019655382527,75.846036103439));
#366 = CARTESIAN_POINT('',(6.007314871283,75.924547560907));
#367 = CARTESIAN_POINT('',(5.978563528696,76.12047629233));
#368 = CARTESIAN_POINT('',(5.962538857572,76.240740985375));
#369 = CARTESIAN_POINT('',(5.947286493946,76.366064887698));
#370 = CARTESIAN_POINT('',(5.932794522475,76.495913042834));
#371 = CARTESIAN_POINT('',(5.919052303255,76.629857430251));
#372 = CARTESIAN_POINT('',(5.889484439691,76.943038008123));
#373 = CARTESIAN_POINT('',(5.874117190015,77.124663417885));
#374 = CARTESIAN_POINT('',(5.859943605719,77.311641935125));
#375 = CARTESIAN_POINT('',(5.846962626321,77.503351326123));
#376 = CARTESIAN_POINT('',(5.835179027697,77.699302990533));
#377 = CARTESIAN_POINT('',(5.81621251305,78.057652839315));
#378 = CARTESIAN_POINT('',(5.808582917529,78.218609083018));
#379 = CARTESIAN_POINT('',(5.801725854581,78.381678427756));
#380 = CARTESIAN_POINT('',(5.795651587327,78.546588814495));
#381 = CARTESIAN_POINT('',(5.79036985814,78.7130889498));
#382 = CARTESIAN_POINT('',(5.780983360567,79.064766964474));
#383 = CARTESIAN_POINT('',(5.777038605847,79.25020187115));
#384 = CARTESIAN_POINT('',(5.77406989186,79.436839894046));
#385 = CARTESIAN_POINT('',(5.772087138906,79.624278756496));
#386 = CARTESIAN_POINT('',(5.771095554245,79.812126282781));
#387 = CARTESIAN_POINT('',(5.771095554245,80.36028643458));
#388 = CARTESIAN_POINT('',(5.774742207334,80.720045675776));
#389 = CARTESIAN_POINT('',(5.782015972896,81.076918104507));
#390 = CARTESIAN_POINT('',(5.792857485479,81.428481522451));
#391 = CARTESIAN_POINT('',(5.807164061164,81.772055924303));
#392 = CARTESIAN_POINT('',(5.835303672079,82.302647765045));
#393 = CARTESIAN_POINT('',(5.847000063867,82.496979813024));
#394 = CARTESIAN_POINT('',(5.859874512396,82.687135512087));
#395 = CARTESIAN_POINT('',(5.873922343995,82.872637586403));
#396 = CARTESIAN_POINT('',(5.889144533557,83.052879560553));
#397 = CARTESIAN_POINT('',(5.918353246458,83.363101672864));
#398 = CARTESIAN_POINT('',(5.931880857597,83.495458258338));
#399 = CARTESIAN_POINT('',(5.946138896244,83.623845605075));
#400 = CARTESIAN_POINT('',(5.961136862029,83.747849976361));
#401 = CARTESIAN_POINT('',(5.976885538884,83.866956547164));
#402 = CARTESIAN_POINT('',(6.015307162419,84.131270639772));
#403 = CARTESIAN_POINT('',(6.038611423848,84.272631560386));
#404 = CARTESIAN_POINT('',(6.063286196535,84.402648272832));
#405 = CARTESIAN_POINT('',(6.089297340919,84.519224147817));
#406 = CARTESIAN_POINT('',(6.116602690833,84.620109196477));
#407 = CARTESIAN_POINT('',(6.166907936433,84.765893561431));
#408 = CARTESIAN_POINT('',(6.189389896328,84.818409990827));
#409 = CARTESIAN_POINT('',(6.212428686732,84.858873241074));
#410 = CARTESIAN_POINT('',(6.235854457629,84.886258046802));
#411 = CARTESIAN_POINT('',(6.259497157897,84.9));
#412 = CARTESIAN_POINT('',(6.28318530718,84.9));
#413 = ( GEOMETRIC_REPRESENTATION_CONTEXT(2) 
PARAMETRIC_REPRESENTATION_CONTEXT() REPRESENTATION_CONTEXT('2D SPACE',''
  ) );
#414 = PCURVE('',#415,#420);
#415 = CYLINDRICAL_SURFACE('',#416,4.9);
#416 = AXIS2_PLACEMENT_3D('',#417,#418,#419);
#417 = CARTESIAN_POINT('',(-100.,510.,200.));
#418 = DIRECTION('',(0.,0.,1.));
#419 = DIRECTION('',(1.,0.,-0.));
#420 = DEFINITIONAL_REPRESENTATION('',(#421),#479);
#421 = B_SPLINE_CURVE_WITH_KNOTS('',6,(#422,#423,#424,#425,#426,#427,
    #428,#429,#430,#431,#432,#433,#434,#435,#436,#437,#438,#439,#440,
    #441,#442,#443,#444,#445,#446,#447,#448,#449,#450,#451,#452,#453,
    #454,#455,#456,#457,#458,#459,#460,#461,#462,#463,#464,#465,#466,
    #467,#468,#469,#470,#471,#472,#473,#474,#475,#476,#477,#478),
  .UNSPECIFIED.,.F.,.F.,(7,5,5,5,5,5,5,5,5,5,5,7),(0.,0.117797069069,
    0.170955529157,0.245777952338,0.341125323184,0.416787638421,
    0.499643918037,0.658537849596,0.753224911171,0.8271518165,
    0.925241735308,1.),.UNSPECIFIED.);
#422 = CARTESIAN_POINT('',(3.14159265359,3.));
#423 = CARTESIAN_POINT('',(3.218218063907,3.));
#424 = CARTESIAN_POINT('',(3.294144390597,3.016917001514));
#425 = CARTESIAN_POINT('',(3.368952593613,3.050171117269));
#426 = CARTESIAN_POINT('',(3.442191590937,3.097601665692));
#427 = CARTESIAN_POINT('',(3.513291399397,3.155624634721));
#428 = CARTESIAN_POINT('',(3.612158146628,3.249134238514));
#429 = CARTESIAN_POINT('',(3.642445557027,3.279659025581));
#430 = CARTESIAN_POINT('',(3.672300213203,3.311376023773));
#431 = CARTESIAN_POINT('',(3.70174182134,3.344042542018));
#432 = CARTESIAN_POINT('',(3.730788635886,3.377430760773));
#433 = CARTESIAN_POINT('',(3.799812735062,3.459043040353));
#434 = CARTESIAN_POINT('',(3.839431425003,3.507781122052));
#435 = CARTESIAN_POINT('',(3.878388813313,3.556984558292));
#436 = CARTESIAN_POINT('',(3.91675558558,3.606163161515));
#437 = CARTESIAN_POINT('',(3.954600872401,3.654884115175));
#438 = CARTESIAN_POINT('',(4.039644853966,3.76376989906));
#439 = CARTESIAN_POINT('',(4.086573537845,3.823422899314));
#440 = CARTESIAN_POINT('',(4.132894514426,3.880881109516));
#441 = CARTESIAN_POINT('',(4.178715432332,3.935412560246));
#442 = CARTESIAN_POINT('',(4.224140753555,3.986372642237));
#443 = CARTESIAN_POINT('',(4.305091516696,4.070332908845));
#444 = CARTESIAN_POINT('',(4.340720762194,4.104865042161));
#445 = CARTESIAN_POINT('',(4.376193766278,4.136472361485));
#446 = CARTESIAN_POINT('',(4.411540340223,4.164883494463));
#447 = CARTESIAN_POINT('',(4.446790847003,4.189868320145));
#448 = CARTESIAN_POINT('',(4.520510082071,4.234646658232));
#449 = CARTESIAN_POINT('',(4.558963254227,4.253719101174));
#450 = CARTESIAN_POINT('',(4.59735690389,4.268201236231));
#451 = CARTESIAN_POINT('',(4.635711168321,4.277917006565));
#452 = CARTESIAN_POINT('',(4.674047405442,4.282775671121));
#453 = CARTESIAN_POINT('',(4.785916824176,4.282775671121));
#454 = CARTESIAN_POINT('',(4.859337043759,4.264906993448));
#455 = CARTESIAN_POINT('',(4.932883825814,4.229265921132));
#456 = CARTESIAN_POINT('',(5.006767309247,4.177010895421));
#457 = CARTESIAN_POINT('',(5.081188782498,4.110358037029));
#458 = CARTESIAN_POINT('',(5.201095472173,3.985839146601));
#459 = CARTESIAN_POINT('',(5.246155937209,3.935270062637));
#460 = CARTESIAN_POINT('',(5.291605984794,3.881190178501));
#461 = CARTESIAN_POINT('',(5.337547543063,3.824228799637));
#462 = CARTESIAN_POINT('',(5.384085622886,3.765099740706));
#463 = CARTESIAN_POINT('',(5.468219082614,3.657399562404));
#464 = CARTESIAN_POINT('',(5.505543625657,3.609348959428));
#465 = CARTESIAN_POINT('',(5.543375039622,3.560835072501));
#466 = CARTESIAN_POINT('',(5.581778048104,3.512274365606));
#467 = CARTESIAN_POINT('',(5.620818867935,3.464137383414));
#468 = CARTESIAN_POINT('',(5.713317700691,3.354348143284));
#469 = CARTESIAN_POINT('',(5.767438853711,3.293276574967));
#470 = CARTESIAN_POINT('',(5.82295923994,3.235181034943));
#471 = CARTESIAN_POINT('',(5.879929154905,3.18165581279));
#472 = CARTESIAN_POINT('',(5.93842144416,3.13439776356));
#473 = CARTESIAN_POINT('',(6.044371787545,3.065179316037));
#474 = CARTESIAN_POINT('',(6.091151073569,3.039871434166));
#475 = CARTESIAN_POINT('',(6.138629442794,3.020152133012));
#476 = CARTESIAN_POINT('',(6.186591751544,3.006733551202));
#477 = CARTESIAN_POINT('',(6.234842145379,3.));
#478 = CARTESIAN_POINT('',(6.28318530718,3.));
#479 = ( GEOMETRIC_REPRESENTATION_CONTEXT(2) 
PARAMETRIC_REPRESENTATION_CONTEXT() REPRESENTATION_CONTEXT('2D SPACE',''
  ) );
#480 = ORIENTED_EDGE('',*,*,#481,.T.);
#481 = EDGE_CURVE('',#292,#482,#484,.T.);
#482 = VERTEX_POINT('',#483);
#483 = CARTESIAN_POINT('',(-54.9,510.,203.));
#484 = SEAM_CURVE('',#485,(#489,#496),.PCURVE_S1.);
#485 = LINE('',#486,#487);
#486 = CARTESIAN_POINT('',(-180.,510.,203.));
#487 = VECTOR('',#488,1.);
#488 = DIRECTION('',(1.,0.,0.));
#489 = PCURVE('',#31,#490);
#490 = DEFINITIONAL_REPRESENTATION('',(#491),#495);
#491 = LINE('',#492,#493);
#492 = CARTESIAN_POINT('',(0.,-0.));
#493 = VECTOR('',#494,1.);
#494 = DIRECTION('',(0.,1.));
#495 = ( GEOMETRIC_REPRESENTATION_CONTEXT(2) 
PARAMETRIC_REPRESENTATION_CONTEXT() REPRESENTATION_CONTEXT('2D SPACE',''
  ) );
#496 = PCURVE('',#31,#497);
#497 = DEFINITIONAL_REPRESENTATION('',(#498),#502);
#498 = LINE('',#499,#500);
#499 = CARTESIAN_POINT('',(6.28318530718,-0.));
#500 = VECTOR('',#501,1.);
#501 = DIRECTION('',(0.,1.));
#502 = ( GEOMETRIC_REPRESENTATION_CONTEXT(2) 
PARAMETRIC_REPRESENTATION_CONTEXT() REPRESENTATION_CONTEXT('2D SPACE',''
  ) );
#503 = ORIENTED_EDGE('',*,*,#504,.T.);
#504 = EDGE_CURVE('',#482,#505,#507,.T.);
#505 = VERTEX_POINT('',#506);
#506 = CARTESIAN_POINT('',(-45.1,510.,203.));
#507 = SURFACE_CURVE('',#508,(#566,#627),.PCURVE_S1.);
#508 = B_SPLINE_CURVE_WITH_KNOTS('',6,(#509,#510,#511,#512,#513,#514,
    #515,#516,#517,#518,#519,#520,#521,#522,#523,#524,#525,#526,#527,
    #528,#529,#530,#531,#532,#533,#534,#535,#536,#537,#538,#539,#540,
    #541,#542,#543,#544,#545,#546,#547,#548,#549,#550,#551,#552,#553,
    #554,#555,#556,#557,#558,#559,#560,#561,#562,#563,#564,#565),
  .UNSPECIFIED.,.F.,.F.,(7,5,5,5,5,5,5,5,5,5,5,7),(0.,0.117797069052,
    0.170955529138,0.24577795232,0.341125323169,0.416787638407,
    0.499643918025,0.658537849588,0.753224911165,0.827151816495,
    0.925241735306,1.),.UNSPECIFIED.);
#509 = CARTESIAN_POINT('',(-54.9,510.,203.));
#510 = CARTESIAN_POINT('',(-54.9,509.62453548944,203.));
#511 = CARTESIAN_POINT('',(-54.86547552458,509.25249619568,
    203.01691700151));
#512 = CARTESIAN_POINT('',(-54.7976097718,508.8899058172,203.05017111726
    ));
#513 = CARTESIAN_POINT('',(-54.69942739381,508.54257137434,
    203.09760166569));
#514 = CARTESIAN_POINT('',(-54.5757813914,508.21572061878,
    203.15562463472));
#515 = CARTESIAN_POINT('',(-54.36951386478,507.7773798121,
    203.24913423851));
#516 = CARTESIAN_POINT('',(-54.30129644968,507.64546210688,
    203.27965902558));
#517 = CARTESIAN_POINT('',(-54.22934154591,507.51792970959,
    203.31137602377));
#518 = CARTESIAN_POINT('',(-54.15396389656,507.3947695654,
    203.34404254201));
#519 = CARTESIAN_POINT('',(-54.07545243908,507.2759546771,
    203.37743076077));
#520 = CARTESIAN_POINT('',(-53.87952370767,507.00026752493,
    203.45904304035));
#521 = CARTESIAN_POINT('',(-53.75925901462,506.84757477418,
    203.50778112205));
#522 = CARTESIAN_POINT('',(-53.6339351123,506.70316297577,
    203.55698455829));
#523 = CARTESIAN_POINT('',(-53.50408695716,506.56681112239,
    203.60616316151));
#524 = CARTESIAN_POINT('',(-53.37014256974,506.43829940699,
    203.65488411517));
#525 = CARTESIAN_POINT('',(-53.05696199187,506.1633998951,
    203.76376989906));
#526 = CARTESIAN_POINT('',(-52.87533658211,506.02173992209,
    203.82342289931));
#527 = CARTESIAN_POINT('',(-52.68835806487,505.89213682115,
    203.88088110951));
#528 = CARTESIAN_POINT('',(-52.49664867387,505.77431543969,
    203.93541256024));
#529 = CARTESIAN_POINT('',(-52.30069700946,505.66805994166,
    203.98637264223));
#530 = CARTESIAN_POINT('',(-51.94234716068,505.4979907163,
    204.07033290884));
#531 = CARTESIAN_POINT('',(-51.78139091698,505.42995164835,
    204.10486504216));
#532 = CARTESIAN_POINT('',(-51.61832157224,505.36909586964,
    204.13647236148));
#533 = CARTESIAN_POINT('',(-51.4534111855,505.31540520424,
    204.16488349446));
#534 = CARTESIAN_POINT('',(-51.2869110502,505.2688704251,204.18986832014
    ));
#535 = CARTESIAN_POINT('',(-50.93523303552,505.18637476396,
    204.23464665823));
#536 = CARTESIAN_POINT('',(-50.74979812885,505.15184320454,
    204.25371910117));
#537 = CARTESIAN_POINT('',(-50.56316010595,505.12592770692,
    204.26820123623));
#538 = CARTESIAN_POINT('',(-50.3757212435,505.10864400876,
    204.27791700656));
#539 = CARTESIAN_POINT('',(-50.18787371721,505.1,204.28277567112));
#540 = CARTESIAN_POINT('',(-49.63971356541,505.1,204.28277567112));
#541 = CARTESIAN_POINT('',(-49.27995432422,505.13178891423,
    204.26490699344));
#542 = CARTESIAN_POINT('',(-48.92308189549,505.19519492679,
    204.22926592113));
#543 = CARTESIAN_POINT('',(-48.57151847755,505.29019402658,
    204.17701089542));
#544 = CARTESIAN_POINT('',(-48.22794407569,505.41684000579,
    204.11035803702));
#545 = CARTESIAN_POINT('',(-47.69735223495,505.66918662489,
    203.9858391466));
#546 = CARTESIAN_POINT('',(-47.50302018697,505.77466230548,
    203.93527006263));
#547 = CARTESIAN_POINT('',(-47.31286448791,505.89151834708,
    203.8811901785));
#548 = CARTESIAN_POINT('',(-47.12736241359,506.01996517894,
    203.82422879963));
#549 = CARTESIAN_POINT('',(-46.94712043944,506.16027066898,
    203.7650997407));
#550 = CARTESIAN_POINT('',(-46.63689832713,506.43177676933,
    203.6573995624));
#551 = CARTESIAN_POINT('',(-46.50454174166,506.55824675789,
    203.60934895942));
#552 = CARTESIAN_POINT('',(-46.37615439492,506.69234997708,
    203.5608350725));
#553 = CARTESIAN_POINT('',(-46.25215002363,506.83429093618,
    203.5122743656));
#554 = CARTESIAN_POINT('',(-46.13304345283,506.98427625096,
    203.46413738341));
#555 = CARTESIAN_POINT('',(-45.86872936022,507.3524724463,
    203.35434814328));
#556 = CARTESIAN_POINT('',(-45.72736843961,507.57744426963,
    203.29327657496));
#557 = CARTESIAN_POINT('',(-45.59735172716,507.8174071319,
    203.23518103494));
#558 = CARTESIAN_POINT('',(-45.48077585218,508.07215779937,
    203.18165581279));
#559 = CARTESIAN_POINT('',(-45.37989080352,508.34126847571,
    203.13439776356));
#560 = CARTESIAN_POINT('',(-45.23410643856,508.83953605444,
    203.06517931603));
#561 = CARTESIAN_POINT('',(-45.18159000917,509.06299882596,
    203.03987143416));
#562 = CARTESIAN_POINT('',(-45.14112675892,509.29267285022,
    203.02015213301));
#563 = CARTESIAN_POINT('',(-45.11374195319,509.52669155613,
    203.0067335512));
#564 = CARTESIAN_POINT('',(-45.1,509.76311850717,203.));
#565 = CARTESIAN_POINT('',(-45.1,510.,203.));
#566 = PCURVE('',#31,#567);
#567 = DEFINITIONAL_REPRESENTATION('',(#568),#626);
#568 = B_SPLINE_CURVE_WITH_KNOTS('',6,(#569,#570,#571,#572,#573,#574,
    #575,#576,#577,#578,#579,#580,#581,#582,#583,#584,#585,#586,#587,
    #588,#589,#590,#591,#592,#593,#594,#595,#596,#597,#598,#599,#600,
    #601,#602,#603,#604,#605,#606,#607,#608,#609,#610,#611,#612,#613,
    #614,#615,#616,#617,#618,#619,#620,#621,#622,#623,#624,#625),
  .UNSPECIFIED.,.F.,.F.,(7,5,5,5,5,5,5,5,5,5,5,7),(0.,0.117797069052,
    0.170955529138,0.24577795232,0.341125323169,0.416787638407,
    0.499643918025,0.658537849588,0.753224911165,0.827151816495,
    0.925241735306,1.),.UNSPECIFIED.);
#569 = CARTESIAN_POINT('',(6.28318530718,125.1));
#570 = CARTESIAN_POINT('',(6.245638856124,125.1));
#571 = CARTESIAN_POINT('',(6.208434865484,125.13452447541));
#572 = CARTESIAN_POINT('',(6.172080857213,125.20239022819));
#573 = CARTESIAN_POINT('',(6.137069431873,125.30057260618));
#574 = CARTESIAN_POINT('',(6.103893018392,125.42421860859));
#575 = CARTESIAN_POINT('',(6.059072631423,125.63048613522));
#576 = CARTESIAN_POINT('',(6.04553431139,125.69870355031));
#577 = CARTESIAN_POINT('',(6.032395126127,125.77065845408));
#578 = CARTESIAN_POINT('',(6.019655382528,125.84603610343));
#579 = CARTESIAN_POINT('',(6.007314871282,125.92454756091));
#580 = CARTESIAN_POINT('',(5.978563528696,126.12047629233));
#581 = CARTESIAN_POINT('',(5.962538857572,126.24074098537));
#582 = CARTESIAN_POINT('',(5.947286493946,126.36606488769));
#583 = CARTESIAN_POINT('',(5.932794522475,126.49591304283));
#584 = CARTESIAN_POINT('',(5.919052303255,126.62985743025));
#585 = CARTESIAN_POINT('',(5.889484439691,126.94303800812));
#586 = CARTESIAN_POINT('',(5.874117190015,127.12466341788));
#587 = CARTESIAN_POINT('',(5.859943605719,127.31164193512));
#588 = CARTESIAN_POINT('',(5.846962626321,127.50335132612));
#589 = CARTESIAN_POINT('',(5.835179027697,127.69930299053));
#590 = CARTESIAN_POINT('',(5.81621251305,128.05765283931));
#591 = CARTESIAN_POINT('',(5.808582917529,128.21860908301));
#592 = CARTESIAN_POINT('',(5.801725854581,128.38167842775));
#593 = CARTESIAN_POINT('',(5.795651587327,128.54658881449));
#594 = CARTESIAN_POINT('',(5.79036985814,128.7130889498));
#595 = CARTESIAN_POINT('',(5.780983360567,129.06476696447));
#596 = CARTESIAN_POINT('',(5.777038605847,129.25020187115));
#597 = CARTESIAN_POINT('',(5.77406989186,129.43683989404));
#598 = CARTESIAN_POINT('',(5.772087138906,129.62427875649));
#599 = CARTESIAN_POINT('',(5.771095554245,129.81212628278));
#600 = CARTESIAN_POINT('',(5.771095554245,130.36028643458));
#601 = CARTESIAN_POINT('',(5.774742207334,130.72004567577));
#602 = CARTESIAN_POINT('',(5.782015972896,131.0769181045));
#603 = CARTESIAN_POINT('',(5.792857485479,131.42848152245));
#604 = CARTESIAN_POINT('',(5.807164061164,131.7720559243));
#605 = CARTESIAN_POINT('',(5.835303672079,132.30264776504));
#606 = CARTESIAN_POINT('',(5.847000063867,132.49697981302));
#607 = CARTESIAN_POINT('',(5.859874512396,132.68713551208));
#608 = CARTESIAN_POINT('',(5.873922343995,132.8726375864));
#609 = CARTESIAN_POINT('',(5.889144533557,133.05287956055));
#610 = CARTESIAN_POINT('',(5.918353246458,133.36310167286));
#611 = CARTESIAN_POINT('',(5.931880857597,133.49545825833));
#612 = CARTESIAN_POINT('',(5.946138896244,133.62384560507));
#613 = CARTESIAN_POINT('',(5.961136862029,133.74784997636));
#614 = CARTESIAN_POINT('',(5.976885538884,133.86695654716));
#615 = CARTESIAN_POINT('',(6.015307162419,134.13127063977));
#616 = CARTESIAN_POINT('',(6.038611423848,134.27263156038));
#617 = CARTESIAN_POINT('',(6.063286196535,134.40264827283));
#618 = CARTESIAN_POINT('',(6.089297340919,134.51922414781));
#619 = CARTESIAN_POINT('',(6.116602690833,134.62010919647));
#620 = CARTESIAN_POINT('',(6.166907936433,134.76589356143));
#621 = CARTESIAN_POINT('',(6.189389896328,134.81840999082));
#622 = CARTESIAN_POINT('',(6.212428686732,134.85887324107));
#623 = CARTESIAN_POINT('',(6.235854457629,134.8862580468));
#624 = CARTESIAN_POINT('',(6.259497157897,134.9));
#625 = CARTESIAN_POINT('',(6.28318530718,134.9));
#626 = ( GEOMETRIC_REPRESENTATION_CONTEXT(2) 
PARAMETRIC_REPRESENTATION_CONTEXT() REPRESENTATION_CONTEXT('2D SPACE',''
  ) );
#627 = PCURVE('',#628,#633);
#628 = CYLINDRICAL_SURFACE('',#629,4.9);
#629 = AXIS2_PLACEMENT_3D('',#630,#631,#632);
#630 = CARTESIAN_POINT('',(-50.,510.,200.));
#631 = DIRECTION('',(0.,0.,1.));
#632 = DIRECTION('',(1.,0.,-0.));
#633 = DEFINITIONAL_REPRESENTATION('',(#634),#692);
#634 = B_SPLINE_CURVE_WITH_KNOTS('',6,(#635,#636,#637,#638,#639,#640,
    #641,#642,#643,#644,#645,#646,#647,#648,#649,#650,#651,#652,#653,
    #654,#655,#656,#657,#658,#659,#660,#661,#662,#663,#664,#665,#666,
    #667,#668,#669,#670,#671,#672,#673,#674,#675,#676,#677,#678,#679,
    #680,#681,#682,#683,#684,#685,#686,#687,#688,#689,#690,#691),
  .UNSPECIFIED.,.F.,.F.,(7,5,5,5,5,5,5,5,5,5,5,7),(0.,0.117797069052,
    0.170955529138,0.24577795232,0.341125323169,0.416787638407,
    0.499643918025,0.658537849588,0.753224911165,0.827151816495,
    0.925241735306,1.),.UNSPECIFIED.);
#635 = CARTESIAN_POINT('',(3.14159265359,3.));
#636 = CARTESIAN_POINT('',(3.218218063907,3.));
#637 = CARTESIAN_POINT('',(3.294144390597,3.016917001514));
#638 = CARTESIAN_POINT('',(3.368952593613,3.050171117269));
#639 = CARTESIAN_POINT('',(3.442191590937,3.097601665692));
#640 = CARTESIAN_POINT('',(3.513291399397,3.155624634721));
#641 = CARTESIAN_POINT('',(3.612158146631,3.249134238517));
#642 = CARTESIAN_POINT('',(3.642445557027,3.27965902558));
#643 = CARTESIAN_POINT('',(3.6723002132,3.311376023771));
#644 = CARTESIAN_POINT('',(3.70174182134,3.344042542017));
#645 = CARTESIAN_POINT('',(3.730788635888,3.377430760776));
#646 = CARTESIAN_POINT('',(3.799812735062,3.459043040353));
#647 = CARTESIAN_POINT('',(3.839431425003,3.507781122052));
#648 = CARTESIAN_POINT('',(3.878388813313,3.556984558292));
#649 = CARTESIAN_POINT('',(3.91675558558,3.606163161515));
#650 = CARTESIAN_POINT('',(3.954600872401,3.654884115175));
#651 = CARTESIAN_POINT('',(4.039644853966,3.76376989906));
#652 = CARTESIAN_POINT('',(4.086573537845,3.823422899314));
#653 = CARTESIAN_POINT('',(4.132894514426,3.880881109516));
#654 = CARTESIAN_POINT('',(4.178715432332,3.935412560246));
#655 = CARTESIAN_POINT('',(4.224140753555,3.986372642237));
#656 = CARTESIAN_POINT('',(4.305091516696,4.070332908845));
#657 = CARTESIAN_POINT('',(4.340720762194,4.104865042161));
#658 = CARTESIAN_POINT('',(4.376193766278,4.136472361485));
#659 = CARTESIAN_POINT('',(4.411540340223,4.164883494463));
#660 = CARTESIAN_POINT('',(4.446790847003,4.189868320145));
#661 = CARTESIAN_POINT('',(4.520510082071,4.234646658232));
#662 = CARTESIAN_POINT('',(4.558963254227,4.253719101174));
#663 = CARTESIAN_POINT('',(4.59735690389,4.268201236231));
#664 = CARTESIAN_POINT('',(4.635711168321,4.277917006565));
#665 = CARTESIAN_POINT('',(4.674047405442,4.282775671121));
#666 = CARTESIAN_POINT('',(4.785916824177,4.282775671121));
#667 = CARTESIAN_POINT('',(4.859337043759,4.264906993448));
#668 = CARTESIAN_POINT('',(4.932883825814,4.229265921132));
#669 = CARTESIAN_POINT('',(5.006767309247,4.177010895421));
#670 = CARTESIAN_POINT('',(5.081188782498,4.110358037029));
#671 = CARTESIAN_POINT('',(5.201095472173,3.985839146601));
#672 = CARTESIAN_POINT('',(5.246155937209,3.935270062637));
#673 = CARTESIAN_POINT('',(5.291605984794,3.881190178501));
#674 = CARTESIAN_POINT('',(5.337547543063,3.824228799637));
#675 = CARTESIAN_POINT('',(5.384085622886,3.765099740706));
#676 = CARTESIAN_POINT('',(5.468219082614,3.657399562404));
#677 = CARTESIAN_POINT('',(5.505543625657,3.609348959428));
#678 = CARTESIAN_POINT('',(5.543375039622,3.560835072501));
#679 = CARTESIAN_POINT('',(5.581778048104,3.512274365606));
#680 = CARTESIAN_POINT('',(5.620818867935,3.464137383414));
#681 = CARTESIAN_POINT('',(5.713317700691,3.354348143284));
#682 = CARTESIAN_POINT('',(5.767438853711,3.293276574967));
#683 = CARTESIAN_POINT('',(5.82295923994,3.235181034943));
#684 = CARTESIAN_POINT('',(5.879929154905,3.181655812791));
#685 = CARTESIAN_POINT('',(5.93842144416,3.13439776356));
#686 = CARTESIAN_POINT('',(6.044371787545,3.065179316037));
#687 = CARTESIAN_POINT('',(6.091151073569,3.039871434166));
#688 = CARTESIAN_POINT('',(6.138629442794,3.020152133012));
#689 = CARTESIAN_POINT('',(6.186591751544,3.006733551202));
#690 = CARTESIAN_POINT('',(6.234842145379,3.));
#691 = CARTESIAN_POINT('',(6.28318530718,3.));
#692 = ( GEOMETRIC_REPRESENTATION_CONTEXT(2) 
PARAMETRIC_REPRESENTATION_CONTEXT() REPRESENTATION_CONTEXT('2D SPACE',''
  ) );
#693 = ORIENTED_EDGE('',*,*,#694,.T.);
#694 = EDGE_CURVE('',#505,#695,#697,.T.);
#695 = VERTEX_POINT('',#696);
#696 = CARTESIAN_POINT('',(-4.900000000001,510.,203.));
#697 = SEAM_CURVE('',#698,(#702,#709),.PCURVE_S1.);
#698 = LINE('',#699,#700);
#699 = CARTESIAN_POINT('',(-180.,510.,203.));
#700 = VECTOR('',#701,1.);
#701 = DIRECTION('',(1.,0.,0.));
#702 = PCURVE('',#31,#703);
#703 = DEFINITIONAL_REPRESENTATION('',(#704),#708);
#704 = LINE('',#705,#706);
#705 = CARTESIAN_POINT('',(0.,-0.));
#706 = VECTOR('',#707,1.);
#707 = DIRECTION('',(0.,1.));
#708 = ( GEOMETRIC_REPRESENTATION_CONTEXT(2) 
PARAMETRIC_REPRESENTATION_CONTEXT() REPRESENTATION_CONTEXT('2D SPACE',''
  ) );
#709 = PCURVE('',#31,#710);
#710 = DEFINITIONAL_REPRESENTATION('',(#711),#715);
#711 = LINE('',#712,#713);
#712 = CARTESIAN_POINT('',(6.28318530718,-0.));
#713 = VECTOR('',#714,1.);
#714 = DIRECTION('',(0.,1.));
#715 = ( GEOMETRIC_REPRESENTATION_CONTEXT(2) 
PARAMETRIC_REPRESENTATION_CONTEXT() REPRESENTATION_CONTEXT('2D SPACE',''
  ) );
#716 = ORIENTED_EDGE('',*,*,#717,.T.);
#717 = EDGE_CURVE('',#695,#718,#720,.T.);
#718 = VERTEX_POINT('',#719);
#719 = CARTESIAN_POINT('',(4.9,510.,203.));
#720 = SURFACE_CURVE('',#721,(#779,#840),.PCURVE_S1.);
#721 = B_SPLINE_CURVE_WITH_KNOTS('',6,(#722,#723,#724,#725,#726,#727,
    #728,#729,#730,#731,#732,#733,#734,#735,#736,#737,#738,#739,#740,
    #741,#742,#743,#744,#745,#746,#747,#748,#749,#750,#751,#752,#753,
    #754,#755,#756,#757,#758,#759,#760,#761,#762,#763,#764,#765,#766,
    #767,#768,#769,#770,#771,#772,#773,#774,#775,#776,#777,#778),
  .UNSPECIFIED.,.F.,.F.,(7,5,5,5,5,5,5,5,5,5,5,7),(0.,0.117797068986,
    0.170955529042,0.245777950433,0.341125324215,0.416787639345,
    0.499643918843,0.658537850177,0.753224911618,0.827151816842,
    0.925241735511,1.),.UNSPECIFIED.);
#722 = CARTESIAN_POINT('',(-4.9,510.,203.));
#723 = CARTESIAN_POINT('',(-4.9,509.62453548944,203.));
#724 = CARTESIAN_POINT('',(-4.865475524587,509.25249619568,
    203.01691700151));
#725 = CARTESIAN_POINT('',(-4.797609771807,508.8899058172,
    203.05017111726));
#726 = CARTESIAN_POINT('',(-4.699427393814,508.54257137434,
    203.09760166569));
#727 = CARTESIAN_POINT('',(-4.575781391403,508.21572061878,
    203.15562463472));
#728 = CARTESIAN_POINT('',(-4.36951386478,507.7773798121,203.24913423851
    ));
#729 = CARTESIAN_POINT('',(-4.301296449689,507.64546210688,
    203.27965902558));
#730 = CARTESIAN_POINT('',(-4.229341545918,507.51792970959,
    203.31137602377));
#731 = CARTESIAN_POINT('',(-4.153963896563,507.3947695654,
    203.34404254201));
#732 = CARTESIAN_POINT('',(-4.075452439086,507.2759546771,
    203.37743076077));
#733 = CARTESIAN_POINT('',(-3.879523710347,507.0002675287,
    203.45904303923));
#734 = CARTESIAN_POINT('',(-3.759259010196,506.84757476914,
    203.50778112374));
#735 = CARTESIAN_POINT('',(-3.633935112366,506.70316297519,
    203.55698455835));
#736 = CARTESIAN_POINT('',(-3.50408696161,506.56681112716,
    203.60616315985));
#737 = CARTESIAN_POINT('',(-3.370142566897,506.43829940449,
    203.65488411616));
#738 = CARTESIAN_POINT('',(-3.056961985914,506.16339988986,
    203.76376990113));
#739 = CARTESIAN_POINT('',(-2.875336592032,506.02173992894,
    203.82342289637));
#740 = CARTESIAN_POINT('',(-2.688358064667,505.89213682217,
    203.88088110925));
#741 = CARTESIAN_POINT('',(-2.496648663873,505.77431543333,
    203.93541256305));
#742 = CARTESIAN_POINT('',(-2.300697015903,505.66805994472,
    203.98637264072));
#743 = CARTESIAN_POINT('',(-1.942347160684,505.4979907163,
    204.07033290884));
#744 = CARTESIAN_POINT('',(-1.781390916982,505.42995164835,
    204.10486504216));
#745 = CARTESIAN_POINT('',(-1.618321572245,505.36909586965,
    204.13647236148));
#746 = CARTESIAN_POINT('',(-1.453411185505,505.31540520424,
    204.16488349446));
#747 = CARTESIAN_POINT('',(-1.286911050199,505.2688704251,
    204.18986832014));
#748 = CARTESIAN_POINT('',(-0.935233035526,505.18637476396,
    204.23464665823));
#749 = CARTESIAN_POINT('',(-0.74979812885,505.15184320454,
    204.25371910117));
#750 = CARTESIAN_POINT('',(-0.563160105954,505.12592770692,
    204.26820123623));
#751 = CARTESIAN_POINT('',(-0.375721243504,505.10864400876,
    204.27791700656));
#752 = CARTESIAN_POINT('',(-0.187873717219,505.1,204.28277567112));
#753 = CARTESIAN_POINT('',(0.36028643458,505.1,204.28277567112));
#754 = CARTESIAN_POINT('',(0.720045675775,505.13178891423,
    204.26490699344));
#755 = CARTESIAN_POINT('',(1.076918104508,505.19519492679,
    204.22926592113));
#756 = CARTESIAN_POINT('',(1.428481522451,505.29019402658,
    204.17701089542));
#757 = CARTESIAN_POINT('',(1.772055924303,505.41684000579,
    204.11035803702));
#758 = CARTESIAN_POINT('',(2.302647765045,505.66918662489,203.9858391466
    ));
#759 = CARTESIAN_POINT('',(2.496979813024,505.77466230548,
    203.93527006263));
#760 = CARTESIAN_POINT('',(2.687135512087,505.89151834708,203.8811901785
    ));
#761 = CARTESIAN_POINT('',(2.872637586403,506.01996517894,
    203.82422879963));
#762 = CARTESIAN_POINT('',(3.052879560553,506.16027066898,203.7650997407
    ));
#763 = CARTESIAN_POINT('',(3.363101672864,506.43177676933,203.6573995624
    ));
#764 = CARTESIAN_POINT('',(3.495458258338,506.55824675789,
    203.60934895942));
#765 = CARTESIAN_POINT('',(3.623845605075,506.69234997708,203.5608350725
    ));
#766 = CARTESIAN_POINT('',(3.747849976361,506.83429093618,203.5122743656
    ));
#767 = CARTESIAN_POINT('',(3.866956547164,506.98427625096,
    203.46413738341));
#768 = CARTESIAN_POINT('',(4.131270639772,507.3524724463,203.35434814328
    ));
#769 = CARTESIAN_POINT('',(4.272631560385,507.57744426963,
    203.29327657496));
#770 = CARTESIAN_POINT('',(4.402648272832,507.8174071319,203.23518103494
    ));
#771 = CARTESIAN_POINT('',(4.519224147817,508.07215779937,
    203.18165581279));
#772 = CARTESIAN_POINT('',(4.620109196477,508.34126847571,
    203.13439776355));
#773 = CARTESIAN_POINT('',(4.765893561349,508.83953605416,
    203.06517931607));
#774 = CARTESIAN_POINT('',(4.818409990883,509.06299882604,
    203.03987143414));
#775 = CARTESIAN_POINT('',(4.858873241115,509.29267285051,
    203.02015213299));
#776 = CARTESIAN_POINT('',(4.886258046768,509.5266915562,203.00673355121
    ));
#777 = CARTESIAN_POINT('',(4.9,509.76311850688,203.));
#778 = CARTESIAN_POINT('',(4.9,510.,203.));
#779 = PCURVE('',#31,#780);
#780 = DEFINITIONAL_REPRESENTATION('',(#781),#839);
#781 = B_SPLINE_CURVE_WITH_KNOTS('',6,(#782,#783,#784,#785,#786,#787,
    #788,#789,#790,#791,#792,#793,#794,#795,#796,#797,#798,#799,#800,
    #801,#802,#803,#804,#805,#806,#807,#808,#809,#810,#811,#812,#813,
    #814,#815,#816,#817,#818,#819,#820,#821,#822,#823,#824,#825,#826,
    #827,#828,#829,#830,#831,#832,#833,#834,#835,#836,#837,#838),
  .UNSPECIFIED.,.F.,.F.,(7,5,5,5,5,5,5,5,5,5,5,7),(0.,0.117797068986,
    0.170955529042,0.245777950433,0.341125324215,0.416787639345,
    0.499643918843,0.658537850177,0.753224911618,0.827151816842,
    0.925241735511,1.),.UNSPECIFIED.);
#782 = CARTESIAN_POINT('',(6.28318530718,175.1));
#783 = CARTESIAN_POINT('',(6.245638856124,175.1));
#784 = CARTESIAN_POINT('',(6.208434865484,175.13452447541));
#785 = CARTESIAN_POINT('',(6.172080857213,175.20239022819));
#786 = CARTESIAN_POINT('',(6.137069431873,175.30057260618));
#787 = CARTESIAN_POINT('',(6.103893018392,175.42421860859));
#788 = CARTESIAN_POINT('',(6.059072631423,175.63048613522));
#789 = CARTESIAN_POINT('',(6.04553431139,175.69870355031));
#790 = CARTESIAN_POINT('',(6.032395126127,175.77065845408));
#791 = CARTESIAN_POINT('',(6.019655382528,175.84603610343));
#792 = CARTESIAN_POINT('',(6.007314871282,175.92454756091));
#793 = CARTESIAN_POINT('',(5.978563529089,176.12047628965));
#794 = CARTESIAN_POINT('',(5.96253885704,176.2407409898));
#795 = CARTESIAN_POINT('',(5.947286493889,176.36606488763));
#796 = CARTESIAN_POINT('',(5.93279452298,176.49591303839));
#797 = CARTESIAN_POINT('',(5.919052302985,176.6298574331));
#798 = CARTESIAN_POINT('',(5.889484439128,176.94303801408));
#799 = CARTESIAN_POINT('',(5.87411719076,177.12466340796));
#800 = CARTESIAN_POINT('',(5.859943605822,177.31164193533));
#801 = CARTESIAN_POINT('',(5.846962625626,177.50335133612));
#802 = CARTESIAN_POINT('',(5.835179028038,177.69930298409));
#803 = CARTESIAN_POINT('',(5.81621251305,178.05765283931));
#804 = CARTESIAN_POINT('',(5.808582917529,178.21860908301));
#805 = CARTESIAN_POINT('',(5.801725854581,178.38167842775));
#806 = CARTESIAN_POINT('',(5.795651587327,178.54658881449));
#807 = CARTESIAN_POINT('',(5.79036985814,178.7130889498));
#808 = CARTESIAN_POINT('',(5.780983360567,179.06476696447));
#809 = CARTESIAN_POINT('',(5.777038605847,179.25020187115));
#810 = CARTESIAN_POINT('',(5.77406989186,179.43683989404));
#811 = CARTESIAN_POINT('',(5.772087138906,179.62427875649));
#812 = CARTESIAN_POINT('',(5.771095554245,179.81212628278));
#813 = CARTESIAN_POINT('',(5.771095554245,180.36028643458));
#814 = CARTESIAN_POINT('',(5.774742207334,180.72004567577));
#815 = CARTESIAN_POINT('',(5.782015972896,181.0769181045));
#816 = CARTESIAN_POINT('',(5.792857485479,181.42848152245));
#817 = CARTESIAN_POINT('',(5.807164061164,181.7720559243));
#818 = CARTESIAN_POINT('',(5.835303672079,182.30264776504));
#819 = CARTESIAN_POINT('',(5.847000063867,182.49697981302));
#820 = CARTESIAN_POINT('',(5.859874512396,182.68713551208));
#821 = CARTESIAN_POINT('',(5.873922343995,182.8726375864));
#822 = CARTESIAN_POINT('',(5.889144533557,183.05287956055));
#823 = CARTESIAN_POINT('',(5.918353246458,183.36310167286));
#824 = CARTESIAN_POINT('',(5.931880857597,183.49545825833));
#825 = CARTESIAN_POINT('',(5.946138896244,183.62384560507));
#826 = CARTESIAN_POINT('',(5.961136862029,183.74784997636));
#827 = CARTESIAN_POINT('',(5.976885538884,183.86695654716));
#828 = CARTESIAN_POINT('',(6.015307162419,184.13127063977));
#829 = CARTESIAN_POINT('',(6.038611423848,184.27263156038));
#830 = CARTESIAN_POINT('',(6.063286196535,184.40264827283));
#831 = CARTESIAN_POINT('',(6.089297340919,184.51922414781));
#832 = CARTESIAN_POINT('',(6.116602690833,184.62010919647));
#833 = CARTESIAN_POINT('',(6.166907936405,184.76589356134));
#834 = CARTESIAN_POINT('',(6.189389896336,184.81840999088));
#835 = CARTESIAN_POINT('',(6.212428686761,184.85887324111));
#836 = CARTESIAN_POINT('',(6.235854457636,184.88625804676));
#837 = CARTESIAN_POINT('',(6.259497157868,184.9));
#838 = CARTESIAN_POINT('',(6.28318530718,184.9));
#839 = ( GEOMETRIC_REPRESENTATION_CONTEXT(2) 
PARAMETRIC_REPRESENTATION_CONTEXT() REPRESENTATION_CONTEXT('2D SPACE',''
  ) );
#840 = PCURVE('',#841,#846);
#841 = CYLINDRICAL_SURFACE('',#842,4.9);
#842 = AXIS2_PLACEMENT_3D('',#843,#844,#845);
#843 = CARTESIAN_POINT('',(0.,510.,200.));
#844 = DIRECTION('',(0.,0.,1.));
#845 = DIRECTION('',(1.,0.,-0.));
#846 = DEFINITIONAL_REPRESENTATION('',(#847),#905);
#847 = B_SPLINE_CURVE_WITH_KNOTS('',6,(#848,#849,#850,#851,#852,#853,
    #854,#855,#856,#857,#858,#859,#860,#861,#862,#863,#864,#865,#866,
    #867,#868,#869,#870,#871,#872,#873,#874,#875,#876,#877,#878,#879,
    #880,#881,#882,#883,#884,#885,#886,#887,#888,#889,#890,#891,#892,
    #893,#894,#895,#896,#897,#898,#899,#900,#901,#902,#903,#904),
  .UNSPECIFIED.,.F.,.F.,(7,5,5,5,5,5,5,5,5,5,5,7),(0.,0.117797068986,
    0.170955529042,0.245777950433,0.341125324215,0.416787639345,
    0.499643918843,0.658537850177,0.753224911618,0.827151816842,
    0.925241735511,1.),.UNSPECIFIED.);
#848 = CARTESIAN_POINT('',(3.14159265359,3.));
#849 = CARTESIAN_POINT('',(3.218218063907,3.));
#850 = CARTESIAN_POINT('',(3.294144390597,3.016917001514));
#851 = CARTESIAN_POINT('',(3.368952593613,3.050171117269));
#852 = CARTESIAN_POINT('',(3.442191590937,3.097601665692));
#853 = CARTESIAN_POINT('',(3.513291399397,3.155624634721));
#854 = CARTESIAN_POINT('',(3.612158146631,3.249134238517));
#855 = CARTESIAN_POINT('',(3.642445557027,3.27965902558));
#856 = CARTESIAN_POINT('',(3.6723002132,3.311376023771));
#857 = CARTESIAN_POINT('',(3.70174182134,3.344042542017));
#858 = CARTESIAN_POINT('',(3.730788635888,3.377430760776));
#859 = CARTESIAN_POINT('',(3.799812734119,3.459043039238));
#860 = CARTESIAN_POINT('',(3.83943142638,3.507781123747));
#861 = CARTESIAN_POINT('',(3.878388813393,3.556984558353));
#862 = CARTESIAN_POINT('',(3.916755584243,3.606163159852));
#863 = CARTESIAN_POINT('',(3.954600873176,3.654884116167));
#864 = CARTESIAN_POINT('',(4.039644855585,3.763769901133));
#865 = CARTESIAN_POINT('',(4.086573535366,3.823422896375));
#866 = CARTESIAN_POINT('',(4.132894514346,3.880881109251));
#867 = CARTESIAN_POINT('',(4.178715434771,3.935412563057));
#868 = CARTESIAN_POINT('',(4.224140752101,3.986372640729));
#869 = CARTESIAN_POINT('',(4.305091516696,4.070332908845));
#870 = CARTESIAN_POINT('',(4.340720762194,4.104865042161));
#871 = CARTESIAN_POINT('',(4.376193766278,4.136472361485));
#872 = CARTESIAN_POINT('',(4.411540340223,4.164883494463));
#873 = CARTESIAN_POINT('',(4.446790847003,4.189868320146));
#874 = CARTESIAN_POINT('',(4.520510082071,4.234646658232));
#875 = CARTESIAN_POINT('',(4.558963254227,4.253719101174));
#876 = CARTESIAN_POINT('',(4.59735690389,4.268201236231));
#877 = CARTESIAN_POINT('',(4.635711168321,4.277917006565));
#878 = CARTESIAN_POINT('',(4.674047405442,4.282775671121));
#879 = CARTESIAN_POINT('',(4.785916824177,4.282775671121));
#880 = CARTESIAN_POINT('',(4.859337043759,4.264906993448));
#881 = CARTESIAN_POINT('',(4.932883825814,4.229265921132));
#882 = CARTESIAN_POINT('',(5.006767309247,4.177010895421));
#883 = CARTESIAN_POINT('',(5.081188782498,4.110358037029));
#884 = CARTESIAN_POINT('',(5.201095472173,3.985839146601));
#885 = CARTESIAN_POINT('',(5.246155937209,3.935270062637));
#886 = CARTESIAN_POINT('',(5.291605984794,3.881190178501));
#887 = CARTESIAN_POINT('',(5.337547543063,3.824228799637));
#888 = CARTESIAN_POINT('',(5.384085622886,3.765099740706));
#889 = CARTESIAN_POINT('',(5.468219082614,3.657399562403));
#890 = CARTESIAN_POINT('',(5.505543625657,3.609348959428));
#891 = CARTESIAN_POINT('',(5.543375039622,3.560835072501));
#892 = CARTESIAN_POINT('',(5.581778048104,3.512274365606));
#893 = CARTESIAN_POINT('',(5.620818867935,3.464137383414));
#894 = CARTESIAN_POINT('',(5.713317700691,3.354348143284));
#895 = CARTESIAN_POINT('',(5.767438853711,3.293276574967));
#896 = CARTESIAN_POINT('',(5.82295923994,3.235181034943));
#897 = CARTESIAN_POINT('',(5.879929154905,3.181655812791));
#898 = CARTESIAN_POINT('',(5.93842144416,3.13439776356));
#899 = CARTESIAN_POINT('',(6.044371787485,3.065179316076));
#900 = CARTESIAN_POINT('',(6.091151073588,3.03987143414));
#901 = CARTESIAN_POINT('',(6.138629442852,3.020152132991));
#902 = CARTESIAN_POINT('',(6.186591751559,3.006733551219));
#903 = CARTESIAN_POINT('',(6.23484214532,3.));
#904 = CARTESIAN_POINT('',(6.28318530718,3.));
#905 = ( GEOMETRIC_REPRESENTATION_CONTEXT(2) 
PARAMETRIC_REPRESENTATION_CONTEXT() REPRESENTATION_CONTEXT('2D SPACE',''
  ) );
#906 = ORIENTED_EDGE('',*,*,#907,.T.);
#907 = EDGE_CURVE('',#718,#908,#910,.T.);
#908 = VERTEX_POINT('',#909);
#909 = CARTESIAN_POINT('',(45.099999999999,510.,203.));
#910 = SEAM_CURVE('',#911,(#915,#922),.PCURVE_S1.);
#911 = LINE('',#912,#913);
#912 = CARTESIAN_POINT('',(-180.,510.,203.));
#913 = VECTOR('',#914,1.);
#914 = DIRECTION('',(1.,0.,0.));
#915 = PCURVE('',#31,#916);
#916 = DEFINITIONAL_REPRESENTATION('',(#917),#921);
#917 = LINE('',#918,#919);
#918 = CARTESIAN_POINT('',(0.,-0.));
#919 = VECTOR('',#920,1.);
#920 = DIRECTION('',(0.,1.));
#921 = ( GEOMETRIC_REPRESENTATION_CONTEXT(2) 
PARAMETRIC_REPRESENTATION_CONTEXT() REPRESENTATION_CONTEXT('2D SPACE',''
  ) );
#922 = PCURVE('',#31,#923);
#923 = DEFINITIONAL_REPRESENTATION('',(#924),#928);
#924 = LINE('',#925,#926);
#925 = CARTESIAN_POINT('',(6.28318530718,-0.));
#926 = VECTOR('',#927,1.);
#927 = DIRECTION('',(0.,1.));
#928 = ( GEOMETRIC_REPRESENTATION_CONTEXT(2) 
PARAMETRIC_REPRESENTATION_CONTEXT() REPRESENTATION_CONTEXT('2D SPACE',''
  ) );
#929 = ORIENTED_EDGE('',*,*,#930,.T.);
#930 = EDGE_CURVE('',#908,#931,#933,.T.);
#931 = VERTEX_POINT('',#932);
#932 = CARTESIAN_POINT('',(54.9,510.,203.));
#933 = SURFACE_CURVE('',#934,(#992,#1053),.PCURVE_S1.);
#934 = B_SPLINE_CURVE_WITH_KNOTS('',6,(#935,#936,#937,#938,#939,#940,
    #941,#942,#943,#944,#945,#946,#947,#948,#949,#950,#951,#952,#953,
    #954,#955,#956,#957,#958,#959,#960,#961,#962,#963,#964,#965,#966,
    #967,#968,#969,#970,#971,#972,#973,#974,#975,#976,#977,#978,#979,
    #980,#981,#982,#983,#984,#985,#986,#987,#988,#989,#990,#991),
  .UNSPECIFIED.,.F.,.F.,(7,5,5,5,5,5,5,5,5,5,5,7),(0.,0.117797069509,
    0.170955529797,0.245777951508,0.341125322459,0.416787637778,
    0.499643917486,0.658537849219,0.753224910898,0.827151816309,
    0.925241735225,1.),.UNSPECIFIED.);
#935 = CARTESIAN_POINT('',(45.1,510.,203.));
#936 = CARTESIAN_POINT('',(45.1,509.62453548944,203.));
#937 = CARTESIAN_POINT('',(45.134524475413,509.25249619568,
    203.01691700151));
#938 = CARTESIAN_POINT('',(45.202390228193,508.88990581721,
    203.05017111726));
#939 = CARTESIAN_POINT('',(45.300572606186,508.54257137434,
    203.09760166569));
#940 = CARTESIAN_POINT('',(45.424218608597,508.21572061878,
    203.15562463472));
#941 = CARTESIAN_POINT('',(45.630486135214,507.77737981211,
    203.24913423851));
#942 = CARTESIAN_POINT('',(45.698703550311,507.64546210688,
    203.27965902558));
#943 = CARTESIAN_POINT('',(45.770658454088,507.51792970958,
    203.31137602377));
#944 = CARTESIAN_POINT('',(45.846036103439,507.39476956539,
    203.34404254201));
#945 = CARTESIAN_POINT('',(45.924547560907,507.27595467711,
    203.37743076077));
#946 = CARTESIAN_POINT('',(46.120476289653,507.0002675287,
    203.45904303923));
#947 = CARTESIAN_POINT('',(46.240740989804,506.84757476914,
    203.50778112374));
#948 = CARTESIAN_POINT('',(46.366064887634,506.70316297519,
    203.55698455835));
#949 = CARTESIAN_POINT('',(46.49591303839,506.56681112716,
    203.60616315985));
#950 = CARTESIAN_POINT('',(46.629857433103,506.43829940449,
    203.65488411616));
#951 = CARTESIAN_POINT('',(46.943038008123,506.1633998951,
    203.76376989906));
#952 = CARTESIAN_POINT('',(47.124663417885,506.02173992209,
    203.82342289931));
#953 = CARTESIAN_POINT('',(47.311641935126,505.89213682115,
    203.88088110951));
#954 = CARTESIAN_POINT('',(47.503351326123,505.77431543969,
    203.93541256024));
#955 = CARTESIAN_POINT('',(47.699302990533,505.66805994166,
    203.98637264223));
#956 = CARTESIAN_POINT('',(48.057652839316,505.4979907163,
    204.07033290884));
#957 = CARTESIAN_POINT('',(48.218609083018,505.42995164835,
    204.10486504216));
#958 = CARTESIAN_POINT('',(48.381678427756,505.36909586965,
    204.13647236148));
#959 = CARTESIAN_POINT('',(48.546588814495,505.31540520424,
    204.16488349446));
#960 = CARTESIAN_POINT('',(48.713088949801,505.2688704251,
    204.18986832014));
#961 = CARTESIAN_POINT('',(49.064766964474,505.18637476396,
    204.23464665823));
#962 = CARTESIAN_POINT('',(49.25020187115,505.15184320454,
    204.25371910117));
#963 = CARTESIAN_POINT('',(49.436839894046,505.12592770692,
    204.26820123623));
#964 = CARTESIAN_POINT('',(49.624278756496,505.10864400876,
    204.27791700656));
#965 = CARTESIAN_POINT('',(49.812126282781,505.1,204.28277567112));
#966 = CARTESIAN_POINT('',(50.36028643458,505.1,204.28277567112));
#967 = CARTESIAN_POINT('',(50.720045675776,505.13178891423,
    204.26490699344));
#968 = CARTESIAN_POINT('',(51.076918104507,505.19519492679,
    204.22926592113));
#969 = CARTESIAN_POINT('',(51.428481522451,505.29019402658,
    204.17701089542));
#970 = CARTESIAN_POINT('',(51.772055924303,505.41684000579,
    204.11035803702));
#971 = CARTESIAN_POINT('',(52.302647765046,505.66918662489,
    203.9858391466));
#972 = CARTESIAN_POINT('',(52.496979813024,505.77466230548,
    203.93527006263));
#973 = CARTESIAN_POINT('',(52.687135512086,505.89151834708,
    203.8811901785));
#974 = CARTESIAN_POINT('',(52.872637586403,506.01996517894,
    203.82422879963));
#975 = CARTESIAN_POINT('',(53.052879560553,506.16027066898,
    203.7650997407));
#976 = CARTESIAN_POINT('',(53.363101672864,506.43177676933,
    203.6573995624));
#977 = CARTESIAN_POINT('',(53.495458258338,506.55824675789,
    203.60934895942));
#978 = CARTESIAN_POINT('',(53.623845605075,506.69234997708,
    203.5608350725));
#979 = CARTESIAN_POINT('',(53.747849976361,506.83429093618,
    203.5122743656));
#980 = CARTESIAN_POINT('',(53.866956547164,506.98427625096,
    203.46413738341));
#981 = CARTESIAN_POINT('',(54.131270639772,507.3524724463,
    203.35434814328));
#982 = CARTESIAN_POINT('',(54.272631560385,507.57744426963,
    203.29327657496));
#983 = CARTESIAN_POINT('',(54.402648272833,507.8174071319,
    203.23518103494));
#984 = CARTESIAN_POINT('',(54.519224147817,508.07215779937,
    203.18165581279));
#985 = CARTESIAN_POINT('',(54.620109196477,508.34126847571,
    203.13439776356));
#986 = CARTESIAN_POINT('',(54.765893561431,508.83953605444,
    203.06517931603));
#987 = CARTESIAN_POINT('',(54.818409990827,509.06299882596,
    203.03987143416));
#988 = CARTESIAN_POINT('',(54.858873241075,509.29267285022,
    203.02015213301));
#989 = CARTESIAN_POINT('',(54.886258046802,509.52669155613,
    203.0067335512));
#990 = CARTESIAN_POINT('',(54.9,509.76311850717,203.));
#991 = CARTESIAN_POINT('',(54.9,510.,203.));
#992 = PCURVE('',#31,#993);
#993 = DEFINITIONAL_REPRESENTATION('',(#994),#1052);
#994 = B_SPLINE_CURVE_WITH_KNOTS('',6,(#995,#996,#997,#998,#999,#1000,
    #1001,#1002,#1003,#1004,#1005,#1006,#1007,#1008,#1009,#1010,#1011,
    #1012,#1013,#1014,#1015,#1016,#1017,#1018,#1019,#1020,#1021,#1022,
    #1023,#1024,#1025,#1026,#1027,#1028,#1029,#1030,#1031,#1032,#1033,
    #1034,#1035,#1036,#1037,#1038,#1039,#1040,#1041,#1042,#1043,#1044,
    #1045,#1046,#1047,#1048,#1049,#1050,#1051),.UNSPECIFIED.,.F.,.F.,(7,
    5,5,5,5,5,5,5,5,5,5,7),(0.,0.117797069509,0.170955529797,
    0.245777951508,0.341125322459,0.416787637778,0.499643917486,
    0.658537849219,0.753224910898,0.827151816309,0.925241735225,1.),
  .UNSPECIFIED.);
#995 = CARTESIAN_POINT('',(6.28318530718,225.1));
#996 = CARTESIAN_POINT('',(6.245638856124,225.1));
#997 = CARTESIAN_POINT('',(6.208434865484,225.13452447541));
#998 = CARTESIAN_POINT('',(6.172080857213,225.20239022819));
#999 = CARTESIAN_POINT('',(6.137069431873,225.30057260618));
#1000 = CARTESIAN_POINT('',(6.103893018392,225.42421860859));
#1001 = CARTESIAN_POINT('',(6.059072631424,225.63048613521));
#1002 = CARTESIAN_POINT('',(6.045534311389,225.69870355031));
#1003 = CARTESIAN_POINT('',(6.032395126125,225.77065845408));
#1004 = CARTESIAN_POINT('',(6.019655382527,225.84603610343));
#1005 = CARTESIAN_POINT('',(6.007314871283,225.9245475609));
#1006 = CARTESIAN_POINT('',(5.978563529089,226.12047628965));
#1007 = CARTESIAN_POINT('',(5.96253885704,226.2407409898));
#1008 = CARTESIAN_POINT('',(5.947286493889,226.36606488763));
#1009 = CARTESIAN_POINT('',(5.93279452298,226.49591303839));
#1010 = CARTESIAN_POINT('',(5.919052302985,226.6298574331));
#1011 = CARTESIAN_POINT('',(5.889484439691,226.94303800812));
#1012 = CARTESIAN_POINT('',(5.874117190015,227.12466341788));
#1013 = CARTESIAN_POINT('',(5.859943605719,227.31164193512));
#1014 = CARTESIAN_POINT('',(5.846962626321,227.50335132612));
#1015 = CARTESIAN_POINT('',(5.835179027697,227.69930299053));
#1016 = CARTESIAN_POINT('',(5.81621251305,228.05765283931));
#1017 = CARTESIAN_POINT('',(5.808582917529,228.21860908301));
#1018 = CARTESIAN_POINT('',(5.801725854581,228.38167842775));
#1019 = CARTESIAN_POINT('',(5.795651587327,228.54658881449));
#1020 = CARTESIAN_POINT('',(5.79036985814,228.7130889498));
#1021 = CARTESIAN_POINT('',(5.780983360567,229.06476696447));
#1022 = CARTESIAN_POINT('',(5.777038605847,229.25020187115));
#1023 = CARTESIAN_POINT('',(5.77406989186,229.43683989404));
#1024 = CARTESIAN_POINT('',(5.772087138906,229.62427875649));
#1025 = CARTESIAN_POINT('',(5.771095554245,229.81212628278));
#1026 = CARTESIAN_POINT('',(5.771095554245,230.36028643458));
#1027 = CARTESIAN_POINT('',(5.774742207334,230.72004567577));
#1028 = CARTESIAN_POINT('',(5.782015972896,231.0769181045));
#1029 = CARTESIAN_POINT('',(5.792857485479,231.42848152245));
#1030 = CARTESIAN_POINT('',(5.807164061164,231.7720559243));
#1031 = CARTESIAN_POINT('',(5.835303672079,232.30264776504));
#1032 = CARTESIAN_POINT('',(5.847000063867,232.49697981302));
#1033 = CARTESIAN_POINT('',(5.859874512396,232.68713551208));
#1034 = CARTESIAN_POINT('',(5.873922343995,232.8726375864));
#1035 = CARTESIAN_POINT('',(5.889144533557,233.05287956055));
#1036 = CARTESIAN_POINT('',(5.918353246458,233.36310167286));
#1037 = CARTESIAN_POINT('',(5.931880857597,233.49545825833));
#1038 = CARTESIAN_POINT('',(5.946138896244,233.62384560507));
#1039 = CARTESIAN_POINT('',(5.961136862029,233.74784997636));
#1040 = CARTESIAN_POINT('',(5.976885538884,233.86695654716));
#1041 = CARTESIAN_POINT('',(6.015307162419,234.13127063977));
#1042 = CARTESIAN_POINT('',(6.038611423848,234.27263156038));
#1043 = CARTESIAN_POINT('',(6.063286196535,234.40264827283));
#1044 = CARTESIAN_POINT('',(6.089297340919,234.51922414781));
#1045 = CARTESIAN_POINT('',(6.116602690833,234.62010919647));
#1046 = CARTESIAN_POINT('',(6.166907936433,234.76589356143));
#1047 = CARTESIAN_POINT('',(6.189389896328,234.81840999082));
#1048 = CARTESIAN_POINT('',(6.212428686732,234.85887324107));
#1049 = CARTESIAN_POINT('',(6.235854457629,234.8862580468));
#1050 = CARTESIAN_POINT('',(6.259497157897,234.9));
#1051 = CARTESIAN_POINT('',(6.28318530718,234.9));
#1052 = ( GEOMETRIC_REPRESENTATION_CONTEXT(2) 
PARAMETRIC_REPRESENTATION_CONTEXT() REPRESENTATION_CONTEXT('2D SPACE',''
  ) );
#1053 = PCURVE('',#1054,#1059);
#1054 = CYLINDRICAL_SURFACE('',#1055,4.9);
#1055 = AXIS2_PLACEMENT_3D('',#1056,#1057,#1058);
#1056 = CARTESIAN_POINT('',(50.,510.,200.));
#1057 = DIRECTION('',(0.,0.,1.));
#1058 = DIRECTION('',(1.,0.,-0.));
#1059 = DEFINITIONAL_REPRESENTATION('',(#1060),#1118);
#1060 = B_SPLINE_CURVE_WITH_KNOTS('',6,(#1061,#1062,#1063,#1064,#1065,
    #1066,#1067,#1068,#1069,#1070,#1071,#1072,#1073,#1074,#1075,#1076,
    #1077,#1078,#1079,#1080,#1081,#1082,#1083,#1084,#1085,#1086,#1087,
    #1088,#1089,#1090,#1091,#1092,#1093,#1094,#1095,#1096,#1097,#1098,
    #1099,#1100,#1101,#1102,#1103,#1104,#1105,#1106,#1107,#1108,#1109,
    #1110,#1111,#1112,#1113,#1114,#1115,#1116,#1117),.UNSPECIFIED.,.F.,
  .F.,(7,5,5,5,5,5,5,5,5,5,5,7),(0.,0.117797069509,0.170955529797,
    0.245777951508,0.341125322459,0.416787637778,0.499643917486,
    0.658537849219,0.753224910898,0.827151816309,0.925241735225,1.),
  .UNSPECIFIED.);
#1061 = CARTESIAN_POINT('',(3.14159265359,3.));
#1062 = CARTESIAN_POINT('',(3.218218063907,3.));
#1063 = CARTESIAN_POINT('',(3.294144390597,3.016917001514));
#1064 = CARTESIAN_POINT('',(3.368952593613,3.050171117269));
#1065 = CARTESIAN_POINT('',(3.442191590937,3.097601665692));
#1066 = CARTESIAN_POINT('',(3.513291399397,3.155624634721));
#1067 = CARTESIAN_POINT('',(3.612158146628,3.249134238514));
#1068 = CARTESIAN_POINT('',(3.642445557027,3.279659025581));
#1069 = CARTESIAN_POINT('',(3.672300213203,3.311376023773));
#1070 = CARTESIAN_POINT('',(3.70174182134,3.344042542018));
#1071 = CARTESIAN_POINT('',(3.730788635886,3.377430760773));
#1072 = CARTESIAN_POINT('',(3.799812734119,3.459043039238));
#1073 = CARTESIAN_POINT('',(3.83943142638,3.507781123747));
#1074 = CARTESIAN_POINT('',(3.878388813393,3.556984558353));
#1075 = CARTESIAN_POINT('',(3.916755584243,3.606163159852));
#1076 = CARTESIAN_POINT('',(3.954600873176,3.654884116167));
#1077 = CARTESIAN_POINT('',(4.039644853966,3.76376989906));
#1078 = CARTESIAN_POINT('',(4.086573537845,3.823422899314));
#1079 = CARTESIAN_POINT('',(4.132894514426,3.880881109516));
#1080 = CARTESIAN_POINT('',(4.178715432332,3.935412560246));
#1081 = CARTESIAN_POINT('',(4.224140753555,3.986372642237));
#1082 = CARTESIAN_POINT('',(4.305091516696,4.070332908845));
#1083 = CARTESIAN_POINT('',(4.340720762194,4.104865042161));
#1084 = CARTESIAN_POINT('',(4.376193766278,4.136472361485));
#1085 = CARTESIAN_POINT('',(4.411540340223,4.164883494463));
#1086 = CARTESIAN_POINT('',(4.446790847003,4.189868320146));
#1087 = CARTESIAN_POINT('',(4.520510082071,4.234646658232));
#1088 = CARTESIAN_POINT('',(4.558963254227,4.253719101174));
#1089 = CARTESIAN_POINT('',(4.59735690389,4.268201236231));
#1090 = CARTESIAN_POINT('',(4.635711168321,4.277917006565));
#1091 = CARTESIAN_POINT('',(4.674047405442,4.282775671121));
#1092 = CARTESIAN_POINT('',(4.785916824177,4.282775671121));
#1093 = CARTESIAN_POINT('',(4.859337043759,4.264906993448));
#1094 = CARTESIAN_POINT('',(4.932883825814,4.229265921132));
#1095 = CARTESIAN_POINT('',(5.006767309247,4.177010895421));
#1096 = CARTESIAN_POINT('',(5.081188782498,4.110358037029));
#1097 = CARTESIAN_POINT('',(5.201095472173,3.985839146601));
#1098 = CARTESIAN_POINT('',(5.246155937209,3.935270062637));
#1099 = CARTESIAN_POINT('',(5.291605984794,3.881190178501));
#1100 = CARTESIAN_POINT('',(5.337547543063,3.824228799637));
#1101 = CARTESIAN_POINT('',(5.384085622886,3.765099740705));
#1102 = CARTESIAN_POINT('',(5.468219082614,3.657399562404));
#1103 = CARTESIAN_POINT('',(5.505543625657,3.609348959428));
#1104 = CARTESIAN_POINT('',(5.543375039622,3.560835072501));
#1105 = CARTESIAN_POINT('',(5.581778048104,3.512274365606));
#1106 = CARTESIAN_POINT('',(5.620818867935,3.464137383414));
#1107 = CARTESIAN_POINT('',(5.713317700691,3.354348143284));
#1108 = CARTESIAN_POINT('',(5.767438853711,3.293276574967));
#1109 = CARTESIAN_POINT('',(5.82295923994,3.235181034943));
#1110 = CARTESIAN_POINT('',(5.879929154905,3.181655812791));
#1111 = CARTESIAN_POINT('',(5.93842144416,3.13439776356));
#1112 = CARTESIAN_POINT('',(6.044371787545,3.065179316037));
#1113 = CARTESIAN_POINT('',(6.091151073569,3.039871434166));
#1114 = CARTESIAN_POINT('',(6.138629442794,3.020152133012));
#1115 = CARTESIAN_POINT('',(6.186591751544,3.006733551202));
#1116 = CARTESIAN_POINT('',(6.234842145379,3.));
#1117 = CARTESIAN_POINT('',(6.28318530718,3.));
#1118 = ( GEOMETRIC_REPRESENTATION_CONTEXT(2) 
PARAMETRIC_REPRESENTATION_CONTEXT() REPRESENTATION_CONTEXT('2D SPACE',''
  ) );
#1119 = ORIENTED_EDGE('',*,*,#1120,.T.);
#1120 = EDGE_CURVE('',#931,#1121,#1123,.T.);
#1121 = VERTEX_POINT('',#1122);
#1122 = CARTESIAN_POINT('',(95.099999999999,510.,203.));
#1123 = SEAM_CURVE('',#1124,(#1128,#1135),.PCURVE_S1.);
#1124 = LINE('',#1125,#1126);
#1125 = CARTESIAN_POINT('',(-180.,510.,203.));
#1126 = VECTOR('',#1127,1.);
#1127 = DIRECTION('',(1.,0.,0.));
#1128 = PCURVE('',#31,#1129);
#1129 = DEFINITIONAL_REPRESENTATION('',(#1130),#1134);
#1130 = LINE('',#1131,#1132);
#1131 = CARTESIAN_POINT('',(0.,-0.));
#1132 = VECTOR('',#1133,1.);
#1133 = DIRECTION('',(0.,1.));
#1134 = ( GEOMETRIC_REPRESENTATION_CONTEXT(2) 
PARAMETRIC_REPRESENTATION_CONTEXT() REPRESENTATION_CONTEXT('2D SPACE',''
  ) );
#1135 = PCURVE('',#31,#1136);
#1136 = DEFINITIONAL_REPRESENTATION('',(#1137),#1141);
#1137 = LINE('',#1138,#1139);
#1138 = CARTESIAN_POINT('',(6.28318530718,-0.));
#1139 = VECTOR('',#1140,1.);
#1140 = DIRECTION('',(0.,1.));
#1141 = ( GEOMETRIC_REPRESENTATION_CONTEXT(2) 
PARAMETRIC_REPRESENTATION_CONTEXT() REPRESENTATION_CONTEXT('2D SPACE',''
  ) );
#1142 = ORIENTED_EDGE('',*,*,#1143,.T.);
#1143 = EDGE_CURVE('',#1121,#1144,#1146,.T.);
#1144 = VERTEX_POINT('',#1145);
#1145 = CARTESIAN_POINT('',(104.9,510.,203.));
#1146 = SURFACE_CURVE('',#1147,(#1205,#1266),.PCURVE_S1.);
#1147 = B_SPLINE_CURVE_WITH_KNOTS('',6,(#1148,#1149,#1150,#1151,#1152,
    #1153,#1154,#1155,#1156,#1157,#1158,#1159,#1160,#1161,#1162,#1163,
    #1164,#1165,#1166,#1167,#1168,#1169,#1170,#1171,#1172,#1173,#1174,
    #1175,#1176,#1177,#1178,#1179,#1180,#1181,#1182,#1183,#1184,#1185,
    #1186,#1187,#1188,#1189,#1190,#1191,#1192,#1193,#1194,#1195,#1196,
    #1197,#1198,#1199,#1200,#1201,#1202,#1203,#1204),.UNSPECIFIED.,.F.,
  .F.,(7,5,5,5,5,5,5,5,5,5,5,7),(0.,0.117797068991,0.170955529045,
    0.245777950427,0.341125324198,0.416787639317,0.499643918806,
    0.65853785012,0.753224911549,0.827151816764,0.925241735423,1.),
  .UNSPECIFIED.);
#1148 = CARTESIAN_POINT('',(95.1,510.,203.));
#1149 = CARTESIAN_POINT('',(95.1,509.62453548944,203.));
#1150 = CARTESIAN_POINT('',(95.134524475413,509.25249619568,
    203.01691700151));
#1151 = CARTESIAN_POINT('',(95.202390228193,508.8899058172,
    203.05017111726));
#1152 = CARTESIAN_POINT('',(95.300572606186,508.54257137434,
    203.09760166569));
#1153 = CARTESIAN_POINT('',(95.424218608598,508.21572061878,
    203.15562463472));
#1154 = CARTESIAN_POINT('',(95.630486135214,507.77737981211,
    203.24913423851));
#1155 = CARTESIAN_POINT('',(95.698703550311,507.64546210688,
    203.27965902558));
#1156 = CARTESIAN_POINT('',(95.770658454088,507.51792970958,
    203.31137602377));
#1157 = CARTESIAN_POINT('',(95.846036103439,507.39476956539,
    203.34404254201));
#1158 = CARTESIAN_POINT('',(95.924547560907,507.27595467711,
    203.37743076077));
#1159 = CARTESIAN_POINT('',(96.120476289653,507.0002675287,
    203.45904303923));
#1160 = CARTESIAN_POINT('',(96.240740989803,506.84757476914,
    203.50778112374));
#1161 = CARTESIAN_POINT('',(96.366064887634,506.70316297519,
    203.55698455835));
#1162 = CARTESIAN_POINT('',(96.495913038391,506.56681112716,
    203.60616315985));
#1163 = CARTESIAN_POINT('',(96.629857433103,506.43829940449,
    203.65488411616));
#1164 = CARTESIAN_POINT('',(96.943038014086,506.16339988986,
    203.76376990113));
#1165 = CARTESIAN_POINT('',(97.124663407968,506.02173992894,
    203.82342289637));
#1166 = CARTESIAN_POINT('',(97.311641935334,505.89213682217,
    203.88088110925));
#1167 = CARTESIAN_POINT('',(97.503351336128,505.77431543333,
    203.93541256305));
#1168 = CARTESIAN_POINT('',(97.699302984097,505.66805994472,
    203.98637264072));
#1169 = CARTESIAN_POINT('',(98.057652839317,505.4979907163,
    204.07033290884));
#1170 = CARTESIAN_POINT('',(98.21860908302,505.42995164835,
    204.10486504216));
#1171 = CARTESIAN_POINT('',(98.381678427757,505.36909586964,
    204.13647236148));
#1172 = CARTESIAN_POINT('',(98.546588814496,505.31540520424,
    204.16488349446));
#1173 = CARTESIAN_POINT('',(98.713088949803,505.2688704251,
    204.18986832014));
#1174 = CARTESIAN_POINT('',(99.064766964475,505.18637476396,
    204.23464665823));
#1175 = CARTESIAN_POINT('',(99.250201871151,505.15184320454,
    204.25371910117));
#1176 = CARTESIAN_POINT('',(99.436839894047,505.12592770692,
    204.26820123623));
#1177 = CARTESIAN_POINT('',(99.624278756497,505.10864400876,
    204.27791700656));
#1178 = CARTESIAN_POINT('',(99.812126282781,505.1,204.28277567112));
#1179 = CARTESIAN_POINT('',(100.36028643458,505.1,204.28277567112));
#1180 = CARTESIAN_POINT('',(100.72004567577,505.13178891423,
    204.26490699344));
#1181 = CARTESIAN_POINT('',(101.0769181045,505.19519492679,
    204.22926592113));
#1182 = CARTESIAN_POINT('',(101.42848152245,505.29019402658,
    204.17701089542));
#1183 = CARTESIAN_POINT('',(101.7720559243,505.41684000579,
    204.11035803702));
#1184 = CARTESIAN_POINT('',(102.30264776504,505.66918662489,
    203.9858391466));
#1185 = CARTESIAN_POINT('',(102.49697981302,505.77466230548,
    203.93527006263));
#1186 = CARTESIAN_POINT('',(102.68713551208,505.89151834708,
    203.8811901785));
#1187 = CARTESIAN_POINT('',(102.8726375864,506.01996517894,
    203.82422879963));
#1188 = CARTESIAN_POINT('',(103.05287956055,506.16027066898,
    203.7650997407));
#1189 = CARTESIAN_POINT('',(103.36310167286,506.43177676933,
    203.6573995624));
#1190 = CARTESIAN_POINT('',(103.49545825834,506.55824675789,
    203.60934895942));
#1191 = CARTESIAN_POINT('',(103.62384560507,506.69234997709,
    203.5608350725));
#1192 = CARTESIAN_POINT('',(103.74784997636,506.83429093618,
    203.5122743656));
#1193 = CARTESIAN_POINT('',(103.86695654716,506.98427625096,
    203.46413738341));
#1194 = CARTESIAN_POINT('',(104.13127063977,507.3524724463,
    203.35434814328));
#1195 = CARTESIAN_POINT('',(104.27263156038,507.57744426964,
    203.29327657496));
#1196 = CARTESIAN_POINT('',(104.40264827283,507.8174071319,
    203.23518103494));
#1197 = CARTESIAN_POINT('',(104.51922414781,508.07215779937,
    203.18165581279));
#1198 = CARTESIAN_POINT('',(104.62010919647,508.34126847571,
    203.13439776355));
#1199 = CARTESIAN_POINT('',(104.76589356143,508.83953605444,
    203.06517931603));
#1200 = CARTESIAN_POINT('',(104.81840999082,509.06299882596,
    203.03987143416));
#1201 = CARTESIAN_POINT('',(104.85887324107,509.29267285022,
    203.02015213301));
#1202 = CARTESIAN_POINT('',(104.8862580468,509.52669155613,
    203.0067335512));
#1203 = CARTESIAN_POINT('',(104.9,509.76311850717,203.));
#1204 = CARTESIAN_POINT('',(104.9,510.,203.));
#1205 = PCURVE('',#31,#1206);
#1206 = DEFINITIONAL_REPRESENTATION('',(#1207),#1265);
#1207 = B_SPLINE_CURVE_WITH_KNOTS('',6,(#1208,#1209,#1210,#1211,#1212,
    #1213,#1214,#1215,#1216,#1217,#1218,#1219,#1220,#1221,#1222,#1223,
    #1224,#1225,#1226,#1227,#1228,#1229,#1230,#1231,#1232,#1233,#1234,
    #1235,#1236,#1237,#1238,#1239,#1240,#1241,#1242,#1243,#1244,#1245,
    #1246,#1247,#1248,#1249,#1250,#1251,#1252,#1253,#1254,#1255,#1256,
    #1257,#1258,#1259,#1260,#1261,#1262,#1263,#1264),.UNSPECIFIED.,.F.,
  .F.,(7,5,5,5,5,5,5,5,5,5,5,7),(0.,0.117797068991,0.170955529045,
    0.245777950427,0.341125324198,0.416787639317,0.499643918806,
    0.65853785012,0.753224911549,0.827151816764,0.925241735423,1.),
  .UNSPECIFIED.);
#1208 = CARTESIAN_POINT('',(6.28318530718,275.1));
#1209 = CARTESIAN_POINT('',(6.245638856124,275.1));
#1210 = CARTESIAN_POINT('',(6.208434865484,275.13452447541));
#1211 = CARTESIAN_POINT('',(6.172080857212,275.20239022819));
#1212 = CARTESIAN_POINT('',(6.137069431873,275.30057260618));
#1213 = CARTESIAN_POINT('',(6.103893018392,275.42421860859));
#1214 = CARTESIAN_POINT('',(6.059072631424,275.63048613521));
#1215 = CARTESIAN_POINT('',(6.045534311389,275.69870355031));
#1216 = CARTESIAN_POINT('',(6.032395126125,275.77065845408));
#1217 = CARTESIAN_POINT('',(6.019655382527,275.84603610343));
#1218 = CARTESIAN_POINT('',(6.007314871283,275.9245475609));
#1219 = CARTESIAN_POINT('',(5.978563529089,276.12047628965));
#1220 = CARTESIAN_POINT('',(5.96253885704,276.2407409898));
#1221 = CARTESIAN_POINT('',(5.947286493889,276.36606488763));
#1222 = CARTESIAN_POINT('',(5.93279452298,276.49591303839));
#1223 = CARTESIAN_POINT('',(5.919052302985,276.6298574331));
#1224 = CARTESIAN_POINT('',(5.889484439128,276.94303801408));
#1225 = CARTESIAN_POINT('',(5.87411719076,277.12466340796));
#1226 = CARTESIAN_POINT('',(5.859943605822,277.31164193533));
#1227 = CARTESIAN_POINT('',(5.846962625626,277.50335133612));
#1228 = CARTESIAN_POINT('',(5.835179028038,277.69930298409));
#1229 = CARTESIAN_POINT('',(5.81621251305,278.05765283931));
#1230 = CARTESIAN_POINT('',(5.808582917529,278.21860908302));
#1231 = CARTESIAN_POINT('',(5.801725854581,278.38167842775));
#1232 = CARTESIAN_POINT('',(5.795651587327,278.54658881449));
#1233 = CARTESIAN_POINT('',(5.79036985814,278.7130889498));
#1234 = CARTESIAN_POINT('',(5.780983360567,279.06476696447));
#1235 = CARTESIAN_POINT('',(5.777038605847,279.25020187115));
#1236 = CARTESIAN_POINT('',(5.77406989186,279.43683989404));
#1237 = CARTESIAN_POINT('',(5.772087138906,279.62427875649));
#1238 = CARTESIAN_POINT('',(5.771095554245,279.81212628278));
#1239 = CARTESIAN_POINT('',(5.771095554245,280.36028643458));
#1240 = CARTESIAN_POINT('',(5.774742207334,280.72004567577));
#1241 = CARTESIAN_POINT('',(5.782015972896,281.0769181045));
#1242 = CARTESIAN_POINT('',(5.792857485479,281.42848152245));
#1243 = CARTESIAN_POINT('',(5.807164061164,281.7720559243));
#1244 = CARTESIAN_POINT('',(5.835303672079,282.30264776504));
#1245 = CARTESIAN_POINT('',(5.847000063867,282.49697981302));
#1246 = CARTESIAN_POINT('',(5.859874512396,282.68713551208));
#1247 = CARTESIAN_POINT('',(5.873922343995,282.8726375864));
#1248 = CARTESIAN_POINT('',(5.889144533558,283.05287956055));
#1249 = CARTESIAN_POINT('',(5.918353246458,283.36310167286));
#1250 = CARTESIAN_POINT('',(5.931880857598,283.49545825834));
#1251 = CARTESIAN_POINT('',(5.946138896245,283.62384560507));
#1252 = CARTESIAN_POINT('',(5.961136862029,283.74784997636));
#1253 = CARTESIAN_POINT('',(5.976885538884,283.86695654716));
#1254 = CARTESIAN_POINT('',(6.015307162419,284.13127063977));
#1255 = CARTESIAN_POINT('',(6.038611423848,284.27263156038));
#1256 = CARTESIAN_POINT('',(6.063286196536,284.40264827283));
#1257 = CARTESIAN_POINT('',(6.089297340919,284.51922414781));
#1258 = CARTESIAN_POINT('',(6.116602690834,284.62010919647));
#1259 = CARTESIAN_POINT('',(6.166907936433,284.76589356143));
#1260 = CARTESIAN_POINT('',(6.189389896328,284.81840999082));
#1261 = CARTESIAN_POINT('',(6.212428686732,284.85887324107));
#1262 = CARTESIAN_POINT('',(6.235854457629,284.8862580468));
#1263 = CARTESIAN_POINT('',(6.259497157897,284.9));
#1264 = CARTESIAN_POINT('',(6.28318530718,284.9));
#1265 = ( GEOMETRIC_REPRESENTATION_CONTEXT(2) 
PARAMETRIC_REPRESENTATION_CONTEXT() REPRESENTATION_CONTEXT('2D SPACE',''
  ) );
#1266 = PCURVE('',#1267,#1272);
#1267 = CYLINDRICAL_SURFACE('',#1268,4.9);
#1268 = AXIS2_PLACEMENT_3D('',#1269,#1270,#1271);
#1269 = CARTESIAN_POINT('',(100.,510.,200.));
#1270 = DIRECTION('',(0.,0.,1.));
#1271 = DIRECTION('',(1.,0.,-0.));
#1272 = DEFINITIONAL_REPRESENTATION('',(#1273),#1331);
#1273 = B_SPLINE_CURVE_WITH_KNOTS('',6,(#1274,#1275,#1276,#1277,#1278,
    #1279,#1280,#1281,#1282,#1283,#1284,#1285,#1286,#1287,#1288,#1289,
    #1290,#1291,#1292,#1293,#1294,#1295,#1296,#1297,#1298,#1299,#1300,
    #1301,#1302,#1303,#1304,#1305,#1306,#1307,#1308,#1309,#1310,#1311,
    #1312,#1313,#1314,#1315,#1316,#1317,#1318,#1319,#1320,#1321,#1322,
    #1323,#1324,#1325,#1326,#1327,#1328,#1329,#1330),.UNSPECIFIED.,.F.,
  .F.,(7,5,5,5,5,5,5,5,5,5,5,7),(0.,0.117797068991,0.170955529045,
    0.245777950427,0.341125324198,0.416787639317,0.499643918806,
    0.65853785012,0.753224911549,0.827151816764,0.925241735423,1.),
  .UNSPECIFIED.);
#1274 = CARTESIAN_POINT('',(3.14159265359,3.));
#1275 = CARTESIAN_POINT('',(3.218218063907,3.));
#1276 = CARTESIAN_POINT('',(3.294144390597,3.016917001514));
#1277 = CARTESIAN_POINT('',(3.368952593613,3.050171117269));
#1278 = CARTESIAN_POINT('',(3.442191590937,3.097601665692));
#1279 = CARTESIAN_POINT('',(3.513291399397,3.155624634721));
#1280 = CARTESIAN_POINT('',(3.612158146628,3.249134238514));
#1281 = CARTESIAN_POINT('',(3.642445557027,3.279659025581));
#1282 = CARTESIAN_POINT('',(3.672300213203,3.311376023773));
#1283 = CARTESIAN_POINT('',(3.70174182134,3.344042542018));
#1284 = CARTESIAN_POINT('',(3.730788635886,3.377430760773));
#1285 = CARTESIAN_POINT('',(3.799812734119,3.459043039238));
#1286 = CARTESIAN_POINT('',(3.839431426379,3.507781123747));
#1287 = CARTESIAN_POINT('',(3.878388813393,3.556984558353));
#1288 = CARTESIAN_POINT('',(3.916755584243,3.606163159852));
#1289 = CARTESIAN_POINT('',(3.954600873176,3.654884116167));
#1290 = CARTESIAN_POINT('',(4.039644855586,3.763769901133));
#1291 = CARTESIAN_POINT('',(4.086573535366,3.823422896375));
#1292 = CARTESIAN_POINT('',(4.132894514347,3.880881109251));
#1293 = CARTESIAN_POINT('',(4.178715434771,3.935412563058));
#1294 = CARTESIAN_POINT('',(4.224140752101,3.986372640729));
#1295 = CARTESIAN_POINT('',(4.305091516697,4.070332908846));
#1296 = CARTESIAN_POINT('',(4.340720762195,4.104865042161));
#1297 = CARTESIAN_POINT('',(4.376193766278,4.136472361485));
#1298 = CARTESIAN_POINT('',(4.411540340223,4.164883494463));
#1299 = CARTESIAN_POINT('',(4.446790847003,4.189868320146));
#1300 = CARTESIAN_POINT('',(4.520510082071,4.234646658232));
#1301 = CARTESIAN_POINT('',(4.558963254227,4.253719101174));
#1302 = CARTESIAN_POINT('',(4.597356903891,4.268201236231));
#1303 = CARTESIAN_POINT('',(4.635711168321,4.277917006565));
#1304 = CARTESIAN_POINT('',(4.674047405442,4.282775671121));
#1305 = CARTESIAN_POINT('',(4.785916824177,4.282775671121));
#1306 = CARTESIAN_POINT('',(4.859337043759,4.264906993448));
#1307 = CARTESIAN_POINT('',(4.932883825815,4.229265921132));
#1308 = CARTESIAN_POINT('',(5.006767309247,4.177010895421));
#1309 = CARTESIAN_POINT('',(5.081188782498,4.110358037029));
#1310 = CARTESIAN_POINT('',(5.201095472173,3.9858391466));
#1311 = CARTESIAN_POINT('',(5.246155937209,3.935270062637));
#1312 = CARTESIAN_POINT('',(5.291605984794,3.8811901785));
#1313 = CARTESIAN_POINT('',(5.337547543063,3.824228799637));
#1314 = CARTESIAN_POINT('',(5.384085622886,3.765099740705));
#1315 = CARTESIAN_POINT('',(5.468219082615,3.657399562403));
#1316 = CARTESIAN_POINT('',(5.505543625658,3.609348959428));
#1317 = CARTESIAN_POINT('',(5.543375039622,3.5608350725));
#1318 = CARTESIAN_POINT('',(5.581778048105,3.512274365605));
#1319 = CARTESIAN_POINT('',(5.620818867936,3.464137383413));
#1320 = CARTESIAN_POINT('',(5.713317700692,3.354348143283));
#1321 = CARTESIAN_POINT('',(5.767438853711,3.293276574966));
#1322 = CARTESIAN_POINT('',(5.82295923994,3.235181034942));
#1323 = CARTESIAN_POINT('',(5.879929154905,3.18165581279));
#1324 = CARTESIAN_POINT('',(5.93842144416,3.134397763559));
#1325 = CARTESIAN_POINT('',(6.044371787545,3.065179316037));
#1326 = CARTESIAN_POINT('',(6.091151073569,3.039871434166));
#1327 = CARTESIAN_POINT('',(6.138629442794,3.020152133012));
#1328 = CARTESIAN_POINT('',(6.186591751544,3.006733551202));
#1329 = CARTESIAN_POINT('',(6.234842145379,3.));
#1330 = CARTESIAN_POINT('',(6.28318530718,3.));
#1331 = ( GEOMETRIC_REPRESENTATION_CONTEXT(2) 
PARAMETRIC_REPRESENTATION_CONTEXT() REPRESENTATION_CONTEXT('2D SPACE',''
  ) );
#1332 = ORIENTED_EDGE('',*,*,#1333,.T.);
#1333 = EDGE_CURVE('',#1144,#1334,#1336,.T.);
#1334 = VERTEX_POINT('',#1335);
#1335 = CARTESIAN_POINT('',(145.09999999999,510.,203.));
#1336 = SEAM_CURVE('',#1337,(#1341,#1348),.PCURVE_S1.);
#1337 = LINE('',#1338,#1339);
#1338 = CARTESIAN_POINT('',(-180.,510.,203.));
#1339 = VECTOR('',#1340,1.);
#1340 = DIRECTION('',(1.,0.,0.));
#1341 = PCURVE('',#31,#1342);
#1342 = DEFINITIONAL_REPRESENTATION('',(#1343),#1347);
#1343 = LINE('',#1344,#1345);
#1344 = CARTESIAN_POINT('',(0.,-0.));
#1345 = VECTOR('',#1346,1.);
#1346 = DIRECTION('',(0.,1.));
#1347 = ( GEOMETRIC_REPRESENTATION_CONTEXT(2) 
PARAMETRIC_REPRESENTATION_CONTEXT() REPRESENTATION_CONTEXT('2D SPACE',''
  ) );
#1348 = PCURVE('',#31,#1349);
#1349 = DEFINITIONAL_REPRESENTATION('',(#1350),#1354);
#1350 = LINE('',#1351,#1352);
#1351 = CARTESIAN_POINT('',(6.28318530718,-0.));
#1352 = VECTOR('',#1353,1.);
#1353 = DIRECTION('',(0.,1.));
#1354 = ( GEOMETRIC_REPRESENTATION_CONTEXT(2) 
PARAMETRIC_REPRESENTATION_CONTEXT() REPRESENTATION_CONTEXT('2D SPACE',''
  ) );
#1355 = ORIENTED_EDGE('',*,*,#1356,.T.);
#1356 = EDGE_CURVE('',#1334,#1357,#1359,.T.);
#1357 = VERTEX_POINT('',#1358);
#1358 = CARTESIAN_POINT('',(154.9,510.,203.));
#1359 = SURFACE_CURVE('',#1360,(#1418,#1479),.PCURVE_S1.);
#1360 = B_SPLINE_CURVE_WITH_KNOTS('',6,(#1361,#1362,#1363,#1364,#1365,
    #1366,#1367,#1368,#1369,#1370,#1371,#1372,#1373,#1374,#1375,#1376,
    #1377,#1378,#1379,#1380,#1381,#1382,#1383,#1384,#1385,#1386,#1387,
    #1388,#1389,#1390,#1391,#1392,#1393,#1394,#1395,#1396,#1397,#1398,
    #1399,#1400,#1401,#1402,#1403,#1404,#1405,#1406,#1407,#1408,#1409,
    #1410,#1411,#1412,#1413,#1414,#1415,#1416,#1417),.UNSPECIFIED.,.F.,
  .F.,(7,5,5,5,5,5,5,5,5,5,5,7),(0.,0.117797069193,0.170955529341,
    0.245777950864,0.341125321573,0.416787636701,0.499643916198,
    0.65853784753,0.753224911924,0.827151817027,0.925241735536,1.),
  .UNSPECIFIED.);
#1361 = CARTESIAN_POINT('',(145.1,510.,203.));
#1362 = CARTESIAN_POINT('',(145.1,509.62453548944,203.));
#1363 = CARTESIAN_POINT('',(145.13452447541,509.25249619568,
    203.01691700151));
#1364 = CARTESIAN_POINT('',(145.20239022819,508.8899058172,
    203.05017111726));
#1365 = CARTESIAN_POINT('',(145.30057260618,508.54257137434,
    203.09760166569));
#1366 = CARTESIAN_POINT('',(145.42421860859,508.21572061878,
    203.15562463472));
#1367 = CARTESIAN_POINT('',(145.63048613522,507.7773798121,
    203.24913423851));
#1368 = CARTESIAN_POINT('',(145.69870355031,507.64546210688,
    203.27965902558));
#1369 = CARTESIAN_POINT('',(145.77065845408,507.51792970959,
    203.31137602377));
#1370 = CARTESIAN_POINT('',(145.84603610343,507.3947695654,
    203.34404254201));
#1371 = CARTESIAN_POINT('',(145.92454756091,507.2759546771,
    203.37743076077));
#1372 = CARTESIAN_POINT('',(146.12047628965,507.0002675287,
    203.45904303923));
#1373 = CARTESIAN_POINT('',(146.2407409898,506.84757476914,
    203.50778112374));
#1374 = CARTESIAN_POINT('',(146.36606488763,506.70316297519,
    203.55698455835));
#1375 = CARTESIAN_POINT('',(146.49591303839,506.56681112716,
    203.60616315985));
#1376 = CARTESIAN_POINT('',(146.6298574331,506.43829940449,
    203.65488411616));
#1377 = CARTESIAN_POINT('',(146.94303800812,506.1633998951,
    203.76376989906));
#1378 = CARTESIAN_POINT('',(147.12466341788,506.02173992209,
    203.82342289931));
#1379 = CARTESIAN_POINT('',(147.31164193512,505.89213682115,
    203.88088110951));
#1380 = CARTESIAN_POINT('',(147.50335132612,505.77431543969,
    203.93541256024));
#1381 = CARTESIAN_POINT('',(147.69930299053,505.66805994166,
    203.98637264223));
#1382 = CARTESIAN_POINT('',(148.05765283931,505.4979907163,
    204.07033290884));
#1383 = CARTESIAN_POINT('',(148.21860908301,505.42995164835,
    204.10486504216));
#1384 = CARTESIAN_POINT('',(148.38167842775,505.36909586964,
    204.13647236148));
#1385 = CARTESIAN_POINT('',(148.54658881449,505.31540520424,
    204.16488349446));
#1386 = CARTESIAN_POINT('',(148.7130889498,505.2688704251,
    204.18986832014));
#1387 = CARTESIAN_POINT('',(149.06476696447,505.18637476396,
    204.23464665823));
#1388 = CARTESIAN_POINT('',(149.25020187115,505.15184320454,
    204.25371910117));
#1389 = CARTESIAN_POINT('',(149.43683989404,505.12592770692,
    204.26820123623));
#1390 = CARTESIAN_POINT('',(149.62427875649,505.10864400876,
    204.27791700656));
#1391 = CARTESIAN_POINT('',(149.81212628278,505.1,204.28277567112));
#1392 = CARTESIAN_POINT('',(150.36028643458,505.1,204.28277567112));
#1393 = CARTESIAN_POINT('',(150.72004567577,505.13178891423,
    204.26490699344));
#1394 = CARTESIAN_POINT('',(151.0769181045,505.19519492679,
    204.22926592113));
#1395 = CARTESIAN_POINT('',(151.42848152245,505.29019402658,
    204.17701089542));
#1396 = CARTESIAN_POINT('',(151.7720559243,505.41684000579,
    204.11035803702));
#1397 = CARTESIAN_POINT('',(152.30264777123,505.66918662783,
    203.98583914514));
#1398 = CARTESIAN_POINT('',(152.49697980342,505.77466229938,
    203.93527006533));
#1399 = CARTESIAN_POINT('',(152.68713551188,505.89151834805,
    203.88119017824));
#1400 = CARTESIAN_POINT('',(152.87263759592,506.0199651855,
    203.82422879681));
#1401 = CARTESIAN_POINT('',(153.05287955483,506.16027066398,
    203.76509974269));
#1402 = CARTESIAN_POINT('',(153.36310167286,506.43177676933,
    203.6573995624));
#1403 = CARTESIAN_POINT('',(153.49545825834,506.55824675789,
    203.60934895942));
#1404 = CARTESIAN_POINT('',(153.62384560507,506.69234997709,
    203.5608350725));
#1405 = CARTESIAN_POINT('',(153.74784997636,506.83429093618,
    203.5122743656));
#1406 = CARTESIAN_POINT('',(153.86695654716,506.98427625096,
    203.46413738341));
#1407 = CARTESIAN_POINT('',(154.13127063977,507.3524724463,
    203.35434814328));
#1408 = CARTESIAN_POINT('',(154.27263156038,507.57744426964,
    203.29327657496));
#1409 = CARTESIAN_POINT('',(154.40264827283,507.8174071319,
    203.23518103494));
#1410 = CARTESIAN_POINT('',(154.51922414781,508.07215779937,
    203.18165581279));
#1411 = CARTESIAN_POINT('',(154.62010919647,508.34126847571,
    203.13439776355));
#1412 = CARTESIAN_POINT('',(154.76589356143,508.83953605444,
    203.06517931603));
#1413 = CARTESIAN_POINT('',(154.81840999082,509.06299882596,
    203.03987143416));
#1414 = CARTESIAN_POINT('',(154.85887324107,509.29267285022,
    203.02015213301));
#1415 = CARTESIAN_POINT('',(154.8862580468,509.52669155613,
    203.0067335512));
#1416 = CARTESIAN_POINT('',(154.9,509.76311850717,203.));
#1417 = CARTESIAN_POINT('',(154.9,510.,203.));
#1418 = PCURVE('',#31,#1419);
#1419 = DEFINITIONAL_REPRESENTATION('',(#1420),#1478);
#1420 = B_SPLINE_CURVE_WITH_KNOTS('',6,(#1421,#1422,#1423,#1424,#1425,
    #1426,#1427,#1428,#1429,#1430,#1431,#1432,#1433,#1434,#1435,#1436,
    #1437,#1438,#1439,#1440,#1441,#1442,#1443,#1444,#1445,#1446,#1447,
    #1448,#1449,#1450,#1451,#1452,#1453,#1454,#1455,#1456,#1457,#1458,
    #1459,#1460,#1461,#1462,#1463,#1464,#1465,#1466,#1467,#1468,#1469,
    #1470,#1471,#1472,#1473,#1474,#1475,#1476,#1477),.UNSPECIFIED.,.F.,
  .F.,(7,5,5,5,5,5,5,5,5,5,5,7),(0.,0.117797069193,0.170955529341,
    0.245777950864,0.341125321573,0.416787636701,0.499643916198,
    0.65853784753,0.753224911924,0.827151817027,0.925241735536,1.),
  .UNSPECIFIED.);
#1421 = CARTESIAN_POINT('',(6.28318530718,325.1));
#1422 = CARTESIAN_POINT('',(6.245638856124,325.1));
#1423 = CARTESIAN_POINT('',(6.208434865484,325.13452447541));
#1424 = CARTESIAN_POINT('',(6.172080857212,325.20239022819));
#1425 = CARTESIAN_POINT('',(6.137069431873,325.30057260618));
#1426 = CARTESIAN_POINT('',(6.103893018392,325.42421860859));
#1427 = CARTESIAN_POINT('',(6.059072631423,325.63048613522));
#1428 = CARTESIAN_POINT('',(6.04553431139,325.69870355031));
#1429 = CARTESIAN_POINT('',(6.032395126126,325.77065845408));
#1430 = CARTESIAN_POINT('',(6.019655382528,325.84603610343));
#1431 = CARTESIAN_POINT('',(6.007314871282,325.92454756091));
#1432 = CARTESIAN_POINT('',(5.978563529089,326.12047628965));
#1433 = CARTESIAN_POINT('',(5.96253885704,326.2407409898));
#1434 = CARTESIAN_POINT('',(5.947286493889,326.36606488763));
#1435 = CARTESIAN_POINT('',(5.93279452298,326.49591303839));
#1436 = CARTESIAN_POINT('',(5.919052302985,326.6298574331));
#1437 = CARTESIAN_POINT('',(5.889484439691,326.94303800812));
#1438 = CARTESIAN_POINT('',(5.874117190015,327.12466341788));
#1439 = CARTESIAN_POINT('',(5.859943605719,327.31164193512));
#1440 = CARTESIAN_POINT('',(5.846962626321,327.50335132612));
#1441 = CARTESIAN_POINT('',(5.835179027697,327.69930299053));
#1442 = CARTESIAN_POINT('',(5.81621251305,328.05765283931));
#1443 = CARTESIAN_POINT('',(5.808582917529,328.21860908301));
#1444 = CARTESIAN_POINT('',(5.801725854581,328.38167842775));
#1445 = CARTESIAN_POINT('',(5.795651587327,328.54658881449));
#1446 = CARTESIAN_POINT('',(5.79036985814,328.7130889498));
#1447 = CARTESIAN_POINT('',(5.780983360567,329.06476696447));
#1448 = CARTESIAN_POINT('',(5.777038605847,329.25020187115));
#1449 = CARTESIAN_POINT('',(5.77406989186,329.43683989404));
#1450 = CARTESIAN_POINT('',(5.772087138906,329.62427875649));
#1451 = CARTESIAN_POINT('',(5.771095554245,329.81212628278));
#1452 = CARTESIAN_POINT('',(5.771095554245,330.36028643458));
#1453 = CARTESIAN_POINT('',(5.774742207334,330.72004567577));
#1454 = CARTESIAN_POINT('',(5.782015972896,331.0769181045));
#1455 = CARTESIAN_POINT('',(5.792857485479,331.42848152245));
#1456 = CARTESIAN_POINT('',(5.807164061164,331.7720559243));
#1457 = CARTESIAN_POINT('',(5.835303672407,332.30264777123));
#1458 = CARTESIAN_POINT('',(5.8470000632,332.49697980342));
#1459 = CARTESIAN_POINT('',(5.859874512494,332.68713551188));
#1460 = CARTESIAN_POINT('',(5.87392234471,332.87263759592));
#1461 = CARTESIAN_POINT('',(5.889144533019,333.05287955483));
#1462 = CARTESIAN_POINT('',(5.918353246458,333.36310167286));
#1463 = CARTESIAN_POINT('',(5.931880857598,333.49545825834));
#1464 = CARTESIAN_POINT('',(5.946138896245,333.62384560507));
#1465 = CARTESIAN_POINT('',(5.961136862029,333.74784997636));
#1466 = CARTESIAN_POINT('',(5.976885538884,333.86695654716));
#1467 = CARTESIAN_POINT('',(6.015307162419,334.13127063977));
#1468 = CARTESIAN_POINT('',(6.038611423848,334.27263156038));
#1469 = CARTESIAN_POINT('',(6.063286196536,334.40264827283));
#1470 = CARTESIAN_POINT('',(6.089297340919,334.51922414781));
#1471 = CARTESIAN_POINT('',(6.116602690834,334.62010919647));
#1472 = CARTESIAN_POINT('',(6.166907936433,334.76589356143));
#1473 = CARTESIAN_POINT('',(6.189389896328,334.81840999082));
#1474 = CARTESIAN_POINT('',(6.212428686732,334.85887324107));
#1475 = CARTESIAN_POINT('',(6.235854457629,334.8862580468));
#1476 = CARTESIAN_POINT('',(6.259497157897,334.9));
#1477 = CARTESIAN_POINT('',(6.28318530718,334.9));
#1478 = ( GEOMETRIC_REPRESENTATION_CONTEXT(2) 
PARAMETRIC_REPRESENTATION_CONTEXT() REPRESENTATION_CONTEXT('2D SPACE',''
  ) );
#1479 = PCURVE('',#1480,#1485);
#1480 = CYLINDRICAL_SURFACE('',#1481,4.9);
#1481 = AXIS2_PLACEMENT_3D('',#1482,#1483,#1484);
#1482 = CARTESIAN_POINT('',(150.,510.,200.));
#1483 = DIRECTION('',(0.,0.,1.));
#1484 = DIRECTION('',(1.,0.,-0.));
#1485 = DEFINITIONAL_REPRESENTATION('',(#1486),#1544);
#1486 = B_SPLINE_CURVE_WITH_KNOTS('',6,(#1487,#1488,#1489,#1490,#1491,
    #1492,#1493,#1494,#1495,#1496,#1497,#1498,#1499,#1500,#1501,#1502,
    #1503,#1504,#1505,#1506,#1507,#1508,#1509,#1510,#1511,#1512,#1513,
    #1514,#1515,#1516,#1517,#1518,#1519,#1520,#1521,#1522,#1523,#1524,
    #1525,#1526,#1527,#1528,#1529,#1530,#1531,#1532,#1533,#1534,#1535,
    #1536,#1537,#1538,#1539,#1540,#1541,#1542,#1543),.UNSPECIFIED.,.F.,
  .F.,(7,5,5,5,5,5,5,5,5,5,5,7),(0.,0.117797069193,0.170955529341,
    0.245777950864,0.341125321573,0.416787636701,0.499643916198,
    0.65853784753,0.753224911924,0.827151817027,0.925241735536,1.),
  .UNSPECIFIED.);
#1487 = CARTESIAN_POINT('',(3.14159265359,3.));
#1488 = CARTESIAN_POINT('',(3.218218063907,3.));
#1489 = CARTESIAN_POINT('',(3.294144390597,3.016917001514));
#1490 = CARTESIAN_POINT('',(3.368952593613,3.050171117269));
#1491 = CARTESIAN_POINT('',(3.442191590937,3.097601665692));
#1492 = CARTESIAN_POINT('',(3.513291399397,3.155624634721));
#1493 = CARTESIAN_POINT('',(3.612158146631,3.249134238517));
#1494 = CARTESIAN_POINT('',(3.642445557027,3.27965902558));
#1495 = CARTESIAN_POINT('',(3.6723002132,3.311376023771));
#1496 = CARTESIAN_POINT('',(3.70174182134,3.344042542017));
#1497 = CARTESIAN_POINT('',(3.730788635888,3.377430760775));
#1498 = CARTESIAN_POINT('',(3.799812734119,3.459043039238));
#1499 = CARTESIAN_POINT('',(3.839431426379,3.507781123747));
#1500 = CARTESIAN_POINT('',(3.878388813393,3.556984558353));
#1501 = CARTESIAN_POINT('',(3.916755584243,3.606163159852));
#1502 = CARTESIAN_POINT('',(3.954600873176,3.654884116167));
#1503 = CARTESIAN_POINT('',(4.039644853967,3.76376989906));
#1504 = CARTESIAN_POINT('',(4.086573537845,3.823422899314));
#1505 = CARTESIAN_POINT('',(4.132894514426,3.880881109516));
#1506 = CARTESIAN_POINT('',(4.178715432333,3.935412560246));
#1507 = CARTESIAN_POINT('',(4.224140753555,3.986372642237));
#1508 = CARTESIAN_POINT('',(4.305091516697,4.070332908846));
#1509 = CARTESIAN_POINT('',(4.340720762195,4.104865042161));
#1510 = CARTESIAN_POINT('',(4.376193766278,4.136472361485));
#1511 = CARTESIAN_POINT('',(4.411540340223,4.164883494463));
#1512 = CARTESIAN_POINT('',(4.446790847003,4.189868320146));
#1513 = CARTESIAN_POINT('',(4.520510082071,4.234646658232));
#1514 = CARTESIAN_POINT('',(4.558963254227,4.253719101174));
#1515 = CARTESIAN_POINT('',(4.597356903891,4.268201236231));
#1516 = CARTESIAN_POINT('',(4.635711168321,4.277917006565));
#1517 = CARTESIAN_POINT('',(4.674047405442,4.282775671121));
#1518 = CARTESIAN_POINT('',(4.785916824177,4.282775671121));
#1519 = CARTESIAN_POINT('',(4.859337043759,4.264906993448));
#1520 = CARTESIAN_POINT('',(4.932883825815,4.229265921132));
#1521 = CARTESIAN_POINT('',(5.006767309247,4.177010895421));
#1522 = CARTESIAN_POINT('',(5.081188782498,4.110358037029));
#1523 = CARTESIAN_POINT('',(5.201095473571,3.985839145149));
#1524 = CARTESIAN_POINT('',(5.246155934869,3.935270065336));
#1525 = CARTESIAN_POINT('',(5.291605984868,3.881190178249));
#1526 = CARTESIAN_POINT('',(5.337547545441,3.824228796817));
#1527 = CARTESIAN_POINT('',(5.384085621335,3.765099742691));
#1528 = CARTESIAN_POINT('',(5.468219082615,3.657399562403));
#1529 = CARTESIAN_POINT('',(5.505543625658,3.609348959428));
#1530 = CARTESIAN_POINT('',(5.543375039622,3.5608350725));
#1531 = CARTESIAN_POINT('',(5.581778048105,3.512274365605));
#1532 = CARTESIAN_POINT('',(5.620818867936,3.464137383413));
#1533 = CARTESIAN_POINT('',(5.713317700692,3.354348143283));
#1534 = CARTESIAN_POINT('',(5.767438853711,3.293276574966));
#1535 = CARTESIAN_POINT('',(5.822959239941,3.235181034942));
#1536 = CARTESIAN_POINT('',(5.879929154905,3.18165581279));
#1537 = CARTESIAN_POINT('',(5.93842144416,3.134397763559));
#1538 = CARTESIAN_POINT('',(6.044371787545,3.065179316037));
#1539 = CARTESIAN_POINT('',(6.091151073569,3.039871434166));
#1540 = CARTESIAN_POINT('',(6.138629442794,3.020152133012));
#1541 = CARTESIAN_POINT('',(6.186591751544,3.006733551202));
#1542 = CARTESIAN_POINT('',(6.234842145379,3.));
#1543 = CARTESIAN_POINT('',(6.28318530718,3.));
#1544 = ( GEOMETRIC_REPRESENTATION_CONTEXT(2) 
PARAMETRIC_REPRESENTATION_CONTEXT() REPRESENTATION_CONTEXT('2D SPACE',''
  ) );
#1545 = ORIENTED_EDGE('',*,*,#1546,.T.);
#1546 = EDGE_CURVE('',#1357,#1547,#1549,.T.);
#1547 = VERTEX_POINT('',#1548);
#1548 = CARTESIAN_POINT('',(180.,510.,203.));
#1549 = SEAM_CURVE('',#1550,(#1554,#1561),.PCURVE_S1.);
#1550 = LINE('',#1551,#1552);
#1551 = CARTESIAN_POINT('',(-180.,510.,203.));
#1552 = VECTOR('',#1553,1.);
#1553 = DIRECTION('',(1.,0.,0.));
#1554 = PCURVE('',#31,#1555);
#1555 = DEFINITIONAL_REPRESENTATION('',(#1556),#1560);
#1556 = LINE('',#1557,#1558);
#1557 = CARTESIAN_POINT('',(0.,-0.));
#1558 = VECTOR('',#1559,1.);
#1559 = DIRECTION('',(0.,1.));
#1560 = ( GEOMETRIC_REPRESENTATION_CONTEXT(2) 
PARAMETRIC_REPRESENTATION_CONTEXT() REPRESENTATION_CONTEXT('2D SPACE',''
  ) );
#1561 = PCURVE('',#31,#1562);
#1562 = DEFINITIONAL_REPRESENTATION('',(#1563),#1567);
#1563 = LINE('',#1564,#1565);
#1564 = CARTESIAN_POINT('',(6.28318530718,-0.));
#1565 = VECTOR('',#1566,1.);
#1566 = DIRECTION('',(0.,1.));
#1567 = ( GEOMETRIC_REPRESENTATION_CONTEXT(2) 
PARAMETRIC_REPRESENTATION_CONTEXT() REPRESENTATION_CONTEXT('2D SPACE',''
  ) );
#1568 = ORIENTED_EDGE('',*,*,#1569,.F.);
#1569 = EDGE_CURVE('',#1547,#1547,#1570,.T.);
#1570 = SURFACE_CURVE('',#1571,(#1576,#1583),.PCURVE_S1.);
#1571 = CIRCLE('',#1572,10.);
#1572 = AXIS2_PLACEMENT_3D('',#1573,#1574,#1575);
#1573 = CARTESIAN_POINT('',(180.,510.,213.));
#1574 = DIRECTION('',(1.,-0.,0.));
#1575 = DIRECTION('',(0.,0.,-1.));
#1576 = PCURVE('',#31,#1577);
#1577 = DEFINITIONAL_REPRESENTATION('',(#1578),#1582);
#1578 = LINE('',#1579,#1580);
#1579 = CARTESIAN_POINT('',(0.,360.));
#1580 = VECTOR('',#1581,1.);
#1581 = DIRECTION('',(1.,0.));
#1582 = ( GEOMETRIC_REPRESENTATION_CONTEXT(2) 
PARAMETRIC_REPRESENTATION_CONTEXT() REPRESENTATION_CONTEXT('2D SPACE',''
  ) );
#1583 = PCURVE('',#1584,#1589);
#1584 = PLANE('',#1585);
#1585 = AXIS2_PLACEMENT_3D('',#1586,#1587,#1588);
#1586 = CARTESIAN_POINT('',(180.,510.,213.));
#1587 = DIRECTION('',(1.,0.,0.));
#1588 = DIRECTION('',(0.,0.,-1.));
#1589 = DEFINITIONAL_REPRESENTATION('',(#1590),#1594);
#1590 = CIRCLE('',#1591,10.);
#1591 = AXIS2_PLACEMENT_2D('',#1592,#1593);
#1592 = CARTESIAN_POINT('',(0.,0.));
#1593 = DIRECTION('',(1.,0.));
#1594 = ( GEOMETRIC_REPRESENTATION_CONTEXT(2) 
PARAMETRIC_REPRESENTATION_CONTEXT() REPRESENTATION_CONTEXT('2D SPACE',''
  ) );
#1595 = ORIENTED_EDGE('',*,*,#1546,.F.);
#1596 = ORIENTED_EDGE('',*,*,#1597,.T.);
#1597 = EDGE_CURVE('',#1357,#1334,#1598,.T.);
#1598 = SURFACE_CURVE('',#1599,(#1657,#1718),.PCURVE_S1.);
#1599 = B_SPLINE_CURVE_WITH_KNOTS('',6,(#1600,#1601,#1602,#1603,#1604,
    #1605,#1606,#1607,#1608,#1609,#1610,#1611,#1612,#1613,#1614,#1615,
    #1616,#1617,#1618,#1619,#1620,#1621,#1622,#1623,#1624,#1625,#1626,
    #1627,#1628,#1629,#1630,#1631,#1632,#1633,#1634,#1635,#1636,#1637,
    #1638,#1639,#1640,#1641,#1642,#1643,#1644,#1645,#1646,#1647,#1648,
    #1649,#1650,#1651,#1652,#1653,#1654,#1655,#1656),.UNSPECIFIED.,.F.,
  .F.,(7,5,5,5,5,5,5,5,5,5,5,7),(0.,0.117797068751,0.170955528701,
    0.245777951692,0.341125322297,0.416787637343,0.499643916749,
    0.658537847907,0.753224912197,0.827151817219,0.925241735619,1.),
  .UNSPECIFIED.);
#1600 = CARTESIAN_POINT('',(154.9,510.,203.));
#1601 = CARTESIAN_POINT('',(154.9,510.37546451055,203.));
#1602 = CARTESIAN_POINT('',(154.86547552458,510.74750380431,
    203.01691700151));
#1603 = CARTESIAN_POINT('',(154.7976097718,511.11009418279,
    203.05017111726));
#1604 = CARTESIAN_POINT('',(154.69942739381,511.45742862566,
    203.09760166569));
#1605 = CARTESIAN_POINT('',(154.5757813914,511.78427938121,
    203.15562463472));
#1606 = CARTESIAN_POINT('',(154.36951386478,512.22262018789,
    203.24913423851));
#1607 = CARTESIAN_POINT('',(154.30129644968,512.35453789311,
    203.27965902558));
#1608 = CARTESIAN_POINT('',(154.22934154591,512.4820702904,
    203.31137602377));
#1609 = CARTESIAN_POINT('',(154.15396389656,512.60523043459,
    203.34404254201));
#1610 = CARTESIAN_POINT('',(154.07545243908,512.72404532289,
    203.37743076077));
#1611 = CARTESIAN_POINT('',(153.87952370767,512.99973247506,
    203.45904304035));
#1612 = CARTESIAN_POINT('',(153.75925901462,513.15242522581,
    203.50778112205));
#1613 = CARTESIAN_POINT('',(153.6339351123,513.29683702422,
    203.55698455829));
#1614 = CARTESIAN_POINT('',(153.50408695716,513.4331888776,
    203.60616316151));
#1615 = CARTESIAN_POINT('',(153.37014256975,513.561700593,
    203.65488411517));
#1616 = CARTESIAN_POINT('',(153.05696199187,513.8366001049,
    203.76376989906));
#1617 = CARTESIAN_POINT('',(152.87533658211,513.9782600779,
    203.82342289931));
#1618 = CARTESIAN_POINT('',(152.68835806487,514.10786317884,
    203.88088110951));
#1619 = CARTESIAN_POINT('',(152.49664867387,514.2256845603,
    203.93541256024));
#1620 = CARTESIAN_POINT('',(152.30069700946,514.33194005833,
    203.98637264223));
#1621 = CARTESIAN_POINT('',(151.94234716068,514.50200928369,
    204.07033290884));
#1622 = CARTESIAN_POINT('',(151.78139091698,514.57004835164,
    204.10486504216));
#1623 = CARTESIAN_POINT('',(151.61832157224,514.63090413035,
    204.13647236148));
#1624 = CARTESIAN_POINT('',(151.4534111855,514.68459479575,
    204.16488349446));
#1625 = CARTESIAN_POINT('',(151.28691105019,514.73112957489,
    204.18986832014));
#1626 = CARTESIAN_POINT('',(150.93523303552,514.81362523603,
    204.23464665823));
#1627 = CARTESIAN_POINT('',(150.74979812884,514.84815679545,
    204.25371910117));
#1628 = CARTESIAN_POINT('',(150.56316010595,514.87407229307,
    204.26820123623));
#1629 = CARTESIAN_POINT('',(150.3757212435,514.89135599123,
    204.27791700656));
#1630 = CARTESIAN_POINT('',(150.18787371721,514.9,204.28277567112));
#1631 = CARTESIAN_POINT('',(149.63971356541,514.9,204.28277567112));
#1632 = CARTESIAN_POINT('',(149.27995432422,514.86821108576,
    204.26490699344));
#1633 = CARTESIAN_POINT('',(148.92308189549,514.8048050732,
    204.22926592113));
#1634 = CARTESIAN_POINT('',(148.57151847754,514.70980597341,
    204.17701089542));
#1635 = CARTESIAN_POINT('',(148.22794407569,514.5831599942,
    204.11035803702));
#1636 = CARTESIAN_POINT('',(147.69735222877,514.33081337216,
    203.98583914514));
#1637 = CARTESIAN_POINT('',(147.50302019657,514.22533770061,
    203.93527006533));
#1638 = CARTESIAN_POINT('',(147.31286448811,514.10848165194,
    203.88119017824));
#1639 = CARTESIAN_POINT('',(147.12736240407,513.98003481449,
    203.82422879681));
#1640 = CARTESIAN_POINT('',(146.94712044516,513.83972933602,
    203.76509974269));
#1641 = CARTESIAN_POINT('',(146.63689832713,513.56822323066,
    203.6573995624));
#1642 = CARTESIAN_POINT('',(146.50454174166,513.4417532421,
    203.60934895942));
#1643 = CARTESIAN_POINT('',(146.37615439492,513.3076500229,
    203.5608350725));
#1644 = CARTESIAN_POINT('',(146.25215002363,513.16570906381,
    203.5122743656));
#1645 = CARTESIAN_POINT('',(146.13304345283,513.01572374903,
    203.46413738341));
#1646 = CARTESIAN_POINT('',(145.86872936022,512.64752755369,
    203.35434814328));
#1647 = CARTESIAN_POINT('',(145.72736843961,512.42255573035,
    203.29327657496));
#1648 = CARTESIAN_POINT('',(145.59735172716,512.18259286809,
    203.23518103494));
#1649 = CARTESIAN_POINT('',(145.48077585218,511.92784220062,
    203.18165581279));
#1650 = CARTESIAN_POINT('',(145.37989080352,511.65873152428,
    203.13439776355));
#1651 = CARTESIAN_POINT('',(145.23410643856,511.16046394555,
    203.06517931603));
#1652 = CARTESIAN_POINT('',(145.18159000917,510.93700117403,
    203.03987143416));
#1653 = CARTESIAN_POINT('',(145.14112675892,510.70732714977,
    203.02015213301));
#1654 = CARTESIAN_POINT('',(145.11374195319,510.47330844386,
    203.0067335512));
#1655 = CARTESIAN_POINT('',(145.1,510.23688149282,203.));
#1656 = CARTESIAN_POINT('',(145.1,510.,203.));
#1657 = PCURVE('',#31,#1658);
#1658 = DEFINITIONAL_REPRESENTATION('',(#1659),#1717);
#1659 = B_SPLINE_CURVE_WITH_KNOTS('',6,(#1660,#1661,#1662,#1663,#1664,
    #1665,#1666,#1667,#1668,#1669,#1670,#1671,#1672,#1673,#1674,#1675,
    #1676,#1677,#1678,#1679,#1680,#1681,#1682,#1683,#1684,#1685,#1686,
    #1687,#1688,#1689,#1690,#1691,#1692,#1693,#1694,#1695,#1696,#1697,
    #1698,#1699,#1700,#1701,#1702,#1703,#1704,#1705,#1706,#1707,#1708,
    #1709,#1710,#1711,#1712,#1713,#1714,#1715,#1716),.UNSPECIFIED.,.F.,
  .F.,(7,5,5,5,5,5,5,5,5,5,5,7),(0.,0.117797068751,0.170955528701,
    0.245777951692,0.341125322297,0.416787637343,0.499643916749,
    0.658537847907,0.753224912197,0.827151817219,0.925241735619,1.),
  .UNSPECIFIED.);
#1660 = CARTESIAN_POINT('',(0.,334.9));
#1661 = CARTESIAN_POINT('',(3.754645105549E-02,334.9));
#1662 = CARTESIAN_POINT('',(7.47504416958E-02,334.86547552458));
#1663 = CARTESIAN_POINT('',(0.111104449967,334.7976097718));
#1664 = CARTESIAN_POINT('',(0.146115875307,334.69942739381));
#1665 = CARTESIAN_POINT('',(0.179292288788,334.5757813914));
#1666 = CARTESIAN_POINT('',(0.224112675757,334.36951386478));
#1667 = CARTESIAN_POINT('',(0.23765099579,334.30129644968));
#1668 = CARTESIAN_POINT('',(0.250790181053,334.22934154591));
#1669 = CARTESIAN_POINT('',(0.263529924652,334.15396389656));
#1670 = CARTESIAN_POINT('',(0.275870435898,334.07545243908));
#1671 = CARTESIAN_POINT('',(0.304621778484,333.87952370767));
#1672 = CARTESIAN_POINT('',(0.320646449608,333.75925901462));
#1673 = CARTESIAN_POINT('',(0.335898813233,333.6339351123));
#1674 = CARTESIAN_POINT('',(0.350390784704,333.50408695716));
#1675 = CARTESIAN_POINT('',(0.364133003925,333.37014256975));
#1676 = CARTESIAN_POINT('',(0.393700867489,333.05696199187));
#1677 = CARTESIAN_POINT('',(0.409068117165,332.87533658211));
#1678 = CARTESIAN_POINT('',(0.423241701461,332.68835806487));
#1679 = CARTESIAN_POINT('',(0.436222680858,332.49664867387));
#1680 = CARTESIAN_POINT('',(0.448006279483,332.30069700946));
#1681 = CARTESIAN_POINT('',(0.466972794129,331.94234716068));
#1682 = CARTESIAN_POINT('',(0.474602389651,331.78139091698));
#1683 = CARTESIAN_POINT('',(0.481459452598,331.61832157224));
#1684 = CARTESIAN_POINT('',(0.487533719852,331.4534111855));
#1685 = CARTESIAN_POINT('',(0.49281544904,331.28691105019));
#1686 = CARTESIAN_POINT('',(0.502201946613,330.93523303552));
#1687 = CARTESIAN_POINT('',(0.506146701333,330.74979812884));
#1688 = CARTESIAN_POINT('',(0.509115415319,330.56316010595));
#1689 = CARTESIAN_POINT('',(0.511098168274,330.3757212435));
#1690 = CARTESIAN_POINT('',(0.512089752934,330.18787371721));
#1691 = CARTESIAN_POINT('',(0.512089752934,329.63971356541));
#1692 = CARTESIAN_POINT('',(0.508443099845,329.27995432422));
#1693 = CARTESIAN_POINT('',(0.501169334283,328.92308189549));
#1694 = CARTESIAN_POINT('',(0.490327821701,328.57151847754));
#1695 = CARTESIAN_POINT('',(0.476021246016,328.22794407569));
#1696 = CARTESIAN_POINT('',(0.447881634772,327.69735222877));
#1697 = CARTESIAN_POINT('',(0.43618524398,327.50302019657));
#1698 = CARTESIAN_POINT('',(0.423310794685,327.31286448811));
#1699 = CARTESIAN_POINT('',(0.40926296247,327.12736240407));
#1700 = CARTESIAN_POINT('',(0.394040774161,326.94712044516));
#1701 = CARTESIAN_POINT('',(0.364832060721,326.63689832713));
#1702 = CARTESIAN_POINT('',(0.351304449582,326.50454174166));
#1703 = CARTESIAN_POINT('',(0.337046410935,326.37615439492));
#1704 = CARTESIAN_POINT('',(0.32204844515,326.25215002363));
#1705 = CARTESIAN_POINT('',(0.306299768295,326.13304345283));
#1706 = CARTESIAN_POINT('',(0.26787814476,325.86872936022));
#1707 = CARTESIAN_POINT('',(0.244573883331,325.72736843961));
#1708 = CARTESIAN_POINT('',(0.219899110644,325.59735172716));
#1709 = CARTESIAN_POINT('',(0.193887966261,325.48077585218));
#1710 = CARTESIAN_POINT('',(0.166582616346,325.37989080352));
#1711 = CARTESIAN_POINT('',(0.116277370746,325.23410643856));
#1712 = CARTESIAN_POINT('',(9.379541085126E-02,325.18159000917));
#1713 = CARTESIAN_POINT('',(7.075662044758E-02,325.14112675892));
#1714 = CARTESIAN_POINT('',(4.733084955066E-02,325.11374195319));
#1715 = CARTESIAN_POINT('',(2.368814928233E-02,325.1));
#1716 = CARTESIAN_POINT('',(0.,325.1));
#1717 = ( GEOMETRIC_REPRESENTATION_CONTEXT(2) 
PARAMETRIC_REPRESENTATION_CONTEXT() REPRESENTATION_CONTEXT('2D SPACE',''
  ) );
#1718 = PCURVE('',#1480,#1719);
#1719 = DEFINITIONAL_REPRESENTATION('',(#1720),#1778);
#1720 = B_SPLINE_CURVE_WITH_KNOTS('',6,(#1721,#1722,#1723,#1724,#1725,
    #1726,#1727,#1728,#1729,#1730,#1731,#1732,#1733,#1734,#1735,#1736,
    #1737,#1738,#1739,#1740,#1741,#1742,#1743,#1744,#1745,#1746,#1747,
    #1748,#1749,#1750,#1751,#1752,#1753,#1754,#1755,#1756,#1757,#1758,
    #1759,#1760,#1761,#1762,#1763,#1764,#1765,#1766,#1767,#1768,#1769,
    #1770,#1771,#1772,#1773,#1774,#1775,#1776,#1777),.UNSPECIFIED.,.F.,
  .F.,(7,5,5,5,5,5,5,5,5,5,5,7),(0.,0.117797068751,0.170955528701,
    0.245777951692,0.341125322297,0.416787637343,0.499643916749,
    0.658537847907,0.753224912197,0.827151817219,0.925241735619,1.),
  .UNSPECIFIED.);
#1721 = CARTESIAN_POINT('',(0.,3.));
#1722 = CARTESIAN_POINT('',(7.662541031732E-02,3.));
#1723 = CARTESIAN_POINT('',(0.152551737007,3.016917001514));
#1724 = CARTESIAN_POINT('',(0.227359940023,3.050171117269));
#1725 = CARTESIAN_POINT('',(0.300598937347,3.097601665692));
#1726 = CARTESIAN_POINT('',(0.371698745807,3.155624634721));
#1727 = CARTESIAN_POINT('',(0.470565493041,3.249134238517));
#1728 = CARTESIAN_POINT('',(0.500852903437,3.27965902558));
#1729 = CARTESIAN_POINT('',(0.53070755961,3.311376023771));
#1730 = CARTESIAN_POINT('',(0.56014916775,3.344042542017));
#1731 = CARTESIAN_POINT('',(0.589195982298,3.377430760776));
#1732 = CARTESIAN_POINT('',(0.658220081472,3.459043040353));
#1733 = CARTESIAN_POINT('',(0.697838771414,3.507781122052));
#1734 = CARTESIAN_POINT('',(0.736796159724,3.556984558292));
#1735 = CARTESIAN_POINT('',(0.77516293199,3.606163161515));
#1736 = CARTESIAN_POINT('',(0.813008218811,3.654884115175));
#1737 = CARTESIAN_POINT('',(0.898052200377,3.76376989906));
#1738 = CARTESIAN_POINT('',(0.944980884255,3.823422899314));
#1739 = CARTESIAN_POINT('',(0.991301860836,3.880881109516));
#1740 = CARTESIAN_POINT('',(1.037122778743,3.935412560246));
#1741 = CARTESIAN_POINT('',(1.082548099965,3.986372642237));
#1742 = CARTESIAN_POINT('',(1.163498863107,4.070332908845));
#1743 = CARTESIAN_POINT('',(1.199128108605,4.104865042161));
#1744 = CARTESIAN_POINT('',(1.234601112689,4.136472361485));
#1745 = CARTESIAN_POINT('',(1.269947686633,4.164883494463));
#1746 = CARTESIAN_POINT('',(1.305198193413,4.189868320146));
#1747 = CARTESIAN_POINT('',(1.378917428481,4.234646658232));
#1748 = CARTESIAN_POINT('',(1.417370600637,4.253719101174));
#1749 = CARTESIAN_POINT('',(1.455764250301,4.268201236231));
#1750 = CARTESIAN_POINT('',(1.494118514731,4.277917006565));
#1751 = CARTESIAN_POINT('',(1.532454751852,4.282775671121));
#1752 = CARTESIAN_POINT('',(1.644324170587,4.282775671121));
#1753 = CARTESIAN_POINT('',(1.717744390169,4.264906993448));
#1754 = CARTESIAN_POINT('',(1.791291172225,4.229265921132));
#1755 = CARTESIAN_POINT('',(1.865174655657,4.177010895421));
#1756 = CARTESIAN_POINT('',(1.939596128908,4.110358037029));
#1757 = CARTESIAN_POINT('',(2.059502819981,3.985839145149));
#1758 = CARTESIAN_POINT('',(2.104563281279,3.935270065336));
#1759 = CARTESIAN_POINT('',(2.150013331279,3.881190178249));
#1760 = CARTESIAN_POINT('',(2.195954891851,3.824228796817));
#1761 = CARTESIAN_POINT('',(2.242492967745,3.765099742691));
#1762 = CARTESIAN_POINT('',(2.326626429025,3.657399562403));
#1763 = CARTESIAN_POINT('',(2.363950972068,3.609348959428));
#1764 = CARTESIAN_POINT('',(2.401782386033,3.5608350725));
#1765 = CARTESIAN_POINT('',(2.440185394515,3.512274365605));
#1766 = CARTESIAN_POINT('',(2.479226214346,3.464137383413));
#1767 = CARTESIAN_POINT('',(2.571725047102,3.354348143283));
#1768 = CARTESIAN_POINT('',(2.625846200122,3.293276574966));
#1769 = CARTESIAN_POINT('',(2.681366586351,3.235181034943));
#1770 = CARTESIAN_POINT('',(2.738336501315,3.18165581279));
#1771 = CARTESIAN_POINT('',(2.796828790571,3.134397763559));
#1772 = CARTESIAN_POINT('',(2.902779133955,3.065179316037));
#1773 = CARTESIAN_POINT('',(2.94955841998,3.039871434166));
#1774 = CARTESIAN_POINT('',(2.997036789204,3.020152133012));
#1775 = CARTESIAN_POINT('',(3.044999097954,3.006733551202));
#1776 = CARTESIAN_POINT('',(3.093249491789,3.));
#1777 = CARTESIAN_POINT('',(3.14159265359,3.));
#1778 = ( GEOMETRIC_REPRESENTATION_CONTEXT(2) 
PARAMETRIC_REPRESENTATION_CONTEXT() REPRESENTATION_CONTEXT('2D SPACE',''
  ) );
#1779 = ORIENTED_EDGE('',*,*,#1333,.F.);
#1780 = ORIENTED_EDGE('',*,*,#1781,.T.);
#1781 = EDGE_CURVE('',#1144,#1121,#1782,.T.);
#1782 = SURFACE_CURVE('',#1783,(#1841,#1902),.PCURVE_S1.);
#1783 = B_SPLINE_CURVE_WITH_KNOTS('',6,(#1784,#1785,#1786,#1787,#1788,
    #1789,#1790,#1791,#1792,#1793,#1794,#1795,#1796,#1797,#1798,#1799,
    #1800,#1801,#1802,#1803,#1804,#1805,#1806,#1807,#1808,#1809,#1810,
    #1811,#1812,#1813,#1814,#1815,#1816,#1817,#1818,#1819,#1820,#1821,
    #1822,#1823,#1824,#1825,#1826,#1827,#1828,#1829,#1830,#1831,#1832,
    #1833,#1834,#1835,#1836,#1837,#1838,#1839,#1840),.UNSPECIFIED.,.F.,
  .F.,(7,5,5,5,5,5,5,5,5,5,5,7),(0.,0.117797068643,0.170955528553,
    0.24577794975,0.341125323285,0.416787638217,0.499643917499,
    0.658537848418,0.753224912567,0.827151817477,0.925241735731,1.),
  .UNSPECIFIED.);
#1784 = CARTESIAN_POINT('',(104.9,510.,203.));
#1785 = CARTESIAN_POINT('',(104.9,510.37546451055,203.));
#1786 = CARTESIAN_POINT('',(104.86547552458,510.74750380431,
    203.01691700151));
#1787 = CARTESIAN_POINT('',(104.7976097718,511.11009418279,
    203.05017111726));
#1788 = CARTESIAN_POINT('',(104.69942739381,511.45742862565,
    203.09760166569));
#1789 = CARTESIAN_POINT('',(104.5757813914,511.78427938121,
    203.15562463472));
#1790 = CARTESIAN_POINT('',(104.36951386477,512.22262018792,
    203.24913423852));
#1791 = CARTESIAN_POINT('',(104.30129644969,512.3545378931,
    203.27965902558));
#1792 = CARTESIAN_POINT('',(104.22934154593,512.48207029038,
    203.31137602376));
#1793 = CARTESIAN_POINT('',(104.15396389656,512.60523043459,
    203.34404254201));
#1794 = CARTESIAN_POINT('',(104.07545243907,512.72404532291,
    203.37743076078));
#1795 = CARTESIAN_POINT('',(103.87952371034,512.99973247129,
    203.45904303923));
#1796 = CARTESIAN_POINT('',(103.75925901019,513.15242523085,
    203.50778112374));
#1797 = CARTESIAN_POINT('',(103.63393511236,513.2968370248,
    203.55698455835));
#1798 = CARTESIAN_POINT('',(103.50408696161,513.43318887283,
    203.60616315985));
#1799 = CARTESIAN_POINT('',(103.37014256689,513.5617005955,
    203.65488411616));
#1800 = CARTESIAN_POINT('',(103.05696198591,513.83660011013,
    203.76376990113));
#1801 = CARTESIAN_POINT('',(102.87533659203,513.97826007106,
    203.82342289637));
#1802 = CARTESIAN_POINT('',(102.68835806466,514.10786317782,
    203.88088110925));
#1803 = CARTESIAN_POINT('',(102.49664866387,514.22568456666,
    203.93541256305));
#1804 = CARTESIAN_POINT('',(102.3006970159,514.33194005527,
    203.98637264072));
#1805 = CARTESIAN_POINT('',(101.94234716068,514.50200928369,
    204.07033290884));
#1806 = CARTESIAN_POINT('',(101.78139091698,514.57004835164,
    204.10486504216));
#1807 = CARTESIAN_POINT('',(101.61832157224,514.63090413035,
    204.13647236148));
#1808 = CARTESIAN_POINT('',(101.4534111855,514.68459479575,
    204.16488349446));
#1809 = CARTESIAN_POINT('',(101.28691105019,514.73112957489,
    204.18986832014));
#1810 = CARTESIAN_POINT('',(100.93523303552,514.81362523603,
    204.23464665823));
#1811 = CARTESIAN_POINT('',(100.74979812884,514.84815679545,
    204.25371910117));
#1812 = CARTESIAN_POINT('',(100.56316010595,514.87407229307,
    204.26820123623));
#1813 = CARTESIAN_POINT('',(100.3757212435,514.89135599123,
    204.27791700656));
#1814 = CARTESIAN_POINT('',(100.18787371721,514.9,204.28277567112));
#1815 = CARTESIAN_POINT('',(99.639713565419,514.9,204.28277567112));
#1816 = CARTESIAN_POINT('',(99.279954324225,514.86821108576,
    204.26490699344));
#1817 = CARTESIAN_POINT('',(98.923081895491,514.8048050732,
    204.22926592113));
#1818 = CARTESIAN_POINT('',(98.571518477549,514.70980597341,
    204.17701089542));
#1819 = CARTESIAN_POINT('',(98.227944075695,514.5831599942,
    204.11035803702));
#1820 = CARTESIAN_POINT('',(97.697352228771,514.33081337216,
    203.98583914514));
#1821 = CARTESIAN_POINT('',(97.503020196579,514.22533770061,
    203.93527006533));
#1822 = CARTESIAN_POINT('',(97.312864488115,514.10848165194,
    203.88119017824));
#1823 = CARTESIAN_POINT('',(97.127362404077,513.98003481449,
    203.82422879681));
#1824 = CARTESIAN_POINT('',(96.947120445165,513.83972933602,
    203.76509974269));
#1825 = CARTESIAN_POINT('',(96.636898327135,513.56822323066,
    203.6573995624));
#1826 = CARTESIAN_POINT('',(96.50454174166,513.4417532421,
    203.60934895942));
#1827 = CARTESIAN_POINT('',(96.376154394923,513.3076500229,
    203.5608350725));
#1828 = CARTESIAN_POINT('',(96.252150023636,513.16570906381,
    203.5122743656));
#1829 = CARTESIAN_POINT('',(96.133043452834,513.01572374903,
    203.46413738341));
#1830 = CARTESIAN_POINT('',(95.868729360226,512.64752755369,
    203.35434814328));
#1831 = CARTESIAN_POINT('',(95.727368439613,512.42255573035,
    203.29327657496));
#1832 = CARTESIAN_POINT('',(95.597351727167,512.18259286809,
    203.23518103494));
#1833 = CARTESIAN_POINT('',(95.480775852182,511.92784220062,
    203.18165581279));
#1834 = CARTESIAN_POINT('',(95.379890803523,511.65873152428,
    203.13439776355));
#1835 = CARTESIAN_POINT('',(95.234106438569,511.16046394555,
    203.06517931603));
#1836 = CARTESIAN_POINT('',(95.181590009173,510.93700117403,
    203.03987143416));
#1837 = CARTESIAN_POINT('',(95.141126758925,510.70732714977,
    203.02015213301));
#1838 = CARTESIAN_POINT('',(95.113741953198,510.47330844386,
    203.0067335512));
#1839 = CARTESIAN_POINT('',(95.1,510.23688149282,203.));
#1840 = CARTESIAN_POINT('',(95.1,510.,203.));
#1841 = PCURVE('',#31,#1842);
#1842 = DEFINITIONAL_REPRESENTATION('',(#1843),#1901);
#1843 = B_SPLINE_CURVE_WITH_KNOTS('',6,(#1844,#1845,#1846,#1847,#1848,
    #1849,#1850,#1851,#1852,#1853,#1854,#1855,#1856,#1857,#1858,#1859,
    #1860,#1861,#1862,#1863,#1864,#1865,#1866,#1867,#1868,#1869,#1870,
    #1871,#1872,#1873,#1874,#1875,#1876,#1877,#1878,#1879,#1880,#1881,
    #1882,#1883,#1884,#1885,#1886,#1887,#1888,#1889,#1890,#1891,#1892,
    #1893,#1894,#1895,#1896,#1897,#1898,#1899,#1900),.UNSPECIFIED.,.F.,
  .F.,(7,5,5,5,5,5,5,5,5,5,5,7),(0.,0.117797068643,0.170955528553,
    0.24577794975,0.341125323285,0.416787638217,0.499643917499,
    0.658537848418,0.753224912567,0.827151817477,0.925241735731,1.),
  .UNSPECIFIED.);
#1844 = CARTESIAN_POINT('',(0.,284.9));
#1845 = CARTESIAN_POINT('',(3.75464510555E-02,284.9));
#1846 = CARTESIAN_POINT('',(7.475044169574E-02,284.86547552458));
#1847 = CARTESIAN_POINT('',(0.111104449967,284.7976097718));
#1848 = CARTESIAN_POINT('',(0.146115875307,284.69942739381));
#1849 = CARTESIAN_POINT('',(0.179292288788,284.5757813914));
#1850 = CARTESIAN_POINT('',(0.224112675759,284.36951386477));
#1851 = CARTESIAN_POINT('',(0.237650995789,284.30129644969));
#1852 = CARTESIAN_POINT('',(0.250790181051,284.22934154592));
#1853 = CARTESIAN_POINT('',(0.263529924651,284.15396389656));
#1854 = CARTESIAN_POINT('',(0.2758704359,284.07545243907));
#1855 = CARTESIAN_POINT('',(0.304621778091,283.87952371034));
#1856 = CARTESIAN_POINT('',(0.32064645014,283.75925901019));
#1857 = CARTESIAN_POINT('',(0.335898813291,283.63393511236));
#1858 = CARTESIAN_POINT('',(0.350390784199,283.50408696161));
#1859 = CARTESIAN_POINT('',(0.364133004194,283.37014256689));
#1860 = CARTESIAN_POINT('',(0.393700868052,283.05696198591));
#1861 = CARTESIAN_POINT('',(0.409068116419,282.87533659203));
#1862 = CARTESIAN_POINT('',(0.423241701357,282.68835806466));
#1863 = CARTESIAN_POINT('',(0.436222681554,282.49664866387));
#1864 = CARTESIAN_POINT('',(0.448006279142,282.3006970159));
#1865 = CARTESIAN_POINT('',(0.466972794129,281.94234716068));
#1866 = CARTESIAN_POINT('',(0.474602389651,281.78139091698));
#1867 = CARTESIAN_POINT('',(0.481459452598,281.61832157224));
#1868 = CARTESIAN_POINT('',(0.487533719852,281.4534111855));
#1869 = CARTESIAN_POINT('',(0.49281544904,281.28691105019));
#1870 = CARTESIAN_POINT('',(0.502201946613,280.93523303552));
#1871 = CARTESIAN_POINT('',(0.506146701333,280.74979812884));
#1872 = CARTESIAN_POINT('',(0.509115415319,280.56316010595));
#1873 = CARTESIAN_POINT('',(0.511098168274,280.3757212435));
#1874 = CARTESIAN_POINT('',(0.512089752934,280.18787371721));
#1875 = CARTESIAN_POINT('',(0.512089752934,279.63971356541));
#1876 = CARTESIAN_POINT('',(0.508443099845,279.27995432422));
#1877 = CARTESIAN_POINT('',(0.501169334283,278.92308189549));
#1878 = CARTESIAN_POINT('',(0.490327821701,278.57151847754));
#1879 = CARTESIAN_POINT('',(0.476021246015,278.22794407569));
#1880 = CARTESIAN_POINT('',(0.447881634772,277.69735222877));
#1881 = CARTESIAN_POINT('',(0.43618524398,277.50302019657));
#1882 = CARTESIAN_POINT('',(0.423310794685,277.31286448811));
#1883 = CARTESIAN_POINT('',(0.40926296247,277.12736240407));
#1884 = CARTESIAN_POINT('',(0.394040774161,276.94712044516));
#1885 = CARTESIAN_POINT('',(0.364832060721,276.63689832713));
#1886 = CARTESIAN_POINT('',(0.351304449582,276.50454174166));
#1887 = CARTESIAN_POINT('',(0.337046410935,276.37615439492));
#1888 = CARTESIAN_POINT('',(0.32204844515,276.25215002363));
#1889 = CARTESIAN_POINT('',(0.306299768295,276.13304345283));
#1890 = CARTESIAN_POINT('',(0.26787814476,275.86872936022));
#1891 = CARTESIAN_POINT('',(0.244573883331,275.72736843961));
#1892 = CARTESIAN_POINT('',(0.219899110644,275.59735172716));
#1893 = CARTESIAN_POINT('',(0.193887966261,275.48077585218));
#1894 = CARTESIAN_POINT('',(0.166582616346,275.37989080352));
#1895 = CARTESIAN_POINT('',(0.116277370746,275.23410643856));
#1896 = CARTESIAN_POINT('',(9.379541085126E-02,275.18159000917));
#1897 = CARTESIAN_POINT('',(7.075662044758E-02,275.14112675892));
#1898 = CARTESIAN_POINT('',(4.733084955067E-02,275.11374195319));
#1899 = CARTESIAN_POINT('',(2.368814928232E-02,275.1));
#1900 = CARTESIAN_POINT('',(0.,275.1));
#1901 = ( GEOMETRIC_REPRESENTATION_CONTEXT(2) 
PARAMETRIC_REPRESENTATION_CONTEXT() REPRESENTATION_CONTEXT('2D SPACE',''
  ) );
#1902 = PCURVE('',#1267,#1903);
#1903 = DEFINITIONAL_REPRESENTATION('',(#1904),#1962);
#1904 = B_SPLINE_CURVE_WITH_KNOTS('',6,(#1905,#1906,#1907,#1908,#1909,
    #1910,#1911,#1912,#1913,#1914,#1915,#1916,#1917,#1918,#1919,#1920,
    #1921,#1922,#1923,#1924,#1925,#1926,#1927,#1928,#1929,#1930,#1931,
    #1932,#1933,#1934,#1935,#1936,#1937,#1938,#1939,#1940,#1941,#1942,
    #1943,#1944,#1945,#1946,#1947,#1948,#1949,#1950,#1951,#1952,#1953,
    #1954,#1955,#1956,#1957,#1958,#1959,#1960,#1961),.UNSPECIFIED.,.F.,
  .F.,(7,5,5,5,5,5,5,5,5,5,5,7),(0.,0.117797068643,0.170955528553,
    0.24577794975,0.341125323285,0.416787638217,0.499643917499,
    0.658537848418,0.753224912567,0.827151817477,0.925241735731,1.),
  .UNSPECIFIED.);
#1905 = CARTESIAN_POINT('',(0.,3.));
#1906 = CARTESIAN_POINT('',(7.662541031735E-02,3.));
#1907 = CARTESIAN_POINT('',(0.152551737007,3.016917001514));
#1908 = CARTESIAN_POINT('',(0.227359940023,3.050171117269));
#1909 = CARTESIAN_POINT('',(0.300598937347,3.097601665692));
#1910 = CARTESIAN_POINT('',(0.371698745807,3.155624634721));
#1911 = CARTESIAN_POINT('',(0.470565493046,3.249134238521));
#1912 = CARTESIAN_POINT('',(0.500852903435,3.27965902558));
#1913 = CARTESIAN_POINT('',(0.530707559606,3.311376023766));
#1914 = CARTESIAN_POINT('',(0.560149167749,3.344042542015));
#1915 = CARTESIAN_POINT('',(0.589195982303,3.377430760781));
#1916 = CARTESIAN_POINT('',(0.658220080529,3.459043039238));
#1917 = CARTESIAN_POINT('',(0.69783877279,3.507781123747));
#1918 = CARTESIAN_POINT('',(0.736796159804,3.556984558353));
#1919 = CARTESIAN_POINT('',(0.775162930653,3.606163159852));
#1920 = CARTESIAN_POINT('',(0.813008219586,3.654884116166));
#1921 = CARTESIAN_POINT('',(0.898052201996,3.763769901133));
#1922 = CARTESIAN_POINT('',(0.944980881777,3.823422896375));
#1923 = CARTESIAN_POINT('',(0.991301860757,3.880881109251));
#1924 = CARTESIAN_POINT('',(1.037122781181,3.935412563058));
#1925 = CARTESIAN_POINT('',(1.082548098511,3.986372640729));
#1926 = CARTESIAN_POINT('',(1.163498863106,4.070332908845));
#1927 = CARTESIAN_POINT('',(1.199128108605,4.104865042161));
#1928 = CARTESIAN_POINT('',(1.234601112689,4.136472361485));
#1929 = CARTESIAN_POINT('',(1.269947686633,4.164883494463));
#1930 = CARTESIAN_POINT('',(1.305198193413,4.189868320146));
#1931 = CARTESIAN_POINT('',(1.378917428481,4.234646658232));
#1932 = CARTESIAN_POINT('',(1.417370600637,4.253719101174));
#1933 = CARTESIAN_POINT('',(1.455764250301,4.268201236231));
#1934 = CARTESIAN_POINT('',(1.494118514731,4.277917006565));
#1935 = CARTESIAN_POINT('',(1.532454751852,4.282775671121));
#1936 = CARTESIAN_POINT('',(1.644324170587,4.282775671121));
#1937 = CARTESIAN_POINT('',(1.717744390169,4.264906993448));
#1938 = CARTESIAN_POINT('',(1.791291172225,4.229265921132));
#1939 = CARTESIAN_POINT('',(1.865174655657,4.177010895421));
#1940 = CARTESIAN_POINT('',(1.939596128908,4.110358037029));
#1941 = CARTESIAN_POINT('',(2.059502819981,3.985839145149));
#1942 = CARTESIAN_POINT('',(2.104563281279,3.935270065336));
#1943 = CARTESIAN_POINT('',(2.150013331279,3.881190178249));
#1944 = CARTESIAN_POINT('',(2.195954891851,3.824228796817));
#1945 = CARTESIAN_POINT('',(2.242492967745,3.765099742691));
#1946 = CARTESIAN_POINT('',(2.326626429025,3.657399562403));
#1947 = CARTESIAN_POINT('',(2.363950972068,3.609348959428));
#1948 = CARTESIAN_POINT('',(2.401782386033,3.5608350725));
#1949 = CARTESIAN_POINT('',(2.440185394515,3.512274365605));
#1950 = CARTESIAN_POINT('',(2.479226214346,3.464137383413));
#1951 = CARTESIAN_POINT('',(2.571725047102,3.354348143283));
#1952 = CARTESIAN_POINT('',(2.625846200122,3.293276574966));
#1953 = CARTESIAN_POINT('',(2.681366586351,3.235181034943));
#1954 = CARTESIAN_POINT('',(2.738336501315,3.18165581279));
#1955 = CARTESIAN_POINT('',(2.796828790571,3.134397763559));
#1956 = CARTESIAN_POINT('',(2.902779133955,3.065179316037));
#1957 = CARTESIAN_POINT('',(2.94955841998,3.039871434166));
#1958 = CARTESIAN_POINT('',(2.997036789204,3.020152133012));
#1959 = CARTESIAN_POINT('',(3.044999097954,3.006733551202));
#1960 = CARTESIAN_POINT('',(3.093249491789,3.));
#1961 = CARTESIAN_POINT('',(3.14159265359,3.));
#1962 = ( GEOMETRIC_REPRESENTATION_CONTEXT(2) 
PARAMETRIC_REPRESENTATION_CONTEXT() REPRESENTATION_CONTEXT('2D SPACE',''
  ) );
#1963 = ORIENTED_EDGE('',*,*,#1120,.F.);
#1964 = ORIENTED_EDGE('',*,*,#1965,.T.);
#1965 = EDGE_CURVE('',#931,#908,#1966,.T.);
#1966 = SURFACE_CURVE('',#1967,(#2025,#2086),.PCURVE_S1.);
#1967 = B_SPLINE_CURVE_WITH_KNOTS('',6,(#1968,#1969,#1970,#1971,#1972,
    #1973,#1974,#1975,#1976,#1977,#1978,#1979,#1980,#1981,#1982,#1983,
    #1984,#1985,#1986,#1987,#1988,#1989,#1990,#1991,#1992,#1993,#1994,
    #1995,#1996,#1997,#1998,#1999,#2000,#2001,#2002,#2003,#2004,#2005,
    #2006,#2007,#2008,#2009,#2010,#2011,#2012,#2013,#2014,#2015,#2016,
    #2017,#2018,#2019,#2020,#2021,#2022,#2023,#2024),.UNSPECIFIED.,.F.,
  .F.,(7,5,5,5,5,5,5,5,5,5,5,7),(0.,0.117797068976,0.170955529027,
    0.245777950412,0.341125324185,0.416787639307,0.499643918797,
    0.658537850114,0.753224911545,0.827151816762,0.925241735421,1.),
  .UNSPECIFIED.);
#1968 = CARTESIAN_POINT('',(54.9,510.,203.));
#1969 = CARTESIAN_POINT('',(54.9,510.37546451055,203.));
#1970 = CARTESIAN_POINT('',(54.865475524588,510.74750380431,
    203.01691700151));
#1971 = CARTESIAN_POINT('',(54.797609771807,511.11009418279,
    203.05017111726));
#1972 = CARTESIAN_POINT('',(54.699427393814,511.45742862565,
    203.09760166569));
#1973 = CARTESIAN_POINT('',(54.575781391403,511.78427938121,
    203.15562463472));
#1974 = CARTESIAN_POINT('',(54.36951386478,512.22262018789,
    203.24913423851));
#1975 = CARTESIAN_POINT('',(54.301296449689,512.35453789311,
    203.27965902558));
#1976 = CARTESIAN_POINT('',(54.229341545918,512.4820702904,
    203.31137602377));
#1977 = CARTESIAN_POINT('',(54.153963896564,512.60523043459,
    203.34404254201));
#1978 = CARTESIAN_POINT('',(54.075452439086,512.72404532289,
    203.37743076077));
#1979 = CARTESIAN_POINT('',(53.879523710347,512.9997324713,
    203.45904303923));
#1980 = CARTESIAN_POINT('',(53.759259010196,513.15242523085,
    203.50778112374));
#1981 = CARTESIAN_POINT('',(53.633935112366,513.2968370248,
    203.55698455835));
#1982 = CARTESIAN_POINT('',(53.50408696161,513.43318887283,
    203.60616315985));
#1983 = CARTESIAN_POINT('',(53.370142566897,513.5617005955,
    203.65488411616));
#1984 = CARTESIAN_POINT('',(53.056961985915,513.83660011013,
    203.76376990113));
#1985 = CARTESIAN_POINT('',(52.875336592032,513.97826007106,
    203.82342289637));
#1986 = CARTESIAN_POINT('',(52.688358064666,514.10786317782,
    203.88088110925));
#1987 = CARTESIAN_POINT('',(52.496648663873,514.22568456666,
    203.93541256305));
#1988 = CARTESIAN_POINT('',(52.300697015903,514.33194005527,
    203.98637264072));
#1989 = CARTESIAN_POINT('',(51.942347160685,514.50200928369,
    204.07033290884));
#1990 = CARTESIAN_POINT('',(51.781390916982,514.57004835164,
    204.10486504216));
#1991 = CARTESIAN_POINT('',(51.618321572243,514.63090413035,
    204.13647236148));
#1992 = CARTESIAN_POINT('',(51.453411185505,514.68459479575,
    204.16488349446));
#1993 = CARTESIAN_POINT('',(51.2869110502,514.73112957489,
    204.18986832014));
#1994 = CARTESIAN_POINT('',(50.935233035526,514.81362523603,
    204.23464665823));
#1995 = CARTESIAN_POINT('',(50.74979812885,514.84815679545,
    204.25371910117));
#1996 = CARTESIAN_POINT('',(50.563160105953,514.87407229307,
    204.26820123623));
#1997 = CARTESIAN_POINT('',(50.375721243504,514.89135599123,
    204.27791700656));
#1998 = CARTESIAN_POINT('',(50.187873717219,514.9,204.28277567112));
#1999 = CARTESIAN_POINT('',(49.63971356542,514.9,204.28277567112));
#2000 = CARTESIAN_POINT('',(49.279954324224,514.86821108576,
    204.26490699344));
#2001 = CARTESIAN_POINT('',(48.923081895492,514.8048050732,
    204.22926592113));
#2002 = CARTESIAN_POINT('',(48.571518477549,514.70980597341,
    204.17701089542));
#2003 = CARTESIAN_POINT('',(48.227944075697,514.5831599942,
    204.11035803702));
#2004 = CARTESIAN_POINT('',(47.697352234954,514.3308133751,
    203.9858391466));
#2005 = CARTESIAN_POINT('',(47.503020186976,514.22533769451,
    203.93527006263));
#2006 = CARTESIAN_POINT('',(47.312864487914,514.10848165291,
    203.8811901785));
#2007 = CARTESIAN_POINT('',(47.127362413597,513.98003482105,
    203.82422879963));
#2008 = CARTESIAN_POINT('',(46.947120439447,513.83972933101,
    203.7650997407));
#2009 = CARTESIAN_POINT('',(46.636898327136,513.56822323066,
    203.6573995624));
#2010 = CARTESIAN_POINT('',(46.504541741662,513.4417532421,
    203.60934895942));
#2011 = CARTESIAN_POINT('',(46.376154394925,513.30765002291,
    203.5608350725));
#2012 = CARTESIAN_POINT('',(46.252150023639,513.16570906381,
    203.5122743656));
#2013 = CARTESIAN_POINT('',(46.133043452836,513.01572374903,
    203.46413738341));
#2014 = CARTESIAN_POINT('',(45.868729360228,512.64752755369,
    203.35434814328));
#2015 = CARTESIAN_POINT('',(45.727368439615,512.42255573036,
    203.29327657496));
#2016 = CARTESIAN_POINT('',(45.597351727168,512.18259286809,
    203.23518103494));
#2017 = CARTESIAN_POINT('',(45.480775852183,511.92784220062,
    203.18165581279));
#2018 = CARTESIAN_POINT('',(45.379890803523,511.65873152428,
    203.13439776356));
#2019 = CARTESIAN_POINT('',(45.234106438569,511.16046394555,
    203.06517931603));
#2020 = CARTESIAN_POINT('',(45.181590009173,510.93700117403,
    203.03987143416));
#2021 = CARTESIAN_POINT('',(45.141126758926,510.70732714977,
    203.02015213301));
#2022 = CARTESIAN_POINT('',(45.113741953198,510.47330844386,
    203.0067335512));
#2023 = CARTESIAN_POINT('',(45.1,510.23688149282,203.));
#2024 = CARTESIAN_POINT('',(45.1,510.,203.));
#2025 = PCURVE('',#31,#2026);
#2026 = DEFINITIONAL_REPRESENTATION('',(#2027),#2085);
#2027 = B_SPLINE_CURVE_WITH_KNOTS('',6,(#2028,#2029,#2030,#2031,#2032,
    #2033,#2034,#2035,#2036,#2037,#2038,#2039,#2040,#2041,#2042,#2043,
    #2044,#2045,#2046,#2047,#2048,#2049,#2050,#2051,#2052,#2053,#2054,
    #2055,#2056,#2057,#2058,#2059,#2060,#2061,#2062,#2063,#2064,#2065,
    #2066,#2067,#2068,#2069,#2070,#2071,#2072,#2073,#2074,#2075,#2076,
    #2077,#2078,#2079,#2080,#2081,#2082,#2083,#2084),.UNSPECIFIED.,.F.,
  .F.,(7,5,5,5,5,5,5,5,5,5,5,7),(0.,0.117797068976,0.170955529027,
    0.245777950412,0.341125324185,0.416787639307,0.499643918797,
    0.658537850114,0.753224911545,0.827151816762,0.925241735421,1.),
  .UNSPECIFIED.);
#2028 = CARTESIAN_POINT('',(0.,234.9));
#2029 = CARTESIAN_POINT('',(3.754645105547E-02,234.9));
#2030 = CARTESIAN_POINT('',(7.47504416958E-02,234.86547552458));
#2031 = CARTESIAN_POINT('',(0.111104449967,234.7976097718));
#2032 = CARTESIAN_POINT('',(0.146115875307,234.69942739381));
#2033 = CARTESIAN_POINT('',(0.179292288788,234.5757813914));
#2034 = CARTESIAN_POINT('',(0.224112675757,234.36951386478));
#2035 = CARTESIAN_POINT('',(0.23765099579,234.30129644968));
#2036 = CARTESIAN_POINT('',(0.250790181053,234.22934154591));
#2037 = CARTESIAN_POINT('',(0.263529924652,234.15396389656));
#2038 = CARTESIAN_POINT('',(0.275870435898,234.07545243908));
#2039 = CARTESIAN_POINT('',(0.304621778091,233.87952371034));
#2040 = CARTESIAN_POINT('',(0.32064645014,233.75925901019));
#2041 = CARTESIAN_POINT('',(0.33589881329,233.63393511236));
#2042 = CARTESIAN_POINT('',(0.350390784199,233.50408696161));
#2043 = CARTESIAN_POINT('',(0.364133004194,233.37014256689));
#2044 = CARTESIAN_POINT('',(0.393700868052,233.05696198591));
#2045 = CARTESIAN_POINT('',(0.40906811642,232.87533659203));
#2046 = CARTESIAN_POINT('',(0.423241701357,232.68835806466));
#2047 = CARTESIAN_POINT('',(0.436222681554,232.49664866387));
#2048 = CARTESIAN_POINT('',(0.448006279142,232.3006970159));
#2049 = CARTESIAN_POINT('',(0.466972794129,231.94234716068));
#2050 = CARTESIAN_POINT('',(0.474602389651,231.78139091698));
#2051 = CARTESIAN_POINT('',(0.481459452598,231.61832157224));
#2052 = CARTESIAN_POINT('',(0.487533719852,231.4534111855));
#2053 = CARTESIAN_POINT('',(0.49281544904,231.2869110502));
#2054 = CARTESIAN_POINT('',(0.502201946613,230.93523303552));
#2055 = CARTESIAN_POINT('',(0.506146701333,230.74979812885));
#2056 = CARTESIAN_POINT('',(0.509115415319,230.56316010595));
#2057 = CARTESIAN_POINT('',(0.511098168274,230.3757212435));
#2058 = CARTESIAN_POINT('',(0.512089752934,230.18787371721));
#2059 = CARTESIAN_POINT('',(0.512089752934,229.63971356542));
#2060 = CARTESIAN_POINT('',(0.508443099845,229.27995432422));
#2061 = CARTESIAN_POINT('',(0.501169334283,228.92308189549));
#2062 = CARTESIAN_POINT('',(0.490327821701,228.57151847754));
#2063 = CARTESIAN_POINT('',(0.476021246016,228.22794407569));
#2064 = CARTESIAN_POINT('',(0.4478816351,227.69735223495));
#2065 = CARTESIAN_POINT('',(0.436185243312,227.50302018697));
#2066 = CARTESIAN_POINT('',(0.423310794784,227.31286448791));
#2067 = CARTESIAN_POINT('',(0.409262963185,227.12736241359));
#2068 = CARTESIAN_POINT('',(0.394040773622,226.94712043944));
#2069 = CARTESIAN_POINT('',(0.364832060721,226.63689832713));
#2070 = CARTESIAN_POINT('',(0.351304449582,226.50454174166));
#2071 = CARTESIAN_POINT('',(0.337046410935,226.37615439492));
#2072 = CARTESIAN_POINT('',(0.32204844515,226.25215002363));
#2073 = CARTESIAN_POINT('',(0.306299768296,226.13304345283));
#2074 = CARTESIAN_POINT('',(0.26787814476,225.86872936022));
#2075 = CARTESIAN_POINT('',(0.244573883331,225.72736843961));
#2076 = CARTESIAN_POINT('',(0.219899110644,225.59735172716));
#2077 = CARTESIAN_POINT('',(0.193887966261,225.48077585218));
#2078 = CARTESIAN_POINT('',(0.166582616346,225.37989080352));
#2079 = CARTESIAN_POINT('',(0.116277370746,225.23410643856));
#2080 = CARTESIAN_POINT('',(9.379541085127E-02,225.18159000917));
#2081 = CARTESIAN_POINT('',(7.07566204476E-02,225.14112675892));
#2082 = CARTESIAN_POINT('',(4.73308495507E-02,225.11374195319));
#2083 = CARTESIAN_POINT('',(2.36881492823E-02,225.1));
#2084 = CARTESIAN_POINT('',(0.,225.1));
#2085 = ( GEOMETRIC_REPRESENTATION_CONTEXT(2) 
PARAMETRIC_REPRESENTATION_CONTEXT() REPRESENTATION_CONTEXT('2D SPACE',''
  ) );
#2086 = PCURVE('',#1054,#2087);
#2087 = DEFINITIONAL_REPRESENTATION('',(#2088),#2146);
#2088 = B_SPLINE_CURVE_WITH_KNOTS('',6,(#2089,#2090,#2091,#2092,#2093,
    #2094,#2095,#2096,#2097,#2098,#2099,#2100,#2101,#2102,#2103,#2104,
    #2105,#2106,#2107,#2108,#2109,#2110,#2111,#2112,#2113,#2114,#2115,
    #2116,#2117,#2118,#2119,#2120,#2121,#2122,#2123,#2124,#2125,#2126,
    #2127,#2128,#2129,#2130,#2131,#2132,#2133,#2134,#2135,#2136,#2137,
    #2138,#2139,#2140,#2141,#2142,#2143,#2144,#2145),.UNSPECIFIED.,.F.,
  .F.,(7,5,5,5,5,5,5,5,5,5,5,7),(0.,0.117797068976,0.170955529027,
    0.245777950412,0.341125324185,0.416787639307,0.499643918797,
    0.658537850114,0.753224911545,0.827151816762,0.925241735421,1.),
  .UNSPECIFIED.);
#2089 = CARTESIAN_POINT('',(0.,3.));
#2090 = CARTESIAN_POINT('',(7.662541031728E-02,3.));
#2091 = CARTESIAN_POINT('',(0.152551737007,3.016917001514));
#2092 = CARTESIAN_POINT('',(0.227359940023,3.050171117269));
#2093 = CARTESIAN_POINT('',(0.300598937347,3.097601665692));
#2094 = CARTESIAN_POINT('',(0.371698745807,3.155624634721));
#2095 = CARTESIAN_POINT('',(0.470565493041,3.249134238517));
#2096 = CARTESIAN_POINT('',(0.500852903437,3.27965902558));
#2097 = CARTESIAN_POINT('',(0.53070755961,3.311376023771));
#2098 = CARTESIAN_POINT('',(0.56014916775,3.344042542017));
#2099 = CARTESIAN_POINT('',(0.589195982298,3.377430760776));
#2100 = CARTESIAN_POINT('',(0.658220080529,3.459043039238));
#2101 = CARTESIAN_POINT('',(0.69783877279,3.507781123747));
#2102 = CARTESIAN_POINT('',(0.736796159803,3.556984558353));
#2103 = CARTESIAN_POINT('',(0.775162930653,3.606163159852));
#2104 = CARTESIAN_POINT('',(0.813008219586,3.654884116166));
#2105 = CARTESIAN_POINT('',(0.898052201995,3.763769901133));
#2106 = CARTESIAN_POINT('',(0.944980881777,3.823422896375));
#2107 = CARTESIAN_POINT('',(0.991301860757,3.880881109251));
#2108 = CARTESIAN_POINT('',(1.037122781181,3.935412563057));
#2109 = CARTESIAN_POINT('',(1.082548098511,3.986372640729));
#2110 = CARTESIAN_POINT('',(1.163498863106,4.070332908845));
#2111 = CARTESIAN_POINT('',(1.199128108605,4.104865042161));
#2112 = CARTESIAN_POINT('',(1.234601112689,4.136472361485));
#2113 = CARTESIAN_POINT('',(1.269947686633,4.164883494463));
#2114 = CARTESIAN_POINT('',(1.305198193413,4.189868320145));
#2115 = CARTESIAN_POINT('',(1.378917428481,4.234646658232));
#2116 = CARTESIAN_POINT('',(1.417370600637,4.253719101174));
#2117 = CARTESIAN_POINT('',(1.455764250301,4.268201236231));
#2118 = CARTESIAN_POINT('',(1.494118514731,4.277917006565));
#2119 = CARTESIAN_POINT('',(1.532454751852,4.282775671121));
#2120 = CARTESIAN_POINT('',(1.644324170587,4.282775671121));
#2121 = CARTESIAN_POINT('',(1.717744390169,4.264906993448));
#2122 = CARTESIAN_POINT('',(1.791291172225,4.229265921132));
#2123 = CARTESIAN_POINT('',(1.865174655657,4.177010895421));
#2124 = CARTESIAN_POINT('',(1.939596128908,4.110358037029));
#2125 = CARTESIAN_POINT('',(2.059502818583,3.9858391466));
#2126 = CARTESIAN_POINT('',(2.104563283619,3.935270062637));
#2127 = CARTESIAN_POINT('',(2.150013331204,3.881190178501));
#2128 = CARTESIAN_POINT('',(2.195954889473,3.824228799638));
#2129 = CARTESIAN_POINT('',(2.242492969296,3.765099740706));
#2130 = CARTESIAN_POINT('',(2.326626429024,3.657399562404));
#2131 = CARTESIAN_POINT('',(2.363950972067,3.609348959428));
#2132 = CARTESIAN_POINT('',(2.401782386032,3.560835072501));
#2133 = CARTESIAN_POINT('',(2.440185394514,3.512274365606));
#2134 = CARTESIAN_POINT('',(2.479226214345,3.464137383414));
#2135 = CARTESIAN_POINT('',(2.571725047102,3.354348143284));
#2136 = CARTESIAN_POINT('',(2.625846200121,3.293276574967));
#2137 = CARTESIAN_POINT('',(2.68136658635,3.235181034943));
#2138 = CARTESIAN_POINT('',(2.738336501315,3.18165581279));
#2139 = CARTESIAN_POINT('',(2.79682879057,3.13439776356));
#2140 = CARTESIAN_POINT('',(2.902779133955,3.065179316037));
#2141 = CARTESIAN_POINT('',(2.94955841998,3.039871434166));
#2142 = CARTESIAN_POINT('',(2.997036789204,3.020152133012));
#2143 = CARTESIAN_POINT('',(3.044999097954,3.006733551202));
#2144 = CARTESIAN_POINT('',(3.093249491789,3.));
#2145 = CARTESIAN_POINT('',(3.14159265359,3.));
#2146 = ( GEOMETRIC_REPRESENTATION_CONTEXT(2) 
PARAMETRIC_REPRESENTATION_CONTEXT() REPRESENTATION_CONTEXT('2D SPACE',''
  ) );
#2147 = ORIENTED_EDGE('',*,*,#907,.F.);
#2148 = ORIENTED_EDGE('',*,*,#2149,.T.);
#2149 = EDGE_CURVE('',#718,#695,#2150,.T.);
#2150 = SURFACE_CURVE('',#2151,(#2209,#2270),.PCURVE_S1.);
#2151 = B_SPLINE_CURVE_WITH_KNOTS('',6,(#2152,#2153,#2154,#2155,#2156,
    #2157,#2158,#2159,#2160,#2161,#2162,#2163,#2164,#2165,#2166,#2167,
    #2168,#2169,#2170,#2171,#2172,#2173,#2174,#2175,#2176,#2177,#2178,
    #2179,#2180,#2181,#2182,#2183,#2184,#2185,#2186,#2187,#2188,#2189,
    #2190,#2191,#2192,#2193,#2194,#2195,#2196,#2197,#2198,#2199,#2200,
    #2201,#2202,#2203,#2204,#2205,#2206,#2207,#2208),.UNSPECIFIED.,.F.,
  .F.,(7,5,5,5,5,5,5,5,5,5,5,7),(0.,0.117797068975,0.170955529025,
    0.24577795041,0.341125324183,0.416787639305,0.499643918796,
    0.658537850113,0.753224911544,0.827151816761,0.925241735421,1.),
  .UNSPECIFIED.);
#2152 = CARTESIAN_POINT('',(4.9,510.,203.));
#2153 = CARTESIAN_POINT('',(4.9,510.37546451055,203.));
#2154 = CARTESIAN_POINT('',(4.865475524587,510.74750380431,
    203.01691700151));
#2155 = CARTESIAN_POINT('',(4.797609771807,511.11009418279,
    203.05017111726));
#2156 = CARTESIAN_POINT('',(4.699427393814,511.45742862566,
    203.09760166569));
#2157 = CARTESIAN_POINT('',(4.575781391403,511.78427938121,
    203.15562463472));
#2158 = CARTESIAN_POINT('',(4.36951386478,512.22262018789,
    203.24913423851));
#2159 = CARTESIAN_POINT('',(4.301296449689,512.35453789311,
    203.27965902558));
#2160 = CARTESIAN_POINT('',(4.229341545918,512.4820702904,
    203.31137602377));
#2161 = CARTESIAN_POINT('',(4.153963896564,512.60523043459,
    203.34404254201));
#2162 = CARTESIAN_POINT('',(4.075452439086,512.72404532289,
    203.37743076077));
#2163 = CARTESIAN_POINT('',(3.879523710347,512.9997324713,
    203.45904303923));
#2164 = CARTESIAN_POINT('',(3.759259010196,513.15242523085,
    203.50778112374));
#2165 = CARTESIAN_POINT('',(3.633935112367,513.2968370248,
    203.55698455835));
#2166 = CARTESIAN_POINT('',(3.50408696161,513.43318887283,
    203.60616315985));
#2167 = CARTESIAN_POINT('',(3.370142566897,513.5617005955,
    203.65488411616));
#2168 = CARTESIAN_POINT('',(3.056961985915,513.83660011013,
    203.76376990113));
#2169 = CARTESIAN_POINT('',(2.875336592032,513.97826007106,
    203.82342289637));
#2170 = CARTESIAN_POINT('',(2.688358064666,514.10786317782,
    203.88088110925));
#2171 = CARTESIAN_POINT('',(2.496648663873,514.22568456666,
    203.93541256305));
#2172 = CARTESIAN_POINT('',(2.300697015903,514.33194005527,
    203.98637264072));
#2173 = CARTESIAN_POINT('',(1.942347160685,514.50200928369,
    204.07033290884));
#2174 = CARTESIAN_POINT('',(1.781390916981,514.57004835164,
    204.10486504216));
#2175 = CARTESIAN_POINT('',(1.618321572243,514.63090413035,
    204.13647236148));
#2176 = CARTESIAN_POINT('',(1.453411185505,514.68459479575,
    204.16488349446));
#2177 = CARTESIAN_POINT('',(1.2869110502,514.73112957489,204.18986832014
    ));
#2178 = CARTESIAN_POINT('',(0.935233035526,514.81362523603,
    204.23464665823));
#2179 = CARTESIAN_POINT('',(0.74979812885,514.84815679545,
    204.25371910117));
#2180 = CARTESIAN_POINT('',(0.563160105953,514.87407229307,
    204.26820123623));
#2181 = CARTESIAN_POINT('',(0.375721243504,514.89135599123,
    204.27791700656));
#2182 = CARTESIAN_POINT('',(0.18787371722,514.9,204.28277567112));
#2183 = CARTESIAN_POINT('',(-0.36028643458,514.9,204.28277567112));
#2184 = CARTESIAN_POINT('',(-0.720045675775,514.86821108576,
    204.26490699344));
#2185 = CARTESIAN_POINT('',(-1.076918104508,514.8048050732,
    204.22926592113));
#2186 = CARTESIAN_POINT('',(-1.428481522451,514.70980597341,
    204.17701089542));
#2187 = CARTESIAN_POINT('',(-1.772055924303,514.5831599942,
    204.11035803702));
#2188 = CARTESIAN_POINT('',(-2.302647765046,514.3308133751,
    203.9858391466));
#2189 = CARTESIAN_POINT('',(-2.496979813024,514.22533769451,
    203.93527006263));
#2190 = CARTESIAN_POINT('',(-2.687135512086,514.10848165291,
    203.8811901785));
#2191 = CARTESIAN_POINT('',(-2.872637586403,513.98003482105,
    203.82422879963));
#2192 = CARTESIAN_POINT('',(-3.052879560554,513.83972933101,
    203.7650997407));
#2193 = CARTESIAN_POINT('',(-3.363101672864,513.56822323066,
    203.6573995624));
#2194 = CARTESIAN_POINT('',(-3.495458258338,513.4417532421,
    203.60934895942));
#2195 = CARTESIAN_POINT('',(-3.623845605075,513.30765002291,
    203.5608350725));
#2196 = CARTESIAN_POINT('',(-3.747849976361,513.16570906381,
    203.5122743656));
#2197 = CARTESIAN_POINT('',(-3.866956547164,513.01572374903,
    203.46413738341));
#2198 = CARTESIAN_POINT('',(-4.131270639772,512.64752755369,
    203.35434814328));
#2199 = CARTESIAN_POINT('',(-4.272631560385,512.42255573036,
    203.29327657496));
#2200 = CARTESIAN_POINT('',(-4.402648272832,512.18259286809,
    203.23518103494));
#2201 = CARTESIAN_POINT('',(-4.519224147817,511.92784220062,
    203.18165581279));
#2202 = CARTESIAN_POINT('',(-4.620109196477,511.65873152428,
    203.13439776356));
#2203 = CARTESIAN_POINT('',(-4.765893561431,511.16046394555,
    203.06517931603));
#2204 = CARTESIAN_POINT('',(-4.818409990827,510.93700117403,
    203.03987143416));
#2205 = CARTESIAN_POINT('',(-4.858873241074,510.70732714977,
    203.02015213301));
#2206 = CARTESIAN_POINT('',(-4.886258046802,510.47330844386,
    203.0067335512));
#2207 = CARTESIAN_POINT('',(-4.9,510.23688149282,203.));
#2208 = CARTESIAN_POINT('',(-4.9,510.,203.));
#2209 = PCURVE('',#31,#2210);
#2210 = DEFINITIONAL_REPRESENTATION('',(#2211),#2269);
#2211 = B_SPLINE_CURVE_WITH_KNOTS('',6,(#2212,#2213,#2214,#2215,#2216,
    #2217,#2218,#2219,#2220,#2221,#2222,#2223,#2224,#2225,#2226,#2227,
    #2228,#2229,#2230,#2231,#2232,#2233,#2234,#2235,#2236,#2237,#2238,
    #2239,#2240,#2241,#2242,#2243,#2244,#2245,#2246,#2247,#2248,#2249,
    #2250,#2251,#2252,#2253,#2254,#2255,#2256,#2257,#2258,#2259,#2260,
    #2261,#2262,#2263,#2264,#2265,#2266,#2267,#2268),.UNSPECIFIED.,.F.,
  .F.,(7,5,5,5,5,5,5,5,5,5,5,7),(0.,0.117797068975,0.170955529025,
    0.24577795041,0.341125324183,0.416787639305,0.499643918796,
    0.658537850113,0.753224911544,0.827151816761,0.925241735421,1.),
  .UNSPECIFIED.);
#2212 = CARTESIAN_POINT('',(0.,184.9));
#2213 = CARTESIAN_POINT('',(3.754645105547E-02,184.9));
#2214 = CARTESIAN_POINT('',(7.475044169581E-02,184.86547552458));
#2215 = CARTESIAN_POINT('',(0.111104449967,184.7976097718));
#2216 = CARTESIAN_POINT('',(0.146115875307,184.69942739381));
#2217 = CARTESIAN_POINT('',(0.179292288788,184.5757813914));
#2218 = CARTESIAN_POINT('',(0.224112675757,184.36951386478));
#2219 = CARTESIAN_POINT('',(0.23765099579,184.30129644968));
#2220 = CARTESIAN_POINT('',(0.250790181053,184.22934154591));
#2221 = CARTESIAN_POINT('',(0.263529924652,184.15396389656));
#2222 = CARTESIAN_POINT('',(0.275870435898,184.07545243908));
#2223 = CARTESIAN_POINT('',(0.304621778091,183.87952371034));
#2224 = CARTESIAN_POINT('',(0.32064645014,183.75925901019));
#2225 = CARTESIAN_POINT('',(0.33589881329,183.63393511236));
#2226 = CARTESIAN_POINT('',(0.350390784199,183.50408696161));
#2227 = CARTESIAN_POINT('',(0.364133004194,183.37014256689));
#2228 = CARTESIAN_POINT('',(0.393700868052,183.05696198591));
#2229 = CARTESIAN_POINT('',(0.40906811642,182.87533659203));
#2230 = CARTESIAN_POINT('',(0.423241701357,182.68835806466));
#2231 = CARTESIAN_POINT('',(0.436222681554,182.49664866387));
#2232 = CARTESIAN_POINT('',(0.448006279142,182.3006970159));
#2233 = CARTESIAN_POINT('',(0.466972794129,181.94234716068));
#2234 = CARTESIAN_POINT('',(0.474602389651,181.78139091698));
#2235 = CARTESIAN_POINT('',(0.481459452598,181.61832157224));
#2236 = CARTESIAN_POINT('',(0.487533719852,181.4534111855));
#2237 = CARTESIAN_POINT('',(0.49281544904,181.2869110502));
#2238 = CARTESIAN_POINT('',(0.502201946613,180.93523303552));
#2239 = CARTESIAN_POINT('',(0.506146701333,180.74979812885));
#2240 = CARTESIAN_POINT('',(0.509115415319,180.56316010595));
#2241 = CARTESIAN_POINT('',(0.511098168274,180.3757212435));
#2242 = CARTESIAN_POINT('',(0.512089752934,180.18787371722));
#2243 = CARTESIAN_POINT('',(0.512089752934,179.63971356542));
#2244 = CARTESIAN_POINT('',(0.508443099845,179.27995432422));
#2245 = CARTESIAN_POINT('',(0.501169334283,178.92308189549));
#2246 = CARTESIAN_POINT('',(0.490327821701,178.57151847754));
#2247 = CARTESIAN_POINT('',(0.476021246016,178.22794407569));
#2248 = CARTESIAN_POINT('',(0.4478816351,177.69735223495));
#2249 = CARTESIAN_POINT('',(0.436185243312,177.50302018697));
#2250 = CARTESIAN_POINT('',(0.423310794784,177.31286448791));
#2251 = CARTESIAN_POINT('',(0.409262963185,177.12736241359));
#2252 = CARTESIAN_POINT('',(0.394040773622,176.94712043944));
#2253 = CARTESIAN_POINT('',(0.364832060721,176.63689832713));
#2254 = CARTESIAN_POINT('',(0.351304449582,176.50454174166));
#2255 = CARTESIAN_POINT('',(0.337046410935,176.37615439492));
#2256 = CARTESIAN_POINT('',(0.32204844515,176.25215002363));
#2257 = CARTESIAN_POINT('',(0.306299768296,176.13304345283));
#2258 = CARTESIAN_POINT('',(0.26787814476,175.86872936022));
#2259 = CARTESIAN_POINT('',(0.244573883331,175.72736843961));
#2260 = CARTESIAN_POINT('',(0.219899110644,175.59735172716));
#2261 = CARTESIAN_POINT('',(0.193887966261,175.48077585218));
#2262 = CARTESIAN_POINT('',(0.166582616346,175.37989080352));
#2263 = CARTESIAN_POINT('',(0.116277370746,175.23410643856));
#2264 = CARTESIAN_POINT('',(9.379541085127E-02,175.18159000917));
#2265 = CARTESIAN_POINT('',(7.075662044759E-02,175.14112675892));
#2266 = CARTESIAN_POINT('',(4.73308495507E-02,175.11374195319));
#2267 = CARTESIAN_POINT('',(2.36881492823E-02,175.1));
#2268 = CARTESIAN_POINT('',(0.,175.1));
#2269 = ( GEOMETRIC_REPRESENTATION_CONTEXT(2) 
PARAMETRIC_REPRESENTATION_CONTEXT() REPRESENTATION_CONTEXT('2D SPACE',''
  ) );
#2270 = PCURVE('',#841,#2271);
#2271 = DEFINITIONAL_REPRESENTATION('',(#2272),#2330);
#2272 = B_SPLINE_CURVE_WITH_KNOTS('',6,(#2273,#2274,#2275,#2276,#2277,
    #2278,#2279,#2280,#2281,#2282,#2283,#2284,#2285,#2286,#2287,#2288,
    #2289,#2290,#2291,#2292,#2293,#2294,#2295,#2296,#2297,#2298,#2299,
    #2300,#2301,#2302,#2303,#2304,#2305,#2306,#2307,#2308,#2309,#2310,
    #2311,#2312,#2313,#2314,#2315,#2316,#2317,#2318,#2319,#2320,#2321,
    #2322,#2323,#2324,#2325,#2326,#2327,#2328,#2329),.UNSPECIFIED.,.F.,
  .F.,(7,5,5,5,5,5,5,5,5,5,5,7),(0.,0.117797068975,0.170955529025,
    0.24577795041,0.341125324183,0.416787639305,0.499643918796,
    0.658537850113,0.753224911544,0.827151816761,0.925241735421,1.),
  .UNSPECIFIED.);
#2273 = CARTESIAN_POINT('',(0.,3.));
#2274 = CARTESIAN_POINT('',(7.662541031728E-02,3.));
#2275 = CARTESIAN_POINT('',(0.152551737007,3.016917001514));
#2276 = CARTESIAN_POINT('',(0.227359940023,3.050171117269));
#2277 = CARTESIAN_POINT('',(0.300598937347,3.097601665692));
#2278 = CARTESIAN_POINT('',(0.371698745807,3.155624634721));
#2279 = CARTESIAN_POINT('',(0.470565493041,3.249134238517));
#2280 = CARTESIAN_POINT('',(0.500852903437,3.27965902558));
#2281 = CARTESIAN_POINT('',(0.53070755961,3.311376023771));
#2282 = CARTESIAN_POINT('',(0.56014916775,3.344042542017));
#2283 = CARTESIAN_POINT('',(0.589195982298,3.377430760776));
#2284 = CARTESIAN_POINT('',(0.658220080529,3.459043039238));
#2285 = CARTESIAN_POINT('',(0.69783877279,3.507781123747));
#2286 = CARTESIAN_POINT('',(0.736796159803,3.556984558353));
#2287 = CARTESIAN_POINT('',(0.775162930653,3.606163159852));
#2288 = CARTESIAN_POINT('',(0.813008219586,3.654884116167));
#2289 = CARTESIAN_POINT('',(0.898052201996,3.763769901133));
#2290 = CARTESIAN_POINT('',(0.944980881777,3.823422896375));
#2291 = CARTESIAN_POINT('',(0.991301860757,3.880881109251));
#2292 = CARTESIAN_POINT('',(1.037122781181,3.935412563057));
#2293 = CARTESIAN_POINT('',(1.082548098511,3.986372640729));
#2294 = CARTESIAN_POINT('',(1.163498863106,4.070332908845));
#2295 = CARTESIAN_POINT('',(1.199128108605,4.104865042161));
#2296 = CARTESIAN_POINT('',(1.234601112689,4.136472361485));
#2297 = CARTESIAN_POINT('',(1.269947686633,4.164883494463));
#2298 = CARTESIAN_POINT('',(1.305198193413,4.189868320145));
#2299 = CARTESIAN_POINT('',(1.378917428481,4.234646658232));
#2300 = CARTESIAN_POINT('',(1.417370600637,4.253719101174));
#2301 = CARTESIAN_POINT('',(1.455764250301,4.268201236231));
#2302 = CARTESIAN_POINT('',(1.494118514731,4.277917006565));
#2303 = CARTESIAN_POINT('',(1.532454751852,4.282775671121));
#2304 = CARTESIAN_POINT('',(1.644324170587,4.282775671121));
#2305 = CARTESIAN_POINT('',(1.717744390169,4.264906993448));
#2306 = CARTESIAN_POINT('',(1.791291172225,4.229265921132));
#2307 = CARTESIAN_POINT('',(1.865174655657,4.177010895421));
#2308 = CARTESIAN_POINT('',(1.939596128908,4.110358037029));
#2309 = CARTESIAN_POINT('',(2.059502818583,3.9858391466));
#2310 = CARTESIAN_POINT('',(2.104563283619,3.935270062637));
#2311 = CARTESIAN_POINT('',(2.150013331204,3.881190178501));
#2312 = CARTESIAN_POINT('',(2.195954889473,3.824228799638));
#2313 = CARTESIAN_POINT('',(2.242492969296,3.765099740705));
#2314 = CARTESIAN_POINT('',(2.326626429024,3.657399562404));
#2315 = CARTESIAN_POINT('',(2.363950972067,3.609348959428));
#2316 = CARTESIAN_POINT('',(2.401782386032,3.560835072501));
#2317 = CARTESIAN_POINT('',(2.440185394514,3.512274365606));
#2318 = CARTESIAN_POINT('',(2.479226214345,3.464137383414));
#2319 = CARTESIAN_POINT('',(2.571725047102,3.354348143284));
#2320 = CARTESIAN_POINT('',(2.625846200121,3.293276574967));
#2321 = CARTESIAN_POINT('',(2.68136658635,3.235181034943));
#2322 = CARTESIAN_POINT('',(2.738336501315,3.18165581279));
#2323 = CARTESIAN_POINT('',(2.79682879057,3.13439776356));
#2324 = CARTESIAN_POINT('',(2.902779133955,3.065179316037));
#2325 = CARTESIAN_POINT('',(2.94955841998,3.039871434166));
#2326 = CARTESIAN_POINT('',(2.997036789204,3.020152133012));
#2327 = CARTESIAN_POINT('',(3.044999097954,3.006733551202));
#2328 = CARTESIAN_POINT('',(3.093249491789,3.));
#2329 = CARTESIAN_POINT('',(3.14159265359,3.));
#2330 = ( GEOMETRIC_REPRESENTATION_CONTEXT(2) 
PARAMETRIC_REPRESENTATION_CONTEXT() REPRESENTATION_CONTEXT('2D SPACE',''
  ) );
#2331 = ORIENTED_EDGE('',*,*,#694,.F.);
#2332 = ORIENTED_EDGE('',*,*,#2333,.T.);
#2333 = EDGE_CURVE('',#505,#482,#2334,.T.);
#2334 = SURFACE_CURVE('',#2335,(#2393,#2454),.PCURVE_S1.);
#2335 = B_SPLINE_CURVE_WITH_KNOTS('',6,(#2336,#2337,#2338,#2339,#2340,
    #2341,#2342,#2343,#2344,#2345,#2346,#2347,#2348,#2349,#2350,#2351,
    #2352,#2353,#2354,#2355,#2356,#2357,#2358,#2359,#2360,#2361,#2362,
    #2363,#2364,#2365,#2366,#2367,#2368,#2369,#2370,#2371,#2372,#2373,
    #2374,#2375,#2376,#2377,#2378,#2379,#2380,#2381,#2382,#2383,#2384,
    #2385,#2386,#2387,#2388,#2389,#2390,#2391,#2392),.UNSPECIFIED.,.F.,
  .F.,(7,5,5,5,5,5,5,5,5,5,5,7),(0.,0.11779706855,0.170955528404,
    0.245777951255,0.341125324922,0.416787639959,0.499643919357,
    0.658537850496,0.753224911821,0.827151816955,0.925241735505,1.),
  .UNSPECIFIED.);
#2336 = CARTESIAN_POINT('',(-45.1,510.,203.));
#2337 = CARTESIAN_POINT('',(-45.1,510.37546451055,203.));
#2338 = CARTESIAN_POINT('',(-45.13452447541,510.74750380431,
    203.01691700151));
#2339 = CARTESIAN_POINT('',(-45.20239022819,511.11009418279,
    203.05017111726));
#2340 = CARTESIAN_POINT('',(-45.30057260618,511.45742862566,
    203.09760166569));
#2341 = CARTESIAN_POINT('',(-45.42421860859,511.78427938121,
    203.15562463472));
#2342 = CARTESIAN_POINT('',(-45.63048613521,512.22262018788,
    203.24913423851));
#2343 = CARTESIAN_POINT('',(-45.69870355031,512.35453789311,
    203.27965902558));
#2344 = CARTESIAN_POINT('',(-45.77065845408,512.48207029041,
    203.31137602377));
#2345 = CARTESIAN_POINT('',(-45.84603610343,512.6052304346,
    203.34404254201));
#2346 = CARTESIAN_POINT('',(-45.9245475609,512.72404532289,
    203.37743076077));
#2347 = CARTESIAN_POINT('',(-46.12047629232,512.99973247506,
    203.45904304035));
#2348 = CARTESIAN_POINT('',(-46.24074098537,513.15242522581,
    203.50778112205));
#2349 = CARTESIAN_POINT('',(-46.36606488769,513.29683702422,
    203.55698455829));
#2350 = CARTESIAN_POINT('',(-46.49591304283,513.4331888776,
    203.60616316151));
#2351 = CARTESIAN_POINT('',(-46.62985743025,513.561700593,
    203.65488411517));
#2352 = CARTESIAN_POINT('',(-46.94303801408,513.83660011013,
    203.76376990113));
#2353 = CARTESIAN_POINT('',(-47.12466340796,513.97826007106,
    203.82342289637));
#2354 = CARTESIAN_POINT('',(-47.31164193533,514.10786317782,
    203.88088110925));
#2355 = CARTESIAN_POINT('',(-47.50335133612,514.22568456666,
    203.93541256305));
#2356 = CARTESIAN_POINT('',(-47.69930298409,514.33194005527,
    203.98637264072));
#2357 = CARTESIAN_POINT('',(-48.05765283931,514.50200928369,
    204.07033290884));
#2358 = CARTESIAN_POINT('',(-48.21860908301,514.57004835164,
    204.10486504216));
#2359 = CARTESIAN_POINT('',(-48.38167842775,514.63090413035,
    204.13647236148));
#2360 = CARTESIAN_POINT('',(-48.54658881449,514.68459479575,
    204.16488349446));
#2361 = CARTESIAN_POINT('',(-48.7130889498,514.73112957489,
    204.18986832014));
#2362 = CARTESIAN_POINT('',(-49.06476696447,514.81362523603,
    204.23464665823));
#2363 = CARTESIAN_POINT('',(-49.25020187115,514.84815679545,
    204.25371910117));
#2364 = CARTESIAN_POINT('',(-49.43683989404,514.87407229307,
    204.26820123623));
#2365 = CARTESIAN_POINT('',(-49.62427875649,514.89135599123,
    204.27791700656));
#2366 = CARTESIAN_POINT('',(-49.81212628278,514.9,204.28277567112));
#2367 = CARTESIAN_POINT('',(-50.36028643458,514.9,204.28277567112));
#2368 = CARTESIAN_POINT('',(-50.72004567577,514.86821108576,
    204.26490699344));
#2369 = CARTESIAN_POINT('',(-51.0769181045,514.8048050732,
    204.22926592113));
#2370 = CARTESIAN_POINT('',(-51.42848152245,514.70980597341,
    204.17701089542));
#2371 = CARTESIAN_POINT('',(-51.7720559243,514.5831599942,
    204.11035803702));
#2372 = CARTESIAN_POINT('',(-52.30264776504,514.3308133751,
    203.9858391466));
#2373 = CARTESIAN_POINT('',(-52.49697981302,514.22533769451,
    203.93527006263));
#2374 = CARTESIAN_POINT('',(-52.68713551208,514.10848165291,
    203.8811901785));
#2375 = CARTESIAN_POINT('',(-52.8726375864,513.98003482105,
    203.82422879963));
#2376 = CARTESIAN_POINT('',(-53.05287956055,513.83972933101,
    203.7650997407));
#2377 = CARTESIAN_POINT('',(-53.36310167286,513.56822323066,
    203.6573995624));
#2378 = CARTESIAN_POINT('',(-53.49545825833,513.4417532421,
    203.60934895942));
#2379 = CARTESIAN_POINT('',(-53.62384560507,513.30765002291,
    203.5608350725));
#2380 = CARTESIAN_POINT('',(-53.74784997636,513.16570906381,
    203.5122743656));
#2381 = CARTESIAN_POINT('',(-53.86695654716,513.01572374903,
    203.46413738341));
#2382 = CARTESIAN_POINT('',(-54.13127063977,512.64752755369,
    203.35434814328));
#2383 = CARTESIAN_POINT('',(-54.27263156038,512.42255573036,
    203.29327657496));
#2384 = CARTESIAN_POINT('',(-54.40264827283,512.18259286809,
    203.23518103494));
#2385 = CARTESIAN_POINT('',(-54.51922414781,511.92784220062,
    203.18165581279));
#2386 = CARTESIAN_POINT('',(-54.62010919647,511.65873152428,
    203.13439776355));
#2387 = CARTESIAN_POINT('',(-54.76589356143,511.16046394555,
    203.06517931603));
#2388 = CARTESIAN_POINT('',(-54.81840999082,510.93700117403,
    203.03987143416));
#2389 = CARTESIAN_POINT('',(-54.85887324107,510.70732714977,
    203.02015213301));
#2390 = CARTESIAN_POINT('',(-54.8862580468,510.47330844386,
    203.0067335512));
#2391 = CARTESIAN_POINT('',(-54.9,510.23688149282,203.));
#2392 = CARTESIAN_POINT('',(-54.9,510.,203.));
#2393 = PCURVE('',#31,#2394);
#2394 = DEFINITIONAL_REPRESENTATION('',(#2395),#2453);
#2395 = B_SPLINE_CURVE_WITH_KNOTS('',6,(#2396,#2397,#2398,#2399,#2400,
    #2401,#2402,#2403,#2404,#2405,#2406,#2407,#2408,#2409,#2410,#2411,
    #2412,#2413,#2414,#2415,#2416,#2417,#2418,#2419,#2420,#2421,#2422,
    #2423,#2424,#2425,#2426,#2427,#2428,#2429,#2430,#2431,#2432,#2433,
    #2434,#2435,#2436,#2437,#2438,#2439,#2440,#2441,#2442,#2443,#2444,
    #2445,#2446,#2447,#2448,#2449,#2450,#2451,#2452),.UNSPECIFIED.,.F.,
  .F.,(7,5,5,5,5,5,5,5,5,5,5,7),(0.,0.11779706855,0.170955528404,
    0.245777951255,0.341125324922,0.416787639959,0.499643919357,
    0.658537850496,0.753224911821,0.827151816955,0.925241735505,1.),
  .UNSPECIFIED.);
#2396 = CARTESIAN_POINT('',(0.,134.9));
#2397 = CARTESIAN_POINT('',(3.754645105547E-02,134.9));
#2398 = CARTESIAN_POINT('',(7.47504416958E-02,134.86547552458));
#2399 = CARTESIAN_POINT('',(0.111104449967,134.7976097718));
#2400 = CARTESIAN_POINT('',(0.146115875307,134.69942739381));
#2401 = CARTESIAN_POINT('',(0.179292288788,134.5757813914));
#2402 = CARTESIAN_POINT('',(0.224112675755,134.36951386478));
#2403 = CARTESIAN_POINT('',(0.23765099579,134.30129644968));
#2404 = CARTESIAN_POINT('',(0.250790181054,134.22934154591));
#2405 = CARTESIAN_POINT('',(0.263529924652,134.15396389656));
#2406 = CARTESIAN_POINT('',(0.275870435897,134.07545243909));
#2407 = CARTESIAN_POINT('',(0.304621778484,133.87952370767));
#2408 = CARTESIAN_POINT('',(0.320646449608,133.75925901462));
#2409 = CARTESIAN_POINT('',(0.335898813233,133.6339351123));
#2410 = CARTESIAN_POINT('',(0.350390784704,133.50408695716));
#2411 = CARTESIAN_POINT('',(0.364133003925,133.37014256974));
#2412 = CARTESIAN_POINT('',(0.393700868052,133.05696198591));
#2413 = CARTESIAN_POINT('',(0.409068116419,132.87533659203));
#2414 = CARTESIAN_POINT('',(0.423241701357,132.68835806466));
#2415 = CARTESIAN_POINT('',(0.436222681554,132.49664866387));
#2416 = CARTESIAN_POINT('',(0.448006279142,132.3006970159));
#2417 = CARTESIAN_POINT('',(0.466972794129,131.94234716068));
#2418 = CARTESIAN_POINT('',(0.474602389651,131.78139091698));
#2419 = CARTESIAN_POINT('',(0.481459452598,131.61832157224));
#2420 = CARTESIAN_POINT('',(0.487533719852,131.4534111855));
#2421 = CARTESIAN_POINT('',(0.49281544904,131.2869110502));
#2422 = CARTESIAN_POINT('',(0.502201946613,130.93523303552));
#2423 = CARTESIAN_POINT('',(0.506146701333,130.74979812885));
#2424 = CARTESIAN_POINT('',(0.509115415319,130.56316010595));
#2425 = CARTESIAN_POINT('',(0.511098168274,130.3757212435));
#2426 = CARTESIAN_POINT('',(0.512089752934,130.18787371721));
#2427 = CARTESIAN_POINT('',(0.512089752934,129.63971356542));
#2428 = CARTESIAN_POINT('',(0.508443099845,129.27995432422));
#2429 = CARTESIAN_POINT('',(0.501169334283,128.92308189549));
#2430 = CARTESIAN_POINT('',(0.490327821701,128.57151847755));
#2431 = CARTESIAN_POINT('',(0.476021246016,128.22794407569));
#2432 = CARTESIAN_POINT('',(0.4478816351,127.69735223495));
#2433 = CARTESIAN_POINT('',(0.436185243312,127.50302018697));
#2434 = CARTESIAN_POINT('',(0.423310794784,127.31286448791));
#2435 = CARTESIAN_POINT('',(0.409262963185,127.12736241359));
#2436 = CARTESIAN_POINT('',(0.394040773622,126.94712043944));
#2437 = CARTESIAN_POINT('',(0.364832060721,126.63689832713));
#2438 = CARTESIAN_POINT('',(0.351304449582,126.50454174166));
#2439 = CARTESIAN_POINT('',(0.337046410935,126.37615439492));
#2440 = CARTESIAN_POINT('',(0.32204844515,126.25215002363));
#2441 = CARTESIAN_POINT('',(0.306299768296,126.13304345283));
#2442 = CARTESIAN_POINT('',(0.26787814476,125.86872936022));
#2443 = CARTESIAN_POINT('',(0.244573883331,125.72736843961));
#2444 = CARTESIAN_POINT('',(0.219899110644,125.59735172716));
#2445 = CARTESIAN_POINT('',(0.193887966261,125.48077585218));
#2446 = CARTESIAN_POINT('',(0.166582616346,125.37989080352));
#2447 = CARTESIAN_POINT('',(0.116277370746,125.23410643856));
#2448 = CARTESIAN_POINT('',(9.379541085127E-02,125.18159000917));
#2449 = CARTESIAN_POINT('',(7.075662044759E-02,125.14112675892));
#2450 = CARTESIAN_POINT('',(4.733084955071E-02,125.11374195319));
#2451 = CARTESIAN_POINT('',(2.36881492823E-02,125.1));
#2452 = CARTESIAN_POINT('',(0.,125.1));
#2453 = ( GEOMETRIC_REPRESENTATION_CONTEXT(2) 
PARAMETRIC_REPRESENTATION_CONTEXT() REPRESENTATION_CONTEXT('2D SPACE',''
  ) );
#2454 = PCURVE('',#628,#2455);
#2455 = DEFINITIONAL_REPRESENTATION('',(#2456),#2514);
#2456 = B_SPLINE_CURVE_WITH_KNOTS('',6,(#2457,#2458,#2459,#2460,#2461,
    #2462,#2463,#2464,#2465,#2466,#2467,#2468,#2469,#2470,#2471,#2472,
    #2473,#2474,#2475,#2476,#2477,#2478,#2479,#2480,#2481,#2482,#2483,
    #2484,#2485,#2486,#2487,#2488,#2489,#2490,#2491,#2492,#2493,#2494,
    #2495,#2496,#2497,#2498,#2499,#2500,#2501,#2502,#2503,#2504,#2505,
    #2506,#2507,#2508,#2509,#2510,#2511,#2512,#2513),.UNSPECIFIED.,.F.,
  .F.,(7,5,5,5,5,5,5,5,5,5,5,7),(0.,0.11779706855,0.170955528404,
    0.245777951255,0.341125324922,0.416787639959,0.499643919357,
    0.658537850496,0.753224911821,0.827151816955,0.925241735505,1.),
  .UNSPECIFIED.);
#2457 = CARTESIAN_POINT('',(0.,3.));
#2458 = CARTESIAN_POINT('',(7.662541031729E-02,3.));
#2459 = CARTESIAN_POINT('',(0.152551737007,3.016917001514));
#2460 = CARTESIAN_POINT('',(0.227359940023,3.050171117269));
#2461 = CARTESIAN_POINT('',(0.300598937347,3.097601665692));
#2462 = CARTESIAN_POINT('',(0.371698745807,3.155624634721));
#2463 = CARTESIAN_POINT('',(0.470565493038,3.249134238514));
#2464 = CARTESIAN_POINT('',(0.500852903438,3.279659025581));
#2465 = CARTESIAN_POINT('',(0.530707559613,3.311376023773));
#2466 = CARTESIAN_POINT('',(0.560149167751,3.344042542018));
#2467 = CARTESIAN_POINT('',(0.589195982296,3.377430760773));
#2468 = CARTESIAN_POINT('',(0.658220081472,3.459043040353));
#2469 = CARTESIAN_POINT('',(0.697838771413,3.507781122052));
#2470 = CARTESIAN_POINT('',(0.736796159724,3.556984558292));
#2471 = CARTESIAN_POINT('',(0.77516293199,3.606163161515));
#2472 = CARTESIAN_POINT('',(0.813008218812,3.654884115175));
#2473 = CARTESIAN_POINT('',(0.898052201995,3.763769901133));
#2474 = CARTESIAN_POINT('',(0.944980881777,3.823422896375));
#2475 = CARTESIAN_POINT('',(0.991301860757,3.880881109251));
#2476 = CARTESIAN_POINT('',(1.037122781181,3.935412563057));
#2477 = CARTESIAN_POINT('',(1.082548098511,3.986372640729));
#2478 = CARTESIAN_POINT('',(1.163498863106,4.070332908845));
#2479 = CARTESIAN_POINT('',(1.199128108605,4.104865042161));
#2480 = CARTESIAN_POINT('',(1.234601112689,4.136472361485));
#2481 = CARTESIAN_POINT('',(1.269947686633,4.164883494463));
#2482 = CARTESIAN_POINT('',(1.305198193413,4.189868320145));
#2483 = CARTESIAN_POINT('',(1.378917428481,4.234646658232));
#2484 = CARTESIAN_POINT('',(1.417370600637,4.253719101174));
#2485 = CARTESIAN_POINT('',(1.455764250301,4.268201236231));
#2486 = CARTESIAN_POINT('',(1.494118514731,4.277917006565));
#2487 = CARTESIAN_POINT('',(1.532454751852,4.282775671121));
#2488 = CARTESIAN_POINT('',(1.644324170587,4.282775671121));
#2489 = CARTESIAN_POINT('',(1.717744390169,4.264906993448));
#2490 = CARTESIAN_POINT('',(1.791291172225,4.229265921132));
#2491 = CARTESIAN_POINT('',(1.865174655657,4.177010895421));
#2492 = CARTESIAN_POINT('',(1.939596128908,4.110358037029));
#2493 = CARTESIAN_POINT('',(2.059502818583,3.985839146601));
#2494 = CARTESIAN_POINT('',(2.104563283619,3.935270062637));
#2495 = CARTESIAN_POINT('',(2.150013331204,3.881190178501));
#2496 = CARTESIAN_POINT('',(2.195954889473,3.824228799638));
#2497 = CARTESIAN_POINT('',(2.242492969296,3.765099740706));
#2498 = CARTESIAN_POINT('',(2.326626429024,3.657399562404));
#2499 = CARTESIAN_POINT('',(2.363950972067,3.609348959428));
#2500 = CARTESIAN_POINT('',(2.401782386032,3.560835072501));
#2501 = CARTESIAN_POINT('',(2.440185394514,3.512274365606));
#2502 = CARTESIAN_POINT('',(2.479226214345,3.464137383414));
#2503 = CARTESIAN_POINT('',(2.571725047102,3.354348143284));
#2504 = CARTESIAN_POINT('',(2.625846200121,3.293276574967));
#2505 = CARTESIAN_POINT('',(2.68136658635,3.235181034943));
#2506 = CARTESIAN_POINT('',(2.738336501315,3.18165581279));
#2507 = CARTESIAN_POINT('',(2.79682879057,3.13439776356));
#2508 = CARTESIAN_POINT('',(2.902779133955,3.065179316037));
#2509 = CARTESIAN_POINT('',(2.94955841998,3.039871434166));
#2510 = CARTESIAN_POINT('',(2.997036789204,3.020152133012));
#2511 = CARTESIAN_POINT('',(3.044999097954,3.006733551202));
#2512 = CARTESIAN_POINT('',(3.093249491789,3.));
#2513 = CARTESIAN_POINT('',(3.14159265359,3.));
#2514 = ( GEOMETRIC_REPRESENTATION_CONTEXT(2) 
PARAMETRIC_REPRESENTATION_CONTEXT() REPRESENTATION_CONTEXT('2D SPACE',''
  ) );
#2515 = ORIENTED_EDGE('',*,*,#481,.F.);
#2516 = ORIENTED_EDGE('',*,*,#2517,.T.);
#2517 = EDGE_CURVE('',#292,#269,#2518,.T.);
#2518 = SURFACE_CURVE('',#2519,(#2577,#2638),.PCURVE_S1.);
#2519 = B_SPLINE_CURVE_WITH_KNOTS('',6,(#2520,#2521,#2522,#2523,#2524,
    #2525,#2526,#2527,#2528,#2529,#2530,#2531,#2532,#2533,#2534,#2535,
    #2536,#2537,#2538,#2539,#2540,#2541,#2542,#2543,#2544,#2545,#2546,
    #2547,#2548,#2549,#2550,#2551,#2552,#2553,#2554,#2555,#2556,#2557,
    #2558,#2559,#2560,#2561,#2562,#2563,#2564,#2565,#2566,#2567,#2568,
    #2569,#2570,#2571,#2572,#2573,#2574,#2575,#2576),.UNSPECIFIED.,.F.,
  .F.,(7,5,5,5,5,5,5,5,5,5,5,7),(0.,0.11779706825,0.170955527969,
    0.245777950629,0.341125324053,0.416787638897,0.499643918083,
    0.658537848817,0.753224912855,0.827151817679,0.925241735818,1.),
  .UNSPECIFIED.);
#2520 = CARTESIAN_POINT('',(-95.1,510.,203.));
#2521 = CARTESIAN_POINT('',(-95.1,510.37546451055,203.));
#2522 = CARTESIAN_POINT('',(-95.13452447541,510.74750380431,
    203.01691700151));
#2523 = CARTESIAN_POINT('',(-95.20239022819,511.11009418279,
    203.05017111726));
#2524 = CARTESIAN_POINT('',(-95.30057260618,511.45742862566,
    203.09760166569));
#2525 = CARTESIAN_POINT('',(-95.42421860859,511.78427938121,
    203.15562463472));
#2526 = CARTESIAN_POINT('',(-95.63048613521,512.22262018788,
    203.24913423851));
#2527 = CARTESIAN_POINT('',(-95.69870355031,512.35453789311,
    203.27965902558));
#2528 = CARTESIAN_POINT('',(-95.77065845408,512.48207029041,
    203.31137602377));
#2529 = CARTESIAN_POINT('',(-95.84603610343,512.6052304346,
    203.34404254201));
#2530 = CARTESIAN_POINT('',(-95.9245475609,512.72404532289,
    203.37743076077));
#2531 = CARTESIAN_POINT('',(-96.12047629232,512.99973247506,
    203.45904304035));
#2532 = CARTESIAN_POINT('',(-96.24074098537,513.15242522581,
    203.50778112205));
#2533 = CARTESIAN_POINT('',(-96.36606488769,513.29683702422,
    203.55698455829));
#2534 = CARTESIAN_POINT('',(-96.49591304283,513.4331888776,
    203.60616316151));
#2535 = CARTESIAN_POINT('',(-96.62985743025,513.561700593,
    203.65488411517));
#2536 = CARTESIAN_POINT('',(-96.94303801408,513.83660011013,
    203.76376990113));
#2537 = CARTESIAN_POINT('',(-97.12466340796,513.97826007106,
    203.82342289637));
#2538 = CARTESIAN_POINT('',(-97.31164193533,514.10786317782,
    203.88088110925));
#2539 = CARTESIAN_POINT('',(-97.50335133612,514.22568456666,
    203.93541256305));
#2540 = CARTESIAN_POINT('',(-97.69930298409,514.33194005527,
    203.98637264072));
#2541 = CARTESIAN_POINT('',(-98.05765283931,514.50200928369,
    204.07033290884));
#2542 = CARTESIAN_POINT('',(-98.21860908301,514.57004835164,
    204.10486504216));
#2543 = CARTESIAN_POINT('',(-98.38167842775,514.63090413035,
    204.13647236148));
#2544 = CARTESIAN_POINT('',(-98.54658881449,514.68459479575,
    204.16488349446));
#2545 = CARTESIAN_POINT('',(-98.7130889498,514.73112957489,
    204.18986832014));
#2546 = CARTESIAN_POINT('',(-99.06476696447,514.81362523603,
    204.23464665823));
#2547 = CARTESIAN_POINT('',(-99.25020187115,514.84815679545,
    204.25371910117));
#2548 = CARTESIAN_POINT('',(-99.43683989404,514.87407229307,
    204.26820123623));
#2549 = CARTESIAN_POINT('',(-99.62427875649,514.89135599123,
    204.27791700656));
#2550 = CARTESIAN_POINT('',(-99.81212628278,514.9,204.28277567112));
#2551 = CARTESIAN_POINT('',(-100.3602864345,514.9,204.28277567112));
#2552 = CARTESIAN_POINT('',(-100.7200456757,514.86821108576,
    204.26490699344));
#2553 = CARTESIAN_POINT('',(-101.0769181045,514.8048050732,
    204.22926592113));
#2554 = CARTESIAN_POINT('',(-101.4284815224,514.70980597341,
    204.17701089542));
#2555 = CARTESIAN_POINT('',(-101.7720559243,514.5831599942,
    204.11035803702));
#2556 = CARTESIAN_POINT('',(-102.3026477712,514.33081337216,
    203.98583914515));
#2557 = CARTESIAN_POINT('',(-102.4969798034,514.22533770062,
    203.93527006533));
#2558 = CARTESIAN_POINT('',(-102.6871355118,514.10848165194,
    203.88119017824));
#2559 = CARTESIAN_POINT('',(-102.8726375959,513.98003481449,
    203.82422879681));
#2560 = CARTESIAN_POINT('',(-103.0528795548,513.83972933602,
    203.76509974269));
#2561 = CARTESIAN_POINT('',(-103.3631016728,513.56822323066,
    203.6573995624));
#2562 = CARTESIAN_POINT('',(-103.4954582583,513.4417532421,
    203.60934895942));
#2563 = CARTESIAN_POINT('',(-103.623845605,513.30765002291,
    203.5608350725));
#2564 = CARTESIAN_POINT('',(-103.7478499763,513.16570906381,
    203.5122743656));
#2565 = CARTESIAN_POINT('',(-103.8669565471,513.01572374903,
    203.46413738341));
#2566 = CARTESIAN_POINT('',(-104.1312706397,512.64752755369,
    203.35434814328));
#2567 = CARTESIAN_POINT('',(-104.2726315603,512.42255573036,
    203.29327657496));
#2568 = CARTESIAN_POINT('',(-104.4026482728,512.18259286809,
    203.23518103494));
#2569 = CARTESIAN_POINT('',(-104.5192241478,511.92784220062,
    203.18165581279));
#2570 = CARTESIAN_POINT('',(-104.6201091964,511.65873152428,
    203.13439776355));
#2571 = CARTESIAN_POINT('',(-104.7658935614,511.16046394555,
    203.06517931603));
#2572 = CARTESIAN_POINT('',(-104.8184099908,510.93700117403,
    203.03987143416));
#2573 = CARTESIAN_POINT('',(-104.858873241,510.70732714977,
    203.02015213301));
#2574 = CARTESIAN_POINT('',(-104.8862580468,510.47330844386,
    203.0067335512));
#2575 = CARTESIAN_POINT('',(-104.9,510.23688149282,203.));
#2576 = CARTESIAN_POINT('',(-104.9,510.,203.));
#2577 = PCURVE('',#31,#2578);
#2578 = DEFINITIONAL_REPRESENTATION('',(#2579),#2637);
#2579 = B_SPLINE_CURVE_WITH_KNOTS('',6,(#2580,#2581,#2582,#2583,#2584,
    #2585,#2586,#2587,#2588,#2589,#2590,#2591,#2592,#2593,#2594,#2595,
    #2596,#2597,#2598,#2599,#2600,#2601,#2602,#2603,#2604,#2605,#2606,
    #2607,#2608,#2609,#2610,#2611,#2612,#2613,#2614,#2615,#2616,#2617,
    #2618,#2619,#2620,#2621,#2622,#2623,#2624,#2625,#2626,#2627,#2628,
    #2629,#2630,#2631,#2632,#2633,#2634,#2635,#2636),.UNSPECIFIED.,.F.,
  .F.,(7,5,5,5,5,5,5,5,5,5,5,7),(0.,0.11779706825,0.170955527969,
    0.245777950629,0.341125324053,0.416787638897,0.499643918083,
    0.658537848817,0.753224912855,0.827151817679,0.925241735818,1.),
  .UNSPECIFIED.);
#2580 = CARTESIAN_POINT('',(0.,84.9));
#2581 = CARTESIAN_POINT('',(3.754645105547E-02,84.9));
#2582 = CARTESIAN_POINT('',(7.475044169581E-02,84.865475524587));
#2583 = CARTESIAN_POINT('',(0.111104449967,84.797609771807));
#2584 = CARTESIAN_POINT('',(0.146115875307,84.699427393814));
#2585 = CARTESIAN_POINT('',(0.179292288788,84.575781391403));
#2586 = CARTESIAN_POINT('',(0.224112675755,84.369513864785));
#2587 = CARTESIAN_POINT('',(0.23765099579,84.301296449689));
#2588 = CARTESIAN_POINT('',(0.250790181054,84.229341545912));
#2589 = CARTESIAN_POINT('',(0.263529924652,84.153963896561));
#2590 = CARTESIAN_POINT('',(0.275870435897,84.075452439093));
#2591 = CARTESIAN_POINT('',(0.304621778484,83.879523707671));
#2592 = CARTESIAN_POINT('',(0.320646449608,83.759259014625));
#2593 = CARTESIAN_POINT('',(0.335898813233,83.633935112302));
#2594 = CARTESIAN_POINT('',(0.350390784704,83.504086957165));
#2595 = CARTESIAN_POINT('',(0.364133003925,83.370142569749));
#2596 = CARTESIAN_POINT('',(0.393700868052,83.056961985915));
#2597 = CARTESIAN_POINT('',(0.409068116419,82.875336592032));
#2598 = CARTESIAN_POINT('',(0.423241701357,82.688358064666));
#2599 = CARTESIAN_POINT('',(0.436222681554,82.496648663873));
#2600 = CARTESIAN_POINT('',(0.448006279142,82.300697015903));
#2601 = CARTESIAN_POINT('',(0.466972794129,81.942347160685));
#2602 = CARTESIAN_POINT('',(0.474602389651,81.781390916981));
#2603 = CARTESIAN_POINT('',(0.481459452598,81.618321572243));
#2604 = CARTESIAN_POINT('',(0.487533719852,81.453411185505));
#2605 = CARTESIAN_POINT('',(0.49281544904,81.2869110502));
#2606 = CARTESIAN_POINT('',(0.502201946613,80.935233035527));
#2607 = CARTESIAN_POINT('',(0.506146701333,80.74979812885));
#2608 = CARTESIAN_POINT('',(0.509115415319,80.563160105953));
#2609 = CARTESIAN_POINT('',(0.511098168274,80.375721243504));
#2610 = CARTESIAN_POINT('',(0.512089752934,80.187873717219));
#2611 = CARTESIAN_POINT('',(0.512089752934,79.63971356542));
#2612 = CARTESIAN_POINT('',(0.508443099845,79.279954324225));
#2613 = CARTESIAN_POINT('',(0.501169334283,78.923081895491));
#2614 = CARTESIAN_POINT('',(0.490327821701,78.57151847755));
#2615 = CARTESIAN_POINT('',(0.476021246016,78.227944075697));
#2616 = CARTESIAN_POINT('',(0.447881634772,77.697352228772));
#2617 = CARTESIAN_POINT('',(0.43618524398,77.503020196581));
#2618 = CARTESIAN_POINT('',(0.423310794685,77.312864488116));
#2619 = CARTESIAN_POINT('',(0.40926296247,77.127362404078));
#2620 = CARTESIAN_POINT('',(0.394040774161,76.947120445167));
#2621 = CARTESIAN_POINT('',(0.364832060721,76.636898327136));
#2622 = CARTESIAN_POINT('',(0.351304449582,76.504541741662));
#2623 = CARTESIAN_POINT('',(0.337046410935,76.376154394925));
#2624 = CARTESIAN_POINT('',(0.32204844515,76.252150023639));
#2625 = CARTESIAN_POINT('',(0.306299768296,76.133043452836));
#2626 = CARTESIAN_POINT('',(0.26787814476,75.868729360228));
#2627 = CARTESIAN_POINT('',(0.244573883331,75.727368439615));
#2628 = CARTESIAN_POINT('',(0.219899110644,75.597351727168));
#2629 = CARTESIAN_POINT('',(0.193887966261,75.480775852183));
#2630 = CARTESIAN_POINT('',(0.166582616346,75.379890803523));
#2631 = CARTESIAN_POINT('',(0.116277370746,75.234106438569));
#2632 = CARTESIAN_POINT('',(9.379541085127E-02,75.181590009173));
#2633 = CARTESIAN_POINT('',(7.075662044758E-02,75.141126758925));
#2634 = CARTESIAN_POINT('',(4.733084955071E-02,75.113741953198));
#2635 = CARTESIAN_POINT('',(2.36881492823E-02,75.1));
#2636 = CARTESIAN_POINT('',(0.,75.1));
#2637 = ( GEOMETRIC_REPRESENTATION_CONTEXT(2) 
PARAMETRIC_REPRESENTATION_CONTEXT() REPRESENTATION_CONTEXT('2D SPACE',''
  ) );
#2638 = PCURVE('',#415,#2639);
#2639 = DEFINITIONAL_REPRESENTATION('',(#2640),#2698);
#2640 = B_SPLINE_CURVE_WITH_KNOTS('',6,(#2641,#2642,#2643,#2644,#2645,
    #2646,#2647,#2648,#2649,#2650,#2651,#2652,#2653,#2654,#2655,#2656,
    #2657,#2658,#2659,#2660,#2661,#2662,#2663,#2664,#2665,#2666,#2667,
    #2668,#2669,#2670,#2671,#2672,#2673,#2674,#2675,#2676,#2677,#2678,
    #2679,#2680,#2681,#2682,#2683,#2684,#2685,#2686,#2687,#2688,#2689,
    #2690,#2691,#2692,#2693,#2694,#2695,#2696,#2697),.UNSPECIFIED.,.F.,
  .F.,(7,5,5,5,5,5,5,5,5,5,5,7),(0.,0.11779706825,0.170955527969,
    0.245777950629,0.341125324053,0.416787638897,0.499643918083,
    0.658537848817,0.753224912855,0.827151817679,0.925241735818,1.),
  .UNSPECIFIED.);
#2641 = CARTESIAN_POINT('',(0.,3.));
#2642 = CARTESIAN_POINT('',(7.662541031729E-02,3.));
#2643 = CARTESIAN_POINT('',(0.152551737007,3.016917001514));
#2644 = CARTESIAN_POINT('',(0.227359940023,3.050171117269));
#2645 = CARTESIAN_POINT('',(0.300598937347,3.097601665692));
#2646 = CARTESIAN_POINT('',(0.371698745807,3.155624634721));
#2647 = CARTESIAN_POINT('',(0.470565493038,3.249134238514));
#2648 = CARTESIAN_POINT('',(0.500852903437,3.279659025581));
#2649 = CARTESIAN_POINT('',(0.530707559613,3.311376023773));
#2650 = CARTESIAN_POINT('',(0.560149167751,3.344042542018));
#2651 = CARTESIAN_POINT('',(0.589195982296,3.377430760773));
#2652 = CARTESIAN_POINT('',(0.658220081472,3.459043040353));
#2653 = CARTESIAN_POINT('',(0.697838771413,3.507781122052));
#2654 = CARTESIAN_POINT('',(0.736796159724,3.556984558292));
#2655 = CARTESIAN_POINT('',(0.77516293199,3.606163161515));
#2656 = CARTESIAN_POINT('',(0.813008218812,3.654884115175));
#2657 = CARTESIAN_POINT('',(0.898052201995,3.763769901133));
#2658 = CARTESIAN_POINT('',(0.944980881777,3.823422896375));
#2659 = CARTESIAN_POINT('',(0.991301860757,3.880881109251));
#2660 = CARTESIAN_POINT('',(1.037122781181,3.935412563057));
#2661 = CARTESIAN_POINT('',(1.082548098511,3.986372640729));
#2662 = CARTESIAN_POINT('',(1.163498863106,4.070332908845));
#2663 = CARTESIAN_POINT('',(1.199128108605,4.104865042161));
#2664 = CARTESIAN_POINT('',(1.234601112689,4.136472361485));
#2665 = CARTESIAN_POINT('',(1.269947686633,4.164883494463));
#2666 = CARTESIAN_POINT('',(1.305198193413,4.189868320145));
#2667 = CARTESIAN_POINT('',(1.378917428481,4.234646658232));
#2668 = CARTESIAN_POINT('',(1.417370600637,4.253719101174));
#2669 = CARTESIAN_POINT('',(1.455764250301,4.268201236231));
#2670 = CARTESIAN_POINT('',(1.494118514731,4.277917006565));
#2671 = CARTESIAN_POINT('',(1.532454751852,4.282775671121));
#2672 = CARTESIAN_POINT('',(1.644324170587,4.282775671121));
#2673 = CARTESIAN_POINT('',(1.717744390169,4.264906993448));
#2674 = CARTESIAN_POINT('',(1.791291172225,4.229265921132));
#2675 = CARTESIAN_POINT('',(1.865174655657,4.177010895422));
#2676 = CARTESIAN_POINT('',(1.939596128908,4.110358037029));
#2677 = CARTESIAN_POINT('',(2.05950281998,3.98583914515));
#2678 = CARTESIAN_POINT('',(2.104563281279,3.935270065336));
#2679 = CARTESIAN_POINT('',(2.150013331278,3.881190178249));
#2680 = CARTESIAN_POINT('',(2.195954891851,3.824228796817));
#2681 = CARTESIAN_POINT('',(2.242492967744,3.765099742692));
#2682 = CARTESIAN_POINT('',(2.326626429024,3.657399562404));
#2683 = CARTESIAN_POINT('',(2.363950972067,3.609348959428));
#2684 = CARTESIAN_POINT('',(2.401782386032,3.560835072501));
#2685 = CARTESIAN_POINT('',(2.440185394514,3.512274365606));
#2686 = CARTESIAN_POINT('',(2.479226214345,3.464137383414));
#2687 = CARTESIAN_POINT('',(2.571725047102,3.354348143284));
#2688 = CARTESIAN_POINT('',(2.625846200121,3.293276574967));
#2689 = CARTESIAN_POINT('',(2.68136658635,3.235181034943));
#2690 = CARTESIAN_POINT('',(2.738336501315,3.18165581279));
#2691 = CARTESIAN_POINT('',(2.79682879057,3.134397763559));
#2692 = CARTESIAN_POINT('',(2.902779133955,3.065179316037));
#2693 = CARTESIAN_POINT('',(2.94955841998,3.039871434166));
#2694 = CARTESIAN_POINT('',(2.997036789204,3.020152133012));
#2695 = CARTESIAN_POINT('',(3.044999097954,3.006733551202));
#2696 = CARTESIAN_POINT('',(3.093249491789,3.));
#2697 = CARTESIAN_POINT('',(3.14159265359,3.));
#2698 = ( GEOMETRIC_REPRESENTATION_CONTEXT(2) 
PARAMETRIC_REPRESENTATION_CONTEXT() REPRESENTATION_CONTEXT('2D SPACE',''
  ) );
#2699 = ORIENTED_EDGE('',*,*,#268,.F.);
#2700 = ORIENTED_EDGE('',*,*,#2701,.T.);
#2701 = EDGE_CURVE('',#79,#56,#2702,.T.);
#2702 = SURFACE_CURVE('',#2703,(#2761,#2822),.PCURVE_S1.);
#2703 = B_SPLINE_CURVE_WITH_KNOTS('',6,(#2704,#2705,#2706,#2707,#2708,
    #2709,#2710,#2711,#2712,#2713,#2714,#2715,#2716,#2717,#2718,#2719,
    #2720,#2721,#2722,#2723,#2724,#2725,#2726,#2727,#2728,#2729,#2730,
    #2731,#2732,#2733,#2734,#2735,#2736,#2737,#2738,#2739,#2740,#2741,
    #2742,#2743,#2744,#2745,#2746,#2747,#2748,#2749,#2750,#2751,#2752,
    #2753,#2754,#2755,#2756,#2757,#2758,#2759,#2760),.UNSPECIFIED.,.F.,
  .F.,(7,5,5,5,5,5,5,5,5,5,5,7),(0.,0.117797068768,0.17095552872,
    0.245777951709,0.341125322312,0.416787637355,0.49964391676,
    0.658537847913,0.753224912202,0.827151817221,0.92524173562,1.),
  .UNSPECIFIED.);
#2704 = CARTESIAN_POINT('',(-145.1,510.,203.));
#2705 = CARTESIAN_POINT('',(-145.1,510.37546451055,203.));
#2706 = CARTESIAN_POINT('',(-145.1345244754,510.74750380431,
    203.01691700151));
#2707 = CARTESIAN_POINT('',(-145.2023902281,511.11009418279,
    203.05017111726));
#2708 = CARTESIAN_POINT('',(-145.3005726061,511.45742862566,
    203.09760166569));
#2709 = CARTESIAN_POINT('',(-145.4242186085,511.78427938121,
    203.15562463472));
#2710 = CARTESIAN_POINT('',(-145.6304861352,512.22262018788,
    203.24913423851));
#2711 = CARTESIAN_POINT('',(-145.6987035503,512.35453789311,
    203.27965902558));
#2712 = CARTESIAN_POINT('',(-145.770658454,512.48207029041,
    203.31137602377));
#2713 = CARTESIAN_POINT('',(-145.8460361034,512.6052304346,
    203.34404254201));
#2714 = CARTESIAN_POINT('',(-145.9245475609,512.72404532288,
    203.37743076077));
#2715 = CARTESIAN_POINT('',(-146.1204762923,512.99973247506,
    203.45904304035));
#2716 = CARTESIAN_POINT('',(-146.2407409853,513.15242522581,
    203.50778112205));
#2717 = CARTESIAN_POINT('',(-146.3660648876,513.29683702422,
    203.55698455829));
#2718 = CARTESIAN_POINT('',(-146.4959130428,513.4331888776,
    203.60616316151));
#2719 = CARTESIAN_POINT('',(-146.6298574302,513.561700593,
    203.65488411517));
#2720 = CARTESIAN_POINT('',(-146.9430380081,513.8366001049,
    203.76376989906));
#2721 = CARTESIAN_POINT('',(-147.1246634178,513.9782600779,
    203.82342289931));
#2722 = CARTESIAN_POINT('',(-147.3116419351,514.10786317884,
    203.88088110951));
#2723 = CARTESIAN_POINT('',(-147.5033513261,514.2256845603,
    203.93541256024));
#2724 = CARTESIAN_POINT('',(-147.6993029905,514.33194005833,
    203.98637264223));
#2725 = CARTESIAN_POINT('',(-148.0576528393,514.50200928369,
    204.07033290884));
#2726 = CARTESIAN_POINT('',(-148.218609083,514.57004835164,
    204.10486504216));
#2727 = CARTESIAN_POINT('',(-148.3816784277,514.63090413035,
    204.13647236148));
#2728 = CARTESIAN_POINT('',(-148.5465888144,514.68459479575,
    204.16488349446));
#2729 = CARTESIAN_POINT('',(-148.7130889498,514.73112957489,
    204.18986832014));
#2730 = CARTESIAN_POINT('',(-149.0647669644,514.81362523603,
    204.23464665823));
#2731 = CARTESIAN_POINT('',(-149.2502018711,514.84815679545,
    204.25371910117));
#2732 = CARTESIAN_POINT('',(-149.436839894,514.87407229307,
    204.26820123623));
#2733 = CARTESIAN_POINT('',(-149.6242787564,514.89135599123,
    204.27791700656));
#2734 = CARTESIAN_POINT('',(-149.8121262827,514.9,204.28277567112));
#2735 = CARTESIAN_POINT('',(-150.3602864345,514.9,204.28277567112));
#2736 = CARTESIAN_POINT('',(-150.7200456757,514.86821108576,
    204.26490699344));
#2737 = CARTESIAN_POINT('',(-151.0769181045,514.8048050732,
    204.22926592113));
#2738 = CARTESIAN_POINT('',(-151.4284815224,514.70980597341,
    204.17701089542));
#2739 = CARTESIAN_POINT('',(-151.7720559243,514.5831599942,
    204.11035803702));
#2740 = CARTESIAN_POINT('',(-152.3026477712,514.33081337216,
    203.98583914514));
#2741 = CARTESIAN_POINT('',(-152.4969798034,514.22533770062,
    203.93527006533));
#2742 = CARTESIAN_POINT('',(-152.6871355118,514.10848165194,
    203.88119017824));
#2743 = CARTESIAN_POINT('',(-152.8726375959,513.98003481449,
    203.82422879681));
#2744 = CARTESIAN_POINT('',(-153.0528795548,513.83972933602,
    203.76509974269));
#2745 = CARTESIAN_POINT('',(-153.3631016728,513.56822323066,
    203.6573995624));
#2746 = CARTESIAN_POINT('',(-153.4954582583,513.4417532421,
    203.60934895942));
#2747 = CARTESIAN_POINT('',(-153.623845605,513.30765002291,
    203.5608350725));
#2748 = CARTESIAN_POINT('',(-153.7478499763,513.16570906381,
    203.5122743656));
#2749 = CARTESIAN_POINT('',(-153.8669565471,513.01572374903,
    203.46413738341));
#2750 = CARTESIAN_POINT('',(-154.1312706397,512.64752755369,
    203.35434814328));
#2751 = CARTESIAN_POINT('',(-154.2726315603,512.42255573036,
    203.29327657496));
#2752 = CARTESIAN_POINT('',(-154.4026482728,512.18259286809,
    203.23518103494));
#2753 = CARTESIAN_POINT('',(-154.5192241478,511.92784220062,
    203.18165581279));
#2754 = CARTESIAN_POINT('',(-154.6201091964,511.65873152428,
    203.13439776355));
#2755 = CARTESIAN_POINT('',(-154.7658935614,511.16046394555,
    203.06517931603));
#2756 = CARTESIAN_POINT('',(-154.8184099908,510.93700117403,
    203.03987143416));
#2757 = CARTESIAN_POINT('',(-154.858873241,510.70732714977,
    203.02015213301));
#2758 = CARTESIAN_POINT('',(-154.8862580468,510.47330844386,
    203.0067335512));
#2759 = CARTESIAN_POINT('',(-154.9,510.23688149282,203.));
#2760 = CARTESIAN_POINT('',(-154.9,510.,203.));
#2761 = PCURVE('',#31,#2762);
#2762 = DEFINITIONAL_REPRESENTATION('',(#2763),#2821);
#2763 = B_SPLINE_CURVE_WITH_KNOTS('',6,(#2764,#2765,#2766,#2767,#2768,
    #2769,#2770,#2771,#2772,#2773,#2774,#2775,#2776,#2777,#2778,#2779,
    #2780,#2781,#2782,#2783,#2784,#2785,#2786,#2787,#2788,#2789,#2790,
    #2791,#2792,#2793,#2794,#2795,#2796,#2797,#2798,#2799,#2800,#2801,
    #2802,#2803,#2804,#2805,#2806,#2807,#2808,#2809,#2810,#2811,#2812,
    #2813,#2814,#2815,#2816,#2817,#2818,#2819,#2820),.UNSPECIFIED.,.F.,
  .F.,(7,5,5,5,5,5,5,5,5,5,5,7),(0.,0.117797068768,0.17095552872,
    0.245777951709,0.341125322312,0.416787637355,0.49964391676,
    0.658537847913,0.753224912202,0.827151817221,0.92524173562,1.),
  .UNSPECIFIED.);
#2764 = CARTESIAN_POINT('',(0.,34.9));
#2765 = CARTESIAN_POINT('',(3.754645105547E-02,34.9));
#2766 = CARTESIAN_POINT('',(7.47504416958E-02,34.865475524588));
#2767 = CARTESIAN_POINT('',(0.111104449967,34.797609771807));
#2768 = CARTESIAN_POINT('',(0.146115875307,34.699427393814));
#2769 = CARTESIAN_POINT('',(0.179292288788,34.575781391403));
#2770 = CARTESIAN_POINT('',(0.224112675755,34.369513864786));
#2771 = CARTESIAN_POINT('',(0.23765099579,34.301296449689));
#2772 = CARTESIAN_POINT('',(0.250790181054,34.229341545912));
#2773 = CARTESIAN_POINT('',(0.263529924652,34.153963896561));
#2774 = CARTESIAN_POINT('',(0.275870435897,34.075452439093));
#2775 = CARTESIAN_POINT('',(0.304621778484,33.87952370767));
#2776 = CARTESIAN_POINT('',(0.320646449608,33.759259014625));
#2777 = CARTESIAN_POINT('',(0.335898813233,33.633935112301));
#2778 = CARTESIAN_POINT('',(0.350390784704,33.504086957164));
#2779 = CARTESIAN_POINT('',(0.364133003925,33.37014256975));
#2780 = CARTESIAN_POINT('',(0.393700867489,33.056961991876));
#2781 = CARTESIAN_POINT('',(0.409068117165,32.875336582116));
#2782 = CARTESIAN_POINT('',(0.423241701461,32.688358064875));
#2783 = CARTESIAN_POINT('',(0.436222680858,32.496648673877));
#2784 = CARTESIAN_POINT('',(0.448006279483,32.300697009466));
#2785 = CARTESIAN_POINT('',(0.466972794129,31.942347160684));
#2786 = CARTESIAN_POINT('',(0.474602389651,31.781390916981));
#2787 = CARTESIAN_POINT('',(0.481459452598,31.618321572244));
#2788 = CARTESIAN_POINT('',(0.487533719852,31.453411185505));
#2789 = CARTESIAN_POINT('',(0.49281544904,31.286911050199));
#2790 = CARTESIAN_POINT('',(0.502201946613,30.935233035526));
#2791 = CARTESIAN_POINT('',(0.506146701333,30.74979812885));
#2792 = CARTESIAN_POINT('',(0.509115415319,30.563160105954));
#2793 = CARTESIAN_POINT('',(0.511098168274,30.375721243504));
#2794 = CARTESIAN_POINT('',(0.512089752934,30.187873717219));
#2795 = CARTESIAN_POINT('',(0.512089752934,29.63971356542));
#2796 = CARTESIAN_POINT('',(0.508443099845,29.279954324224));
#2797 = CARTESIAN_POINT('',(0.501169334283,28.923081895493));
#2798 = CARTESIAN_POINT('',(0.490327821701,28.571518477549));
#2799 = CARTESIAN_POINT('',(0.476021246016,28.227944075697));
#2800 = CARTESIAN_POINT('',(0.447881634772,27.697352228771));
#2801 = CARTESIAN_POINT('',(0.43618524398,27.503020196581));
#2802 = CARTESIAN_POINT('',(0.423310794685,27.312864488116));
#2803 = CARTESIAN_POINT('',(0.40926296247,27.127362404077));
#2804 = CARTESIAN_POINT('',(0.394040774161,26.947120445167));
#2805 = CARTESIAN_POINT('',(0.364832060721,26.636898327136));
#2806 = CARTESIAN_POINT('',(0.351304449582,26.504541741662));
#2807 = CARTESIAN_POINT('',(0.337046410935,26.376154394925));
#2808 = CARTESIAN_POINT('',(0.32204844515,26.252150023638));
#2809 = CARTESIAN_POINT('',(0.306299768296,26.133043452836));
#2810 = CARTESIAN_POINT('',(0.26787814476,25.868729360228));
#2811 = CARTESIAN_POINT('',(0.244573883331,25.727368439615));
#2812 = CARTESIAN_POINT('',(0.219899110644,25.597351727168));
#2813 = CARTESIAN_POINT('',(0.193887966261,25.480775852183));
#2814 = CARTESIAN_POINT('',(0.166582616346,25.379890803523));
#2815 = CARTESIAN_POINT('',(0.116277370746,25.234106438569));
#2816 = CARTESIAN_POINT('',(9.379541085128E-02,25.181590009173));
#2817 = CARTESIAN_POINT('',(7.075662044758E-02,25.141126758926));
#2818 = CARTESIAN_POINT('',(4.73308495507E-02,25.113741953198));
#2819 = CARTESIAN_POINT('',(2.36881492823E-02,25.1));
#2820 = CARTESIAN_POINT('',(0.,25.1));
#2821 = ( GEOMETRIC_REPRESENTATION_CONTEXT(2) 
PARAMETRIC_REPRESENTATION_CONTEXT() REPRESENTATION_CONTEXT('2D SPACE',''
  ) );
#2822 = PCURVE('',#202,#2823);
#2823 = DEFINITIONAL_REPRESENTATION('',(#2824),#2882);
#2824 = B_SPLINE_CURVE_WITH_KNOTS('',6,(#2825,#2826,#2827,#2828,#2829,
    #2830,#2831,#2832,#2833,#2834,#2835,#2836,#2837,#2838,#2839,#2840,
    #2841,#2842,#2843,#2844,#2845,#2846,#2847,#2848,#2849,#2850,#2851,
    #2852,#2853,#2854,#2855,#2856,#2857,#2858,#2859,#2860,#2861,#2862,
    #2863,#2864,#2865,#2866,#2867,#2868,#2869,#2870,#2871,#2872,#2873,
    #2874,#2875,#2876,#2877,#2878,#2879,#2880,#2881),.UNSPECIFIED.,.F.,
  .F.,(7,5,5,5,5,5,5,5,5,5,5,7),(0.,0.117797068768,0.17095552872,
    0.245777951709,0.341125322312,0.416787637355,0.49964391676,
    0.658537847913,0.753224912202,0.827151817221,0.92524173562,1.),
  .UNSPECIFIED.);
#2825 = CARTESIAN_POINT('',(0.,3.));
#2826 = CARTESIAN_POINT('',(7.662541031729E-02,3.));
#2827 = CARTESIAN_POINT('',(0.152551737007,3.016917001514));
#2828 = CARTESIAN_POINT('',(0.227359940023,3.050171117269));
#2829 = CARTESIAN_POINT('',(0.300598937347,3.097601665692));
#2830 = CARTESIAN_POINT('',(0.371698745807,3.155624634721));
#2831 = CARTESIAN_POINT('',(0.470565493038,3.249134238514));
#2832 = CARTESIAN_POINT('',(0.500852903438,3.279659025581));
#2833 = CARTESIAN_POINT('',(0.530707559613,3.311376023773));
#2834 = CARTESIAN_POINT('',(0.560149167751,3.344042542018));
#2835 = CARTESIAN_POINT('',(0.589195982296,3.377430760773));
#2836 = CARTESIAN_POINT('',(0.658220081472,3.459043040353));
#2837 = CARTESIAN_POINT('',(0.697838771413,3.507781122052));
#2838 = CARTESIAN_POINT('',(0.736796159724,3.556984558292));
#2839 = CARTESIAN_POINT('',(0.775162931991,3.606163161515));
#2840 = CARTESIAN_POINT('',(0.813008218811,3.654884115175));
#2841 = CARTESIAN_POINT('',(0.898052200377,3.76376989906));
#2842 = CARTESIAN_POINT('',(0.944980884255,3.823422899314));
#2843 = CARTESIAN_POINT('',(0.991301860836,3.880881109516));
#2844 = CARTESIAN_POINT('',(1.037122778743,3.935412560246));
#2845 = CARTESIAN_POINT('',(1.082548099965,3.986372642237));
#2846 = CARTESIAN_POINT('',(1.163498863106,4.070332908845));
#2847 = CARTESIAN_POINT('',(1.199128108605,4.104865042161));
#2848 = CARTESIAN_POINT('',(1.234601112689,4.136472361485));
#2849 = CARTESIAN_POINT('',(1.269947686633,4.164883494463));
#2850 = CARTESIAN_POINT('',(1.305198193413,4.189868320146));
#2851 = CARTESIAN_POINT('',(1.378917428481,4.234646658232));
#2852 = CARTESIAN_POINT('',(1.417370600637,4.253719101174));
#2853 = CARTESIAN_POINT('',(1.455764250301,4.268201236231));
#2854 = CARTESIAN_POINT('',(1.494118514731,4.277917006565));
#2855 = CARTESIAN_POINT('',(1.532454751852,4.282775671121));
#2856 = CARTESIAN_POINT('',(1.644324170587,4.282775671121));
#2857 = CARTESIAN_POINT('',(1.717744390169,4.264906993448));
#2858 = CARTESIAN_POINT('',(1.791291172225,4.229265921132));
#2859 = CARTESIAN_POINT('',(1.865174655657,4.177010895421));
#2860 = CARTESIAN_POINT('',(1.939596128908,4.110358037029));
#2861 = CARTESIAN_POINT('',(2.059502819981,3.985839145149));
#2862 = CARTESIAN_POINT('',(2.104563281279,3.935270065336));
#2863 = CARTESIAN_POINT('',(2.150013331278,3.881190178249));
#2864 = CARTESIAN_POINT('',(2.195954891851,3.824228796817));
#2865 = CARTESIAN_POINT('',(2.242492967744,3.765099742692));
#2866 = CARTESIAN_POINT('',(2.326626429024,3.657399562403));
#2867 = CARTESIAN_POINT('',(2.363950972067,3.609348959428));
#2868 = CARTESIAN_POINT('',(2.401782386032,3.560835072501));
#2869 = CARTESIAN_POINT('',(2.440185394514,3.512274365606));
#2870 = CARTESIAN_POINT('',(2.479226214346,3.464137383414));
#2871 = CARTESIAN_POINT('',(2.571725047102,3.354348143284));
#2872 = CARTESIAN_POINT('',(2.625846200121,3.293276574967));
#2873 = CARTESIAN_POINT('',(2.68136658635,3.235181034943));
#2874 = CARTESIAN_POINT('',(2.738336501315,3.181655812791));
#2875 = CARTESIAN_POINT('',(2.79682879057,3.134397763559));
#2876 = CARTESIAN_POINT('',(2.902779133955,3.065179316037));
#2877 = CARTESIAN_POINT('',(2.94955841998,3.039871434166));
#2878 = CARTESIAN_POINT('',(2.997036789204,3.020152133012));
#2879 = CARTESIAN_POINT('',(3.044999097954,3.006733551202));
#2880 = CARTESIAN_POINT('',(3.093249491789,3.));
#2881 = CARTESIAN_POINT('',(3.14159265359,3.));
#2882 = ( GEOMETRIC_REPRESENTATION_CONTEXT(2) 
PARAMETRIC_REPRESENTATION_CONTEXT() REPRESENTATION_CONTEXT('2D SPACE',''
  ) );
#2883 = ORIENTED_EDGE('',*,*,#55,.F.);
#2884 = FACE_BOUND('',#2885,.T.);
#2885 = EDGE_LOOP('',(#2886));
#2886 = ORIENTED_EDGE('',*,*,#2887,.F.);
#2887 = EDGE_CURVE('',#2888,#2888,#2890,.T.);
#2888 = VERTEX_POINT('',#2889);
#2889 = CARTESIAN_POINT('',(9.,510.,223.));
#2890 = SURFACE_CURVE('',#2891,(#3083,#3278),.PCURVE_S1.);
#2891 = B_SPLINE_CURVE_WITH_KNOTS('',8,(#2892,#2893,#2894,#2895,#2896,
    #2897,#2898,#2899,#2900,#2901,#2902,#2903,#2904,#2905,#2906,#2907,
    #2908,#2909,#2910,#2911,#2912,#2913,#2914,#2915,#2916,#2917,#2918,
    #2919,#2920,#2921,#2922,#2923,#2924,#2925,#2926,#2927,#2928,#2929,
    #2930,#2931,#2932,#2933,#2934,#2935,#2936,#2937,#2938,#2939,#2940,
    #2941,#2942,#2943,#2944,#2945,#2946,#2947,#2948,#2949,#2950,#2951,
    #2952,#2953,#2954,#2955,#2956,#2957,#2958,#2959,#2960,#2961,#2962,
    #2963,#2964,#2965,#2966,#2967,#2968,#2969,#2970,#2971,#2972,#2973,
    #2974,#2975,#2976,#2977,#2978,#2979,#2980,#2981,#2982,#2983,#2984,
    #2985,#2986,#2987,#2988,#2989,#2990,#2991,#2992,#2993,#2994,#2995,
    #2996,#2997,#2998,#2999,#3000,#3001,#3002,#3003,#3004,#3005,#3006,
    #3007,#3008,#3009,#3010,#3011,#3012,#3013,#3014,#3015,#3016,#3017,
    #3018,#3019,#3020,#3021,#3022,#3023,#3024,#3025,#3026,#3027,#3028,
    #3029,#3030,#3031,#3032,#3033,#3034,#3035,#3036,#3037,#3038,#3039,
    #3040,#3041,#3042,#3043,#3044,#3045,#3046,#3047,#3048,#3049,#3050,
    #3051,#3052,#3053,#3054,#3055,#3056,#3057,#3058,#3059,#3060,#3061,
    #3062,#3063,#3064,#3065,#3066,#3067,#3068,#3069,#3070,#3071,#3072,
    #3073,#3074,#3075,#3076,#3077,#3078,#3079,#3080,#3081,#3082),
  .UNSPECIFIED.,.T.,.F.,(9,7,7,7,7,7,7,7,7,7,7,7,7,7,7,7,7,7,7,7,7,7,7,7
    ,7,7,7,9),(0.,2.887518538973E-02,4.799716169893E-02,
    7.41997081206E-02,0.148883953155,0.214890592614,0.228023202768,
    0.249647757279,0.271364679913,0.284479712789,0.350455841141,
    0.425410264859,0.451156352359,0.479701222525,0.528196158759,
    0.547373897118,0.573652853393,0.648554887314,0.714754010184,
    0.727924916631,0.749612530989,0.771392782835,0.784546060757,
    0.850714583597,0.925887583615,0.951708749866,0.970787517162,1.),
  .UNSPECIFIED.);
#2892 = CARTESIAN_POINT('',(9.,510.,223.));
#2893 = CARTESIAN_POINT('',(9.,510.27747612191,223.));
#2894 = CARTESIAN_POINT('',(8.990222877093,510.55441950111,
    222.99120093476));
#2895 = CARTESIAN_POINT('',(8.97073515016,510.82973921553,
    222.97366158119));
#2896 = CARTESIAN_POINT('',(8.941757287992,511.10235005022,
    222.94759134454));
#2897 = CARTESIAN_POINT('',(8.903664475626,511.37117700816,
    222.91334844431));
#2898 = CARTESIAN_POINT('',(8.856987380681,511.63515982107,
    222.87143810019));
#2899 = CARTESIAN_POINT('',(8.802412919689,511.89325746024,
    222.82251071796));
#2900 = CARTESIAN_POINT('',(8.699973263847,512.310801308,222.73083773747
    ));
#2901 = CARTESIAN_POINT('',(8.656018122669,512.4743274422,
    222.69154120969));
#2902 = CARTESIAN_POINT('',(8.609089489015,512.63497485226,222.64963357)
  );
#2903 = CARTESIAN_POINT('',(8.559356617521,512.79269233403,
    222.6052779368));
#2904 = CARTESIAN_POINT('',(8.506988226073,512.94743367009,
    222.55863735906));
#2905 = CARTESIAN_POINT('',(8.452152592535,513.09915762302,
    222.50987470639));
#2906 = CARTESIAN_POINT('',(8.395017651472,513.24782792861,
    222.45915255914));
#2907 = CARTESIAN_POINT('',(8.254539045634,513.59290664201,
    222.33466649918));
#2908 = CARTESIAN_POINT('',(8.169300039259,513.78666805319,
    222.25930338536));
#2909 = CARTESIAN_POINT('',(8.080380896523,513.97480606184,
    222.18088640667));
#2910 = CARTESIAN_POINT('',(7.988098140282,514.15743842147,
    222.09973143261));
#2911 = CARTESIAN_POINT('',(7.892737896033,514.3346919876,
    222.01612773262));
#2912 = CARTESIAN_POINT('',(7.794555796461,514.50670260537,
    221.9303381562));
#2913 = CARTESIAN_POINT('',(7.693776885992,514.67361499724,
    221.84259931309));
#2914 = CARTESIAN_POINT('',(7.296501130944,515.29723365636,
    221.49808684616));
#2915 = CARTESIAN_POINT('',(6.982111154876,515.71993219156,
    221.2282514968));
#2916 = CARTESIAN_POINT('',(6.652007274993,516.10642188427,
    220.9485968068));
#2917 = CARTESIAN_POINT('',(6.309298336029,516.45963873166,
    220.66287397419));
#2918 = CARTESIAN_POINT('',(5.955817776623,516.78245681714,
    220.37390757562));
#2919 = CARTESIAN_POINT('',(5.592261258917,517.07751114581,
    220.08381155102));
#2920 = CARTESIAN_POINT('',(5.218270365005,517.34702618164,
    219.79437801017));
#2921 = CARTESIAN_POINT('',(4.491492657685,517.80960027269,
    219.25470611492));
#2922 = CARTESIAN_POINT('',(4.144399174308,518.00592594676,
    219.00612999738));
#2923 = CARTESIAN_POINT('',(3.789004107592,518.18421259871,
    218.76254847597));
#2924 = CARTESIAN_POINT('',(3.423341313014,518.34552253959,
    218.5253468215));
#2925 = CARTESIAN_POINT('',(3.046139308721,518.48972196338,
    218.29758076129));
#2926 = CARTESIAN_POINT('',(2.656866952016,518.6159558662,
    218.08435987098));
#2927 = CARTESIAN_POINT('',(2.255254819413,518.72315841821,
    217.89285851702));
#2928 = CARTESIAN_POINT('',(1.757788458596,518.82707719432,
    217.69936554844));
#2929 = CARTESIAN_POINT('',(1.674666804912,518.84351836959,
    217.66843183011));
#2930 = CARTESIAN_POINT('',(1.590993858144,518.85913699932,
    217.6387524062));
#2931 = CARTESIAN_POINT('',(1.506785301197,518.87391549061,
    217.6104051453));
#2932 = CARTESIAN_POINT('',(1.422053237489,518.88783739718,
    217.58346647442));
#2933 = CARTESIAN_POINT('',(1.336806193289,518.90088703895,
    217.55801126413));
#2934 = CARTESIAN_POINT('',(1.251049120058,518.91304912162,
    217.53411271363));
#2935 = CARTESIAN_POINT('',(1.022735638323,518.94284815391,
    217.47517099119));
#2936 = CARTESIAN_POINT('',(0.879129703615,518.95896334935,
    217.44286788529));
#2937 = CARTESIAN_POINT('',(0.734295610289,518.97253177475,
    217.41535624276));
#2938 = CARTESIAN_POINT('',(0.588507365742,518.98346871179,
    217.39298009834));
#2939 = CARTESIAN_POINT('',(0.441994856967,518.99171608217,
    217.3760031351));
#2940 = CARTESIAN_POINT('',(0.294955794104,518.99723475912,
    217.36460842095));
#2941 = CARTESIAN_POINT('',(0.147567707747,519.,217.35889894354));
#2942 = CARTESIAN_POINT('',(-0.148198035284,519.,217.35889894354));
#2943 = CARTESIAN_POINT('',(-0.296212849292,518.9972110854,
    217.36465730009));
#2944 = CARTESIAN_POINT('',(-0.443873724814,518.99164534912,
    217.3761491819));
#2945 = CARTESIAN_POINT('',(-0.591001635888,518.98332795213,
    217.39326984221));
#2946 = CARTESIAN_POINT('',(-0.73739697748,518.97229860874,
    217.41583325925));
#2947 = CARTESIAN_POINT('',(-0.882827350579,518.95861626273,
    217.44357159328));
#2948 = CARTESIAN_POINT('',(-1.027015402679,518.94236695429,
    217.47613546015));
#2949 = CARTESIAN_POINT('',(-1.255750904109,518.91238657527,
    217.53541521248));
#2950 = CARTESIAN_POINT('',(-1.34136699823,518.90019860373,
    217.55935588439));
#2951 = CARTESIAN_POINT('',(-1.426473727413,518.88712619122,
    217.58484585325));
#2952 = CARTESIAN_POINT('',(-1.511066279261,518.87318456528,
    217.61181219697));
#2953 = CARTESIAN_POINT('',(-1.595136305304,518.85838932906,
    217.64018036896));
#2954 = CARTESIAN_POINT('',(-1.678671918687,518.84275683728,
    217.6698743119));
#2955 = CARTESIAN_POINT('',(-1.761657691873,518.82630457214,
    217.70081657138));
#2956 = CARTESIAN_POINT('',(-2.258679188284,518.7222587799,
    217.8944693514));
#2957 = CARTESIAN_POINT('',(-2.65999203341,518.61496986012,
    218.0860377423));
#2958 = CARTESIAN_POINT('',(-3.04897214418,518.4886785699,
    218.29925325519));
#2959 = CARTESIAN_POINT('',(-3.4258921208,518.34444866432,
    218.52696230384));
#2960 = CARTESIAN_POINT('',(-3.79128935604,518.1831305678,
    218.76407563774));
#2961 = CARTESIAN_POINT('',(-4.146440178719,518.0048515856,
    219.00755313821));
#2962 = CARTESIAN_POINT('',(-4.493310790154,517.80854456556,
    219.25601839321));
#2963 = CARTESIAN_POINT('',(-5.221224481561,517.34503015852,
    219.79661471902));
#2964 = CARTESIAN_POINT('',(-5.596459568151,517.07437906954,
    220.08708898766));
#2965 = CARTESIAN_POINT('',(-5.961190965412,516.77799794425,
    220.37821398224));
#2966 = CARTESIAN_POINT('',(-6.315781614833,516.45362890383,
    220.66818633675));
#2967 = CARTESIAN_POINT('',(-6.659518593666,516.09860110021,
    220.95486700314));
#2968 = CARTESIAN_POINT('',(-6.990530308149,515.71000631657,
    221.23538877968));
#2969 = CARTESIAN_POINT('',(-7.305648600537,515.2848795518,
    221.50594060707));
#2970 = CARTESIAN_POINT('',(-7.701388110216,514.66093405109,
    221.84922849675));
#2971 = CARTESIAN_POINT('',(-7.800234926864,514.4966264639,
    221.93530454629));
#2972 = CARTESIAN_POINT('',(-7.896563825553,514.32739025435,
    222.01948713151));
#2973 = CARTESIAN_POINT('',(-7.990160160601,514.15308852012,
    222.10155081698));
#2974 = CARTESIAN_POINT('',(-8.080780790212,513.97359266275,
    222.18124571011));
#2975 = CARTESIAN_POINT('',(-8.168154163931,513.788782488,222.2582972987
    ));
#2976 = CARTESIAN_POINT('',(-8.251980410088,513.59854630625,
    222.33240628854));
#2977 = CARTESIAN_POINT('',(-8.420573679673,513.18573468335,
    222.48179163866));
#2978 = CARTESIAN_POINT('',(-8.504570606739,512.96160187648,
    222.55642399852));
#2979 = CARTESIAN_POINT('',(-8.583296060919,512.73059107118,
    222.62654608068));
#2980 = CARTESIAN_POINT('',(-8.656143205637,512.49293609307,
    222.69157383307));
#2981 = CARTESIAN_POINT('',(-8.722523627553,512.24889601872,
    222.7509396643));
#2982 = CARTESIAN_POINT('',(-8.781866452854,511.99875505965,
    222.80409351665));
#2983 = CARTESIAN_POINT('',(-8.833617463541,511.7428224464,
    222.85050393907));
#2984 = CARTESIAN_POINT('',(-8.951345592239,511.03735609874,
    222.95618004236));
#2985 = CARTESIAN_POINT('',(-9.001785113576,510.57873922284,
    223.00157923947));
#2986 = CARTESIAN_POINT('',(-9.025454853098,510.11144693886,
    223.0229313394));
#2987 = CARTESIAN_POINT('',(-9.020796308581,509.64150898352,
    223.01873811282));
#2988 = CARTESIAN_POINT('',(-8.987766520606,509.17499605289,
    222.98895525867));
#2989 = CARTESIAN_POINT('',(-8.927832237686,508.71792529978,
    222.93499642027));
#2990 = CARTESIAN_POINT('',(-8.8439861261,508.27619485219,
    222.85971447181));
#2991 = CARTESIAN_POINT('',(-8.699973263871,507.68919869209,
    222.73083773749));
#2992 = CARTESIAN_POINT('',(-8.656018122683,507.52567255783,
    222.6915412097));
#2993 = CARTESIAN_POINT('',(-8.609089489004,507.36502514768,
    222.64963356999));
#2994 = CARTESIAN_POINT('',(-8.559356617495,507.20730766588,
    222.60527793678));
#2995 = CARTESIAN_POINT('',(-8.506988226054,507.05256632985,
    222.55863735904));
#2996 = CARTESIAN_POINT('',(-8.452152592543,506.90084237701,
    222.50987470639));
#2997 = CARTESIAN_POINT('',(-8.395017651504,506.75217207146,
    222.45915255916));
#2998 = CARTESIAN_POINT('',(-8.254539045639,506.40709335799,
    222.33466649918));
#2999 = CARTESIAN_POINT('',(-8.169300039261,506.2133319468,
    222.25930338536));
#3000 = CARTESIAN_POINT('',(-8.080380896521,506.02519393815,
    222.18088640667));
#3001 = CARTESIAN_POINT('',(-7.988098140278,505.84256157851,
    222.09973143261));
#3002 = CARTESIAN_POINT('',(-7.89273789603,505.66530801239,
    222.01612773261));
#3003 = CARTESIAN_POINT('',(-7.794555796462,505.49329739462,
    221.9303381562));
#3004 = CARTESIAN_POINT('',(-7.693776885997,505.32638500276,
    221.84259931309));
#3005 = CARTESIAN_POINT('',(-7.296501129255,504.70276634098,
    221.49808684469));
#3006 = CARTESIAN_POINT('',(-6.982111161165,504.28006781639,
    221.22825150204));
#3007 = CARTESIAN_POINT('',(-6.652007267196,503.89357810777,
    220.94859680055));
#3008 = CARTESIAN_POINT('',(-6.309298336636,503.54036126753,
    220.66287397448));
#3009 = CARTESIAN_POINT('',(-5.955817784358,503.21754319079,
    220.37390758184));
#3010 = CARTESIAN_POINT('',(-5.592261251267,502.92248884794,
    220.08381154512));
#3011 = CARTESIAN_POINT('',(-5.218270367677,502.65297382005,
    219.79437801215));
#3012 = CARTESIAN_POINT('',(-4.491492657683,502.1903997273,
    219.25470611492));
#3013 = CARTESIAN_POINT('',(-4.144399174323,501.99407405324,
    219.00612999739));
#3014 = CARTESIAN_POINT('',(-3.789004107566,501.81578740127,
    218.76254847596));
#3015 = CARTESIAN_POINT('',(-3.423341313046,501.65447746041,
    218.52534682151));
#3016 = CARTESIAN_POINT('',(-3.046139308692,501.5102780366,
    218.29758076128));
#3017 = CARTESIAN_POINT('',(-2.656866952039,501.38404413379,
    218.08435987099));
#3018 = CARTESIAN_POINT('',(-2.255254819405,501.27684158178,
    217.89285851702));
#3019 = CARTESIAN_POINT('',(-1.757788458597,501.17292280567,
    217.69936554844));
#3020 = CARTESIAN_POINT('',(-1.674666804913,501.1564816304,
    217.66843183011));
#3021 = CARTESIAN_POINT('',(-1.590993858145,501.14086300068,
    217.6387524062));
#3022 = CARTESIAN_POINT('',(-1.506785301199,501.12608450938,
    217.6104051453));
#3023 = CARTESIAN_POINT('',(-1.422053237491,501.11216260281,
    217.58346647442));
#3024 = CARTESIAN_POINT('',(-1.336806193291,501.09911296104,
    217.55801126413));
#3025 = CARTESIAN_POINT('',(-1.251049120058,501.08695087837,
    217.53411271363));
#3026 = CARTESIAN_POINT('',(-1.022735638269,501.05715184608,
    217.47517099117));
#3027 = CARTESIAN_POINT('',(-0.879129703597,501.04103665064,
    217.44286788529));
#3028 = CARTESIAN_POINT('',(-0.734295610319,501.02746822525,
    217.41535624277));
#3029 = CARTESIAN_POINT('',(-0.588507365792,501.0165312882,
    217.39298009835));
#3030 = CARTESIAN_POINT('',(-0.441994856994,501.00828391782,
    217.3760031351));
#3031 = CARTESIAN_POINT('',(-0.294955794082,501.00276524087,
    217.36460842095));
#3032 = CARTESIAN_POINT('',(-0.147567707694,501.,217.35889894354));
#3033 = CARTESIAN_POINT('',(0.148198035284,501.,217.35889894354));
#3034 = CARTESIAN_POINT('',(0.296212849292,501.00278891459,
    217.36465730009));
#3035 = CARTESIAN_POINT('',(0.443873724814,501.00835465087,
    217.3761491819));
#3036 = CARTESIAN_POINT('',(0.591001635888,501.01667204786,
    217.39326984221));
#3037 = CARTESIAN_POINT('',(0.73739697748,501.02770139125,
    217.41583325925));
#3038 = CARTESIAN_POINT('',(0.882827350579,501.04138373726,
    217.44357159328));
#3039 = CARTESIAN_POINT('',(1.027015402679,501.0576330457,
    217.47613546015));
#3040 = CARTESIAN_POINT('',(1.255750904109,501.08761342472,
    217.53541521248));
#3041 = CARTESIAN_POINT('',(1.34136699823,501.09980139626,
    217.55935588439));
#3042 = CARTESIAN_POINT('',(1.426473727413,501.11287380877,
    217.58484585325));
#3043 = CARTESIAN_POINT('',(1.511066279261,501.12681543471,
    217.61181219697));
#3044 = CARTESIAN_POINT('',(1.595136305304,501.14161067093,
    217.64018036896));
#3045 = CARTESIAN_POINT('',(1.678671918688,501.15724316271,
    217.6698743119));
#3046 = CARTESIAN_POINT('',(1.761657691874,501.17369542785,
    217.70081657138));
#3047 = CARTESIAN_POINT('',(2.258679188281,501.27774122009,
    217.8944693514));
#3048 = CARTESIAN_POINT('',(2.659992033418,501.38503013987,
    218.0860377423));
#3049 = CARTESIAN_POINT('',(3.04897214417,501.5113214301,218.29925325519
    ));
#3050 = CARTESIAN_POINT('',(3.425892120812,501.65555133567,
    218.52696230384));
#3051 = CARTESIAN_POINT('',(3.791289356031,501.81686943219,
    218.76407563774));
#3052 = CARTESIAN_POINT('',(4.14644017872,501.99514841439,
    219.00755313821));
#3053 = CARTESIAN_POINT('',(4.493310790156,502.19145543443,
    219.25601839321));
#3054 = CARTESIAN_POINT('',(5.221224481565,502.65496984148,
    219.79661471902));
#3055 = CARTESIAN_POINT('',(5.596459568145,502.92562093045,
    220.08708898765));
#3056 = CARTESIAN_POINT('',(5.961190965414,503.22200205574,
    220.37821398224));
#3057 = CARTESIAN_POINT('',(6.315781614836,503.54637109617,
    220.66818633675));
#3058 = CARTESIAN_POINT('',(6.659518593664,503.90139889978,
    220.95486700314));
#3059 = CARTESIAN_POINT('',(6.990530308149,504.28999368342,
    221.23538877968));
#3060 = CARTESIAN_POINT('',(7.305648600537,504.71512044819,
    221.50594060707));
#3061 = CARTESIAN_POINT('',(7.701388110212,505.33906594889,
    221.84922849674));
#3062 = CARTESIAN_POINT('',(7.800234926863,505.50337353609,
    221.93530454629));
#3063 = CARTESIAN_POINT('',(7.896563825556,505.67260974565,
    222.01948713151));
#3064 = CARTESIAN_POINT('',(7.990160160605,505.84691147987,
    222.10155081698));
#3065 = CARTESIAN_POINT('',(8.080780790214,506.02640733724,
    222.18124571011));
#3066 = CARTESIAN_POINT('',(8.16815416393,506.21121751199,222.2582972987
    ));
#3067 = CARTESIAN_POINT('',(8.251980410084,506.40145369373,
    222.33240628854));
#3068 = CARTESIAN_POINT('',(8.391005702088,506.74186619394,
    222.45559235624));
#3069 = CARTESIAN_POINT('',(8.447977283111,506.88956399347,
    222.50616427533));
#3070 = CARTESIAN_POINT('',(8.502681885057,507.040282927,222.55480524903
    ));
#3071 = CARTESIAN_POINT('',(8.554954835093,507.19398870122,
    222.60135580488));
#3072 = CARTESIAN_POINT('',(8.604630976206,507.35064216252,
    222.64565605319));
#3073 = CARTESIAN_POINT('',(8.651544574586,507.51019929138,
    222.68754579304));
#3074 = CARTESIAN_POINT('',(8.695529227024,507.67261119672,
    222.72686461833));
#3075 = CARTESIAN_POINT('',(8.79902431891,508.09079010807,
    222.81947288408));
#3076 = CARTESIAN_POINT('',(8.854503887297,508.35085522226,
    222.86920828387));
#3077 = CARTESIAN_POINT('',(8.901978593502,508.61696842194,
    222.91183295122));
#3078 = CARTESIAN_POINT('',(8.940734709009,508.88805392443,
    222.94667134978));
#3079 = CARTESIAN_POINT('',(8.970221871137,509.16301589178,
    222.97319960243));
#3080 = CARTESIAN_POINT('',(8.990052297421,509.44074312722,
    222.99104741503));
#3081 = CARTESIAN_POINT('',(9.,509.72011377163,223.));
#3082 = CARTESIAN_POINT('',(9.,510.,223.));
#3083 = PCURVE('',#31,#3084);
#3084 = DEFINITIONAL_REPRESENTATION('',(#3085),#3277);
#3085 = B_SPLINE_CURVE_WITH_KNOTS('',8,(#3086,#3087,#3088,#3089,#3090,
    #3091,#3092,#3093,#3094,#3095,#3096,#3097,#3098,#3099,#3100,#3101,
    #3102,#3103,#3104,#3105,#3106,#3107,#3108,#3109,#3110,#3111,#3112,
    #3113,#3114,#3115,#3116,#3117,#3118,#3119,#3120,#3121,#3122,#3123,
    #3124,#3125,#3126,#3127,#3128,#3129,#3130,#3131,#3132,#3133,#3134,
    #3135,#3136,#3137,#3138,#3139,#3140,#3141,#3142,#3143,#3144,#3145,
    #3146,#3147,#3148,#3149,#3150,#3151,#3152,#3153,#3154,#3155,#3156,
    #3157,#3158,#3159,#3160,#3161,#3162,#3163,#3164,#3165,#3166,#3167,
    #3168,#3169,#3170,#3171,#3172,#3173,#3174,#3175,#3176,#3177,#3178,
    #3179,#3180,#3181,#3182,#3183,#3184,#3185,#3186,#3187,#3188,#3189,
    #3190,#3191,#3192,#3193,#3194,#3195,#3196,#3197,#3198,#3199,#3200,
    #3201,#3202,#3203,#3204,#3205,#3206,#3207,#3208,#3209,#3210,#3211,
    #3212,#3213,#3214,#3215,#3216,#3217,#3218,#3219,#3220,#3221,#3222,
    #3223,#3224,#3225,#3226,#3227,#3228,#3229,#3230,#3231,#3232,#3233,
    #3234,#3235,#3236,#3237,#3238,#3239,#3240,#3241,#3242,#3243,#3244,
    #3245,#3246,#3247,#3248,#3249,#3250,#3251,#3252,#3253,#3254,#3255,
    #3256,#3257,#3258,#3259,#3260,#3261,#3262,#3263,#3264,#3265,#3266,
    #3267,#3268,#3269,#3270,#3271,#3272,#3273,#3274,#3275,#3276),
  .UNSPECIFIED.,.T.,.F.,(9,7,7,7,7,7,7,7,7,7,7,7,7,7,7,7,7,7,7,7,7,7,7,7
    ,7,7,7,9),(0.,2.887518538973E-02,4.799716169893E-02,
    7.41997081206E-02,0.148883953155,0.214890592614,0.228023202768,
    0.249647757279,0.271364679913,0.284479712789,0.350455841141,
    0.425410264859,0.451156352359,0.479701222525,0.528196158759,
    0.547373897118,0.573652853393,0.648554887314,0.714754010184,
    0.727924916631,0.749612530989,0.771392782835,0.784546060757,
    0.850714583597,0.925887583615,0.951708749866,0.970787517162,1.),
  .UNSPECIFIED.);
#3086 = CARTESIAN_POINT('',(3.14159265359,189.));
#3087 = CARTESIAN_POINT('',(3.113845041398,189.));
#3088 = CARTESIAN_POINT('',(3.086150734683,188.99022287709));
#3089 = CARTESIAN_POINT('',(3.058586176929,188.97073515016));
#3090 = CARTESIAN_POINT('',(3.031227919772,188.94175728799));
#3091 = CARTESIAN_POINT('',(3.004153981783,188.90366447562));
#3092 = CARTESIAN_POINT('',(2.977445207262,188.85698738068));
#3093 = CARTESIAN_POINT('',(2.951186625026,188.80241291968));
#3094 = CARTESIAN_POINT('',(2.908437730286,188.69997326384));
#3095 = CARTESIAN_POINT('',(2.891622848327,188.65601812266));
#3096 = CARTESIAN_POINT('',(2.875025620548,188.60908948901));
#3097 = CARTESIAN_POINT('',(2.858647820494,188.55935661752));
#3098 = CARTESIAN_POINT('',(2.84249151272,188.50698822607));
#3099 = CARTESIAN_POINT('',(2.826559029489,188.45215259253));
#3100 = CARTESIAN_POINT('',(2.810852947461,188.39501765147));
#3101 = CARTESIAN_POINT('',(2.774168332488,188.25453904563));
#3102 = CARTESIAN_POINT('',(2.75338451639,188.16930003925));
#3103 = CARTESIAN_POINT('',(2.733011529026,188.08038089652));
#3104 = CARTESIAN_POINT('',(2.713036891211,187.98809814028));
#3105 = CARTESIAN_POINT('',(2.69344844269,187.89273789603));
#3106 = CARTESIAN_POINT('',(2.674234053178,187.79455579646));
#3107 = CARTESIAN_POINT('',(2.655381333403,187.69377688599));
#3108 = CARTESIAN_POINT('',(2.584136047814,187.29650113094));
#3109 = CARTESIAN_POINT('',(2.534088577459,186.98211115487));
#3110 = CARTESIAN_POINT('',(2.486512351873,186.65200727499));
#3111 = CARTESIAN_POINT('',(2.441203425095,186.30929833602));
#3112 = CARTESIAN_POINT('',(2.39797689087,185.95581777662));
#3113 = CARTESIAN_POINT('',(2.356667318681,185.59226125891));
#3114 = CARTESIAN_POINT('',(2.317152109285,185.218270365));
#3115 = CARTESIAN_POINT('',(2.246073241523,184.49149265768));
#3116 = CARTESIAN_POINT('',(2.21442322674,184.1443991743));
#3117 = CARTESIAN_POINT('',(2.184269894627,183.78900410759));
#3118 = CARTESIAN_POINT('',(2.155616860633,183.423341313));
#3119 = CARTESIAN_POINT('',(2.128684687248,183.04613930872));
#3120 = CARTESIAN_POINT('',(2.10391818105,182.65686695201));
#3121 = CARTESIAN_POINT('',(2.081974972001,182.25525481941));
#3122 = CARTESIAN_POINT('',(2.060011675136,181.75778845859));
#3123 = CARTESIAN_POINT('',(2.056508556638,181.67466680491));
#3124 = CARTESIAN_POINT('',(2.053154783472,181.59099385814));
#3125 = CARTESIAN_POINT('',(2.049957999215,181.50678530119));
#3126 = CARTESIAN_POINT('',(2.046925689104,181.42205323748));
#3127 = CARTESIAN_POINT('',(2.044065185014,181.33680619328));
#3128 = CARTESIAN_POINT('',(2.041383670429,181.25104912005));
#3129 = CARTESIAN_POINT('',(2.034779044043,181.02273563832));
#3130 = CARTESIAN_POINT('',(2.031169124264,180.87912970361));
#3131 = CARTESIAN_POINT('',(2.028101605574,180.73429561028));
#3132 = CARTESIAN_POINT('',(2.025611025081,180.58850736574));
#3133 = CARTESIAN_POINT('',(2.02372360491,180.44199485696));
#3134 = CARTESIAN_POINT('',(2.022457524609,180.2949557941));
#3135 = CARTESIAN_POINT('',(2.021823138591,180.14756770774));
#3136 = CARTESIAN_POINT('',(2.021823138591,179.85180196471));
#3137 = CARTESIAN_POINT('',(2.022462955613,179.7037871507));
#3138 = CARTESIAN_POINT('',(2.023739832351,179.55612627518));
#3139 = CARTESIAN_POINT('',(2.025643237613,179.40899836411));
#3140 = CARTESIAN_POINT('',(2.028154700461,179.26260302252));
#3141 = CARTESIAN_POINT('',(2.031247588049,179.11717264942));
#3142 = CARTESIAN_POINT('',(2.034886827154,178.97298459732));
#3143 = CARTESIAN_POINT('',(2.041529802514,178.74424909589));
#3144 = CARTESIAN_POINT('',(2.044216245237,178.65863300177));
#3145 = CARTESIAN_POINT('',(2.047080881131,178.57352627258));
#3146 = CARTESIAN_POINT('',(2.050116554888,178.48893372073));
#3147 = CARTESIAN_POINT('',(2.053315967426,178.40486369469));
#3148 = CARTESIAN_POINT('',(2.056671670982,178.32132808131));
#3149 = CARTESIAN_POINT('',(2.060176064199,178.23834230812));
#3150 = CARTESIAN_POINT('',(2.08215945022,177.74132081171));
#3151 = CARTESIAN_POINT('',(2.104112715404,177.34000796659));
#3152 = CARTESIAN_POINT('',(2.128881663381,176.95102785581));
#3153 = CARTESIAN_POINT('',(2.155810659071,176.5741078792));
#3154 = CARTESIAN_POINT('',(2.184456881433,176.20871064395));
#3155 = CARTESIAN_POINT('',(2.214601397647,175.85355982128));
#3156 = CARTESIAN_POINT('',(2.246241581224,175.50668920984));
#3157 = CARTESIAN_POINT('',(2.317451832804,174.77877551843));
#3158 = CARTESIAN_POINT('',(2.357120252131,174.40354043184));
#3159 = CARTESIAN_POINT('',(2.398595786742,174.03880903458));
#3160 = CARTESIAN_POINT('',(2.442003768771,173.68421838516));
#3161 = CARTESIAN_POINT('',(2.487512139912,173.34048140633));
#3162 = CARTESIAN_POINT('',(2.535307920371,173.00946969185));
#3163 = CARTESIAN_POINT('',(2.585597114531,172.69435139946));
#3164 = CARTESIAN_POINT('',(2.656811899727,172.29861188978));
#3165 = CARTESIAN_POINT('',(2.675356894929,172.19976507313));
#3166 = CARTESIAN_POINT('',(2.694251651298,172.10343617444));
#3167 = CARTESIAN_POINT('',(2.71350790851,172.00983983939));
#3168 = CARTESIAN_POINT('',(2.733137169501,171.91921920978));
#3169 = CARTESIAN_POINT('',(2.753150965522,171.83184583606));
#3170 = CARTESIAN_POINT('',(2.773561121185,171.74801958991));
#3171 = CARTESIAN_POINT('',(2.81746208004,171.57942632032));
#3172 = CARTESIAN_POINT('',(2.841077424247,171.49542939326));
#3173 = CARTESIAN_POINT('',(2.865204778358,171.41670393908));
#3174 = CARTESIAN_POINT('',(2.889824672074,171.34385679436));
#3175 = CARTESIAN_POINT('',(2.914919416652,171.27747637244));
#3176 = CARTESIAN_POINT('',(2.940473082984,171.21813354714));
#3177 = CARTESIAN_POINT('',(2.966471479663,171.16638253645));
#3178 = CARTESIAN_POINT('',(3.037805216877,171.04865440776));
#3179 = CARTESIAN_POINT('',(3.083833609601,170.99821488642));
#3180 = CARTESIAN_POINT('',(3.130501030273,170.9745451469));
#3181 = CARTESIAN_POINT('',(3.177357388011,170.97920369141));
#3182 = CARTESIAN_POINT('',(3.223967775076,171.01223347939));
#3183 = CARTESIAN_POINT('',(3.269889884144,171.07216776231));
#3184 = CARTESIAN_POINT('',(3.314649847757,171.1560138739));
#3185 = CARTESIAN_POINT('',(3.374747576883,171.30002673612));
#3186 = CARTESIAN_POINT('',(3.391562458848,171.34398187731));
#3187 = CARTESIAN_POINT('',(3.408159686636,171.39091051099));
#3188 = CARTESIAN_POINT('',(3.424537486694,171.4406433825));
#3189 = CARTESIAN_POINT('',(3.440693794464,171.49301177394));
#3190 = CARTESIAN_POINT('',(3.456626277688,171.54784740745));
#3191 = CARTESIAN_POINT('',(3.472332359711,171.60498234849));
#3192 = CARTESIAN_POINT('',(3.50901697469,171.74546095436));
#3193 = CARTESIAN_POINT('',(3.52980079079,171.83069996073));
#3194 = CARTESIAN_POINT('',(3.550173778155,171.91961910347));
#3195 = CARTESIAN_POINT('',(3.570148415969,172.01190185972));
#3196 = CARTESIAN_POINT('',(3.58973686449,172.10726210397));
#3197 = CARTESIAN_POINT('',(3.608951254001,172.20544420353));
#3198 = CARTESIAN_POINT('',(3.627803973776,172.306223114));
#3199 = CARTESIAN_POINT('',(3.699049259669,172.70349887074));
#3200 = CARTESIAN_POINT('',(3.749096728761,173.01788883883));
#3201 = CARTESIAN_POINT('',(3.79667295633,173.3479927328));
#3202 = CARTESIAN_POINT('',(3.841981882129,173.69070166336));
#3203 = CARTESIAN_POINT('',(3.885208415289,174.04418221564));
#3204 = CARTESIAN_POINT('',(3.926517989368,174.40773874873));
#3205 = CARTESIAN_POINT('',(3.966033197634,174.78172963232));
#3206 = CARTESIAN_POINT('',(4.037112065657,175.50850734231));
#3207 = CARTESIAN_POINT('',(4.068762080438,175.85560082567));
#3208 = CARTESIAN_POINT('',(4.098915412555,176.21099589243));
#3209 = CARTESIAN_POINT('',(4.127568446544,176.57665868695));
#3210 = CARTESIAN_POINT('',(4.154500619934,176.9538606913));
#3211 = CARTESIAN_POINT('',(4.179267126128,177.34313304796));
#3212 = CARTESIAN_POINT('',(4.201210335179,177.74474518059));
#3213 = CARTESIAN_POINT('',(4.223173632044,178.2422115414));
#3214 = CARTESIAN_POINT('',(4.226676750541,178.32533319508));
#3215 = CARTESIAN_POINT('',(4.230030523707,178.40900614185));
#3216 = CARTESIAN_POINT('',(4.233227307965,178.4932146988));
#3217 = CARTESIAN_POINT('',(4.236259618075,178.5779467625));
#3218 = CARTESIAN_POINT('',(4.239120122166,178.6631938067));
#3219 = CARTESIAN_POINT('',(4.241801636751,178.74895087994));
#3220 = CARTESIAN_POINT('',(4.248406263138,178.97726436173));
#3221 = CARTESIAN_POINT('',(4.252016182915,179.1208702964));
#3222 = CARTESIAN_POINT('',(4.255083701605,179.26570438968));
#3223 = CARTESIAN_POINT('',(4.257574282098,179.4114926342));
#3224 = CARTESIAN_POINT('',(4.259461702269,179.558005143));
#3225 = CARTESIAN_POINT('',(4.260727782571,179.70504420591));
#3226 = CARTESIAN_POINT('',(4.261362168588,179.8524322923));
#3227 = CARTESIAN_POINT('',(4.261362168588,180.14819803528));
#3228 = CARTESIAN_POINT('',(4.260722351567,180.29621284929));
#3229 = CARTESIAN_POINT('',(4.259445474829,180.44387372481));
#3230 = CARTESIAN_POINT('',(4.257542069567,180.59100163588));
#3231 = CARTESIAN_POINT('',(4.255030606719,180.73739697748));
#3232 = CARTESIAN_POINT('',(4.251937719131,180.88282735057));
#3233 = CARTESIAN_POINT('',(4.248298480026,181.02701540267));
#3234 = CARTESIAN_POINT('',(4.241655504666,181.2557509041));
#3235 = CARTESIAN_POINT('',(4.238969061943,181.34136699823));
#3236 = CARTESIAN_POINT('',(4.236104426049,181.42647372741));
#3237 = CARTESIAN_POINT('',(4.233068752292,181.51106627926));
#3238 = CARTESIAN_POINT('',(4.229869339754,181.5951363053));
#3239 = CARTESIAN_POINT('',(4.226513636197,181.67867191868));
#3240 = CARTESIAN_POINT('',(4.22300924298,181.76165769187));
#3241 = CARTESIAN_POINT('',(4.20102585696,182.25867918828));
#3242 = CARTESIAN_POINT('',(4.179072591776,182.65999203341));
#3243 = CARTESIAN_POINT('',(4.154303643797,183.04897214417));
#3244 = CARTESIAN_POINT('',(4.127374648111,183.4258921208));
#3245 = CARTESIAN_POINT('',(4.098728425745,183.79128935603));
#3246 = CARTESIAN_POINT('',(4.068583909533,184.14644017871));
#3247 = CARTESIAN_POINT('',(4.036943725956,184.49331079015));
#3248 = CARTESIAN_POINT('',(3.965733474375,185.22122448156));
#3249 = CARTESIAN_POINT('',(3.926065055049,185.59645956814));
#3250 = CARTESIAN_POINT('',(3.884589520438,185.96119096541));
#3251 = CARTESIAN_POINT('',(3.841181538408,186.31578161483));
#3252 = CARTESIAN_POINT('',(3.795673167268,186.65951859366));
#3253 = CARTESIAN_POINT('',(3.747877386808,186.99053030815));
#3254 = CARTESIAN_POINT('',(3.697588192649,187.30564860053));
#3255 = CARTESIAN_POINT('',(3.626373407454,187.70138811021));
#3256 = CARTESIAN_POINT('',(3.607828412251,187.80023492686));
#3257 = CARTESIAN_POINT('',(3.588933655881,187.89656382555));
#3258 = CARTESIAN_POINT('',(3.569677398669,187.9901601606));
#3259 = CARTESIAN_POINT('',(3.550048137678,188.08078079021));
#3260 = CARTESIAN_POINT('',(3.530034341658,188.16815416393));
#3261 = CARTESIAN_POINT('',(3.509624185995,188.25198041008));
#3262 = CARTESIAN_POINT('',(3.47342260073,188.39100570208));
#3263 = CARTESIAN_POINT('',(3.457813358275,188.44797728311));
#3264 = CARTESIAN_POINT('',(3.441980189857,188.50268188505));
#3265 = CARTESIAN_POINT('',(3.425925514159,188.55495483509));
#3266 = CARTESIAN_POINT('',(3.409651515214,188.6046309762));
#3267 = CARTESIAN_POINT('',(3.393160118628,188.65154457458));
#3268 = CARTESIAN_POINT('',(3.376452967808,188.69552922702));
#3269 = CARTESIAN_POINT('',(3.33362191683,188.79902431891));
#3270 = CARTESIAN_POINT('',(3.307155181412,188.85450388729));
#3271 = CARTESIAN_POINT('',(3.280225271197,188.9019785935));
#3272 = CARTESIAN_POINT('',(3.252920423974,188.940734709));
#3273 = CARTESIAN_POINT('',(3.225324477599,188.97022187113));
#3274 = CARTESIAN_POINT('',(3.19751830954,188.99005229742));
#3275 = CARTESIAN_POINT('',(3.169581276427,189.));
#3276 = CARTESIAN_POINT('',(3.14159265359,189.));
#3277 = ( GEOMETRIC_REPRESENTATION_CONTEXT(2) 
PARAMETRIC_REPRESENTATION_CONTEXT() REPRESENTATION_CONTEXT('2D SPACE',''
  ) );
#3278 = PCURVE('',#3279,#3284);
#3279 = CYLINDRICAL_SURFACE('',#3280,9.);
#3280 = AXIS2_PLACEMENT_3D('',#3281,#3282,#3283);
#3281 = CARTESIAN_POINT('',(0.,510.,216.));
#3282 = DIRECTION('',(0.,0.,1.));
#3283 = DIRECTION('',(1.,0.,-0.));
#3284 = DEFINITIONAL_REPRESENTATION('',(#3285),#3477);
#3285 = B_SPLINE_CURVE_WITH_KNOTS('',8,(#3286,#3287,#3288,#3289,#3290,
    #3291,#3292,#3293,#3294,#3295,#3296,#3297,#3298,#3299,#3300,#3301,
    #3302,#3303,#3304,#3305,#3306,#3307,#3308,#3309,#3310,#3311,#3312,
    #3313,#3314,#3315,#3316,#3317,#3318,#3319,#3320,#3321,#3322,#3323,
    #3324,#3325,#3326,#3327,#3328,#3329,#3330,#3331,#3332,#3333,#3334,
    #3335,#3336,#3337,#3338,#3339,#3340,#3341,#3342,#3343,#3344,#3345,
    #3346,#3347,#3348,#3349,#3350,#3351,#3352,#3353,#3354,#3355,#3356,
    #3357,#3358,#3359,#3360,#3361,#3362,#3363,#3364,#3365,#3366,#3367,
    #3368,#3369,#3370,#3371,#3372,#3373,#3374,#3375,#3376,#3377,#3378,
    #3379,#3380,#3381,#3382,#3383,#3384,#3385,#3386,#3387,#3388,#3389,
    #3390,#3391,#3392,#3393,#3394,#3395,#3396,#3397,#3398,#3399,#3400,
    #3401,#3402,#3403,#3404,#3405,#3406,#3407,#3408,#3409,#3410,#3411,
    #3412,#3413,#3414,#3415,#3416,#3417,#3418,#3419,#3420,#3421,#3422,
    #3423,#3424,#3425,#3426,#3427,#3428,#3429,#3430,#3431,#3432,#3433,
    #3434,#3435,#3436,#3437,#3438,#3439,#3440,#3441,#3442,#3443,#3444,
    #3445,#3446,#3447,#3448,#3449,#3450,#3451,#3452,#3453,#3454,#3455,
    #3456,#3457,#3458,#3459,#3460,#3461,#3462,#3463,#3464,#3465,#3466,
    #3467,#3468,#3469,#3470,#3471,#3472,#3473,#3474,#3475,#3476),
  .UNSPECIFIED.,.F.,.F.,(9,7,7,7,7,7,7,7,7,7,7,7,7,7,7,7,7,7,7,7,7,7,7,7
    ,7,7,7,9),(0.,2.887518538973E-02,4.799716169893E-02,
    7.41997081206E-02,0.148883953155,0.214890592614,0.228023202768,
    0.249647757279,0.271364679913,0.284479712789,0.350455841141,
    0.425410264859,0.451156352359,0.479701222525,0.528196158759,
    0.547373897118,0.573652853393,0.648554887314,0.714754010184,
    0.727924916631,0.749612530989,0.771392782835,0.784546060757,
    0.850714583597,0.925887583615,0.951708749866,0.970787517162,1.),
  .UNSPECIFIED.);
#3286 = CARTESIAN_POINT('',(0.,7.));
#3287 = CARTESIAN_POINT('',(3.083068021263E-02,7.));
#3288 = CARTESIAN_POINT('',(6.160215103074E-02,6.991200934762));
#3289 = CARTESIAN_POINT('',(9.223790305088E-02,6.973661581193));
#3290 = CARTESIAN_POINT('',(0.122661260046,6.947591344541));
#3291 = CARTESIAN_POINT('',(0.152793510644,6.913348444312));
#3292 = CARTESIAN_POINT('',(0.182552039997,6.871438100193));
#3293 = CARTESIAN_POINT('',(0.211848461465,6.822510717969));
#3294 = CARTESIAN_POINT('',(0.259618066436,6.730837737472));
#3295 = CARTESIAN_POINT('',(0.278428024675,6.691541209695));
#3296 = CARTESIAN_POINT('',(0.297016559903,6.649633570009));
#3297 = CARTESIAN_POINT('',(0.31538314699,6.605277936809));
#3298 = CARTESIAN_POINT('',(0.33352682373,6.558637359063));
#3299 = CARTESIAN_POINT('',(0.351446215801,6.509874706391));
#3300 = CARTESIAN_POINT('',(0.369139561719,6.45915255914));
#3301 = CARTESIAN_POINT('',(0.410536996652,6.334666499186));
#3302 = CARTESIAN_POINT('',(0.434048095189,6.259303385364));
#3303 = CARTESIAN_POINT('',(0.457155522835,6.180886406678));
#3304 = CARTESIAN_POINT('',(0.479875972374,6.099731432619));
#3305 = CARTESIAN_POINT('',(0.502225751527,6.016127732622));
#3306 = CARTESIAN_POINT('',(0.524221194548,5.930338156203));
#3307 = CARTESIAN_POINT('',(0.545879073801,5.842599313094));
#3308 = CARTESIAN_POINT('',(0.628035823826,5.498086846164));
#3309 = CARTESIAN_POINT('',(0.686415976756,5.228251496805));
#3310 = CARTESIAN_POINT('',(0.742683847601,4.948596806804));
#3311 = CARTESIAN_POINT('',(0.79715640798,4.662873974195));
#3312 = CARTESIAN_POINT('',(0.850159921527,4.373907575628));
#3313 = CARTESIAN_POINT('',(0.902040971988,4.083811551026));
#3314 = CARTESIAN_POINT('',(0.953176504441,3.794378010172));
#3315 = CARTESIAN_POINT('',(1.048898621908,3.254706114923));
#3316 = CARTESIAN_POINT('',(1.09314643996,3.006129997386));
#3317 = CARTESIAN_POINT('',(1.137234123603,2.762548475978));
#3318 = CARTESIAN_POINT('',(1.181530721951,2.525346821508));
#3319 = CARTESIAN_POINT('',(1.226282704579,2.297580761296));
#3320 = CARTESIAN_POINT('',(1.271648447149,2.084359870988));
#3321 = CARTESIAN_POINT('',(1.31776481506,1.892858517024));
#3322 = CARTESIAN_POINT('',(1.374231990292,1.699365548445));
#3323 = CARTESIAN_POINT('',(1.383646127819,1.668431830115));
#3324 = CARTESIAN_POINT('',(1.393102792711,1.638752406207));
#3325 = CARTESIAN_POINT('',(1.402601180684,1.610405145303));
#3326 = CARTESIAN_POINT('',(1.412140949728,1.583466474424));
#3327 = CARTESIAN_POINT('',(1.421722213002,1.558011264134));
#3328 = CARTESIAN_POINT('',(1.431345531727,1.534112713637));
#3329 = CARTESIAN_POINT('',(1.4569288568,1.475170991191));
#3330 = CARTESIAN_POINT('',(1.472982612298,1.442867885299));
#3331 = CARTESIAN_POINT('',(1.489141211367,1.415356242768));
#3332 = CARTESIAN_POINT('',(1.505379820252,1.392980098348));
#3333 = CARTESIAN_POINT('',(1.521679066866,1.376003135109));
#3334 = CARTESIAN_POINT('',(1.538023462755,1.364608420956));
#3335 = CARTESIAN_POINT('',(1.554399914823,1.358898943541));
#3336 = CARTESIAN_POINT('',(1.58726277516,1.358898943541));
#3337 = CARTESIAN_POINT('',(1.603708863581,1.364657300094));
#3338 = CARTESIAN_POINT('',(1.620122436346,1.376149181904));
#3339 = CARTESIAN_POINT('',(1.636490318252,1.393269842212));
#3340 = CARTESIAN_POINT('',(1.652796891524,1.415833259254));
#3341 = CARTESIAN_POINT('',(1.669022580519,1.443571593284));
#3342 = CARTESIAN_POINT('',(1.685142244217,1.476135460153));
#3343 = CARTESIAN_POINT('',(1.710774677554,1.535415212485));
#3344 = CARTESIAN_POINT('',(1.720382895137,1.559355884397));
#3345 = CARTESIAN_POINT('',(1.729949136015,1.584845853259));
#3346 = CARTESIAN_POINT('',(1.739473970571,1.61181219697));
#3347 = CARTESIAN_POINT('',(1.748957525808,1.640180368962));
#3348 = CARTESIAN_POINT('',(1.758399478354,1.669874311901));
#3349 = CARTESIAN_POINT('',(1.767799047465,1.700816571383));
#3350 = CARTESIAN_POINT('',(1.824220728655,1.894469351409));
#3351 = CARTESIAN_POINT('',(1.87030758483,2.086037742303));
#3352 = CARTESIAN_POINT('',(1.915644603969,2.299253255194));
#3353 = CARTESIAN_POINT('',(1.960368755287,2.526962303847));
#3354 = CARTESIAN_POINT('',(2.004638926118,2.764075637749));
#3355 = CARTESIAN_POINT('',(2.048702111785,3.007553138211));
#3356 = CARTESIAN_POINT('',(2.092927437892,3.256018393214));
#3357 = CARTESIAN_POINT('',(2.188812138952,3.796614719024));
#3358 = CARTESIAN_POINT('',(2.240132706158,4.087088987661));
#3359 = CARTESIAN_POINT('',(2.292206493188,4.378213982245));
#3360 = CARTESIAN_POINT('',(2.345415207317,4.668186336756));
#3361 = CARTESIAN_POINT('',(2.400109175637,4.954867003145));
#3362 = CARTESIAN_POINT('',(2.456617713779,5.235388779685));
#3363 = CARTESIAN_POINT('',(2.515260516796,5.505940607072));
#3364 = CARTESIAN_POINT('',(2.59735634663,5.849228496753));
#3365 = CARTESIAN_POINT('',(2.618655829667,5.935304546296));
#3366 = CARTESIAN_POINT('',(2.640282031593,6.019487131517));
#3367 = CARTESIAN_POINT('',(2.662250841566,6.101550816985));
#3368 = CARTESIAN_POINT('',(2.684577748408,6.181245710112));
#3369 = CARTESIAN_POINT('',(2.707278217838,6.258297298709));
#3370 = CARTESIAN_POINT('',(2.730368069695,6.332406288547));
#3371 = CARTESIAN_POINT('',(2.779913799482,6.481791638666));
#3372 = CARTESIAN_POINT('',(2.806497523421,6.556423998522));
#3373 = CARTESIAN_POINT('',(2.83359424407,6.626546080685));
#3374 = CARTESIAN_POINT('',(2.861185972401,6.691573833074));
#3375 = CARTESIAN_POINT('',(2.889257434328,6.750939664302));
#3376 = CARTESIAN_POINT('',(2.917795991775,6.804093516656));
#3377 = CARTESIAN_POINT('',(2.94679156374,6.850503939072));
#3378 = CARTESIAN_POINT('',(3.026260688109,6.956180042362));
#3379 = CARTESIAN_POINT('',(3.077445643923,7.001579239476));
#3380 = CARTESIAN_POINT('',(3.129282216802,7.022931339406));
#3381 = CARTESIAN_POINT('',(3.181309714319,7.018738112822));
#3382 = CARTESIAN_POINT('',(3.233088043152,6.988955258678));
#3383 = CARTESIAN_POINT('',(3.284167280004,6.934996420276));
#3384 = CARTESIAN_POINT('',(3.3340547199,6.859714471819));
#3385 = CARTESIAN_POINT('',(3.401210720014,6.730837737495));
#3386 = CARTESIAN_POINT('',(3.42002067826,6.691541209707));
#3387 = CARTESIAN_POINT('',(3.438609213499,6.649633569999));
#3388 = CARTESIAN_POINT('',(3.45697580059,6.605277936786));
#3389 = CARTESIAN_POINT('',(3.475119477326,6.558637359046));
#3390 = CARTESIAN_POINT('',(3.493038869388,6.509874706398));
#3391 = CARTESIAN_POINT('',(3.510732215299,6.459152559168));
#3392 = CARTESIAN_POINT('',(3.55212965024,6.334666499189));
#3393 = CARTESIAN_POINT('',(3.575640748778,6.259303385366));
#3394 = CARTESIAN_POINT('',(3.598748176425,6.180886406677));
#3395 = CARTESIAN_POINT('',(3.621468625964,6.099731432615));
#3396 = CARTESIAN_POINT('',(3.643818405118,6.016127732619));
#3397 = CARTESIAN_POINT('',(3.665813848137,5.930338156205));
#3398 = CARTESIAN_POINT('',(3.68747172739,5.842599313099));
#3399 = CARTESIAN_POINT('',(3.769628477765,5.498086844699));
#3400 = CARTESIAN_POINT('',(3.828008629204,5.228251502041));
#3401 = CARTESIAN_POINT('',(3.88427650245,4.94859680055));
#3402 = CARTESIAN_POINT('',(3.938749061586,4.662873974488));
#3403 = CARTESIAN_POINT('',(3.991752573862,4.37390758184));
#3404 = CARTESIAN_POINT('',(4.043633626692,4.083811545122));
#3405 = CARTESIAN_POINT('',(4.094769157678,3.794378012157));
#3406 = CARTESIAN_POINT('',(4.190491275498,3.254706114921));
#3407 = CARTESIAN_POINT('',(4.234739093549,3.006129997395));
#3408 = CARTESIAN_POINT('',(4.278826777192,2.762548475966));
#3409 = CARTESIAN_POINT('',(4.323123375542,2.525346821519));
#3410 = CARTESIAN_POINT('',(4.367875358169,2.297580761287));
#3411 = CARTESIAN_POINT('',(4.413241100737,2.084359870997));
#3412 = CARTESIAN_POINT('',(4.45935746865,1.892858517021));
#3413 = CARTESIAN_POINT('',(4.515824643881,1.699365548445));
#3414 = CARTESIAN_POINT('',(4.525238781409,1.668431830115));
#3415 = CARTESIAN_POINT('',(4.534695446301,1.638752406208));
#3416 = CARTESIAN_POINT('',(4.544193834274,1.610405145303));
#3417 = CARTESIAN_POINT('',(4.553733603317,1.583466474424));
#3418 = CARTESIAN_POINT('',(4.563314866591,1.558011264134));
#3419 = CARTESIAN_POINT('',(4.572938185317,1.534112713637));
#3420 = CARTESIAN_POINT('',(4.598521510396,1.475170991177));
#3421 = CARTESIAN_POINT('',(4.61457526589,1.442867885298));
#3422 = CARTESIAN_POINT('',(4.630733864954,1.415356242776));
#3423 = CARTESIAN_POINT('',(4.646972473837,1.392980098355));
#3424 = CARTESIAN_POINT('',(4.663271720452,1.376003135108));
#3425 = CARTESIAN_POINT('',(4.679616116347,1.364608420952));
#3426 = CARTESIAN_POINT('',(4.695992568419,1.358898943541));
#3427 = CARTESIAN_POINT('',(4.72885542875,1.358898943541));
#3428 = CARTESIAN_POINT('',(4.745301517171,1.364657300094));
#3429 = CARTESIAN_POINT('',(4.761715089936,1.376149181904));
#3430 = CARTESIAN_POINT('',(4.778082971842,1.393269842212));
#3431 = CARTESIAN_POINT('',(4.794389545114,1.415833259254));
#3432 = CARTESIAN_POINT('',(4.810615234109,1.443571593284));
#3433 = CARTESIAN_POINT('',(4.826734897807,1.476135460153));
#3434 = CARTESIAN_POINT('',(4.852367331144,1.535415212485));
#3435 = CARTESIAN_POINT('',(4.861975548727,1.559355884397));
#3436 = CARTESIAN_POINT('',(4.871541789604,1.584845853259));
#3437 = CARTESIAN_POINT('',(4.88106662416,1.61181219697));
#3438 = CARTESIAN_POINT('',(4.890550179398,1.640180368962));
#3439 = CARTESIAN_POINT('',(4.899992131944,1.669874311901));
#3440 = CARTESIAN_POINT('',(4.909391701055,1.700816571383));
#3441 = CARTESIAN_POINT('',(4.965813382245,1.894469351408));
#3442 = CARTESIAN_POINT('',(5.011900238421,2.086037742305));
#3443 = CARTESIAN_POINT('',(5.057237257559,2.299253255192));
#3444 = CARTESIAN_POINT('',(5.101961408877,2.526962303849));
#3445 = CARTESIAN_POINT('',(5.146231579708,2.764075637747));
#3446 = CARTESIAN_POINT('',(5.190294765374,3.007553138211));
#3447 = CARTESIAN_POINT('',(5.234520091482,3.256018393215));
#3448 = CARTESIAN_POINT('',(5.330404792542,3.796614719027));
#3449 = CARTESIAN_POINT('',(5.381725359747,4.087088987657));
#3450 = CARTESIAN_POINT('',(5.433799146778,4.378213982246));
#3451 = CARTESIAN_POINT('',(5.487007860907,4.668186336758));
#3452 = CARTESIAN_POINT('',(5.541701829226,4.954867003143));
#3453 = CARTESIAN_POINT('',(5.598210367369,5.235388779686));
#3454 = CARTESIAN_POINT('',(5.656853170386,5.505940607073));
#3455 = CARTESIAN_POINT('',(5.738949000219,5.849228496749));
#3456 = CARTESIAN_POINT('',(5.760248483257,5.935304546295));
#3457 = CARTESIAN_POINT('',(5.781874685184,6.019487131519));
#3458 = CARTESIAN_POINT('',(5.803843495156,6.101550816989));
#3459 = CARTESIAN_POINT('',(5.826170401998,6.181245710114));
#3460 = CARTESIAN_POINT('',(5.848870871427,6.258297298708));
#3461 = CARTESIAN_POINT('',(5.871960723283,6.332406288544));
#3462 = CARTESIAN_POINT('',(5.912817096543,6.455592356248));
#3463 = CARTESIAN_POINT('',(5.930403141519,6.506164275337));
#3464 = CARTESIAN_POINT('',(5.94821269139,6.554805249032));
#3465 = CARTESIAN_POINT('',(5.966244140696,6.601355804885));
#3466 = CARTESIAN_POINT('',(5.98449625656,6.645656053194));
#3467 = CARTESIAN_POINT('',(6.002968204431,6.687545793041));
#3468 = CARTESIAN_POINT('',(6.021659573832,6.726864618338));
#3469 = CARTESIAN_POINT('',(6.069525749929,6.819472884089));
#3470 = CARTESIAN_POINT('',(6.099056566348,6.869208283875));
#3471 = CARTESIAN_POINT('',(6.129062966836,6.911832951229));
#3472 = CARTESIAN_POINT('',(6.159453114173,6.946671349783));
#3473 = CARTESIAN_POINT('',(6.190141241047,6.973199602439));
#3474 = CARTESIAN_POINT('',(6.221045670668,6.991047415037));
#3475 = CARTESIAN_POINT('',(6.252086837361,7.));
#3476 = CARTESIAN_POINT('',(6.28318530718,7.));
#3477 = ( GEOMETRIC_REPRESENTATION_CONTEXT(2) 
PARAMETRIC_REPRESENTATION_CONTEXT() REPRESENTATION_CONTEXT('2D SPACE',''
  ) );
#3478 = ADVANCED_FACE('',(#3479),#43,.F.);
#3479 = FACE_BOUND('',#3480,.T.);
#3480 = EDGE_LOOP('',(#3481));
#3481 = ORIENTED_EDGE('',*,*,#21,.F.);
#3482 = ADVANCED_FACE('',(#3483),#202,.F.);
#3483 = FACE_BOUND('',#3484,.F.);
#3484 = EDGE_LOOP('',(#3485,#3662,#3683,#3684,#3685,#3686));
#3485 = ORIENTED_EDGE('',*,*,#3486,.F.);
#3486 = EDGE_CURVE('',#3487,#3489,#3491,.T.);
#3487 = VERTEX_POINT('',#3488);
#3488 = CARTESIAN_POINT('',(-145.1,510.,205.));
#3489 = VERTEX_POINT('',#3490);
#3490 = CARTESIAN_POINT('',(-154.9,510.,205.));
#3491 = SURFACE_CURVE('',#3492,(#3545,#3601),.PCURVE_S1.);
#3492 = B_SPLINE_CURVE_WITH_KNOTS('',6,(#3493,#3494,#3495,#3496,#3497,
    #3498,#3499,#3500,#3501,#3502,#3503,#3504,#3505,#3506,#3507,#3508,
    #3509,#3510,#3511,#3512,#3513,#3514,#3515,#3516,#3517,#3518,#3519,
    #3520,#3521,#3522,#3523,#3524,#3525,#3526,#3527,#3528,#3529,#3530,
    #3531,#3532,#3533,#3534,#3535,#3536,#3537,#3538,#3539,#3540,#3541,
    #3542,#3543,#3544),.UNSPECIFIED.,.F.,.F.,(7,5,5,5,5,5,5,5,5,5,7),(0.
    ,0.106385609436,0.193906312389,0.298346769489,0.399736826686,
    0.499827172952,0.60041823754,0.701325734389,0.841475917316,
    0.93494641155,1.),.UNSPECIFIED.);
#3493 = CARTESIAN_POINT('',(-145.1,510.,205.));
#3494 = CARTESIAN_POINT('',(-145.1,510.34333062019,205.));
#3495 = CARTESIAN_POINT('',(-145.1288678989,510.68369940121,
    205.01768179528));
#3496 = CARTESIAN_POINT('',(-145.1856676709,511.0160935174,
    205.0524706332));
#3497 = CARTESIAN_POINT('',(-145.2679512407,511.33565109616,
    205.10238386513));
#3498 = CARTESIAN_POINT('',(-145.3717627296,511.63789856338,
    205.16411496584));
#3499 = CARTESIAN_POINT('',(-145.5897827333,512.15014487528,
    205.29068120349));
#3500 = CARTESIAN_POINT('',(-145.6996590283,512.36881967311,
    205.3534753023));
#3501 = CARTESIAN_POINT('',(-145.8193144621,512.5751327911,
    205.42048775465));
#3502 = CARTESIAN_POINT('',(-145.9473698374,512.76939776668,
    205.49044267324));
#3503 = CARTESIAN_POINT('',(-146.0827156038,512.95200765469,
    205.56223823939));
#3504 = CARTESIAN_POINT('',(-146.3936619059,513.32787716609,
    205.72163653663));
#3505 = CARTESIAN_POINT('',(-146.5721769682,513.5166015686,
    205.8097098845));
#3506 = CARTESIAN_POINT('',(-146.7586609218,513.69026636392,
    205.89753583949));
#3507 = CARTESIAN_POINT('',(-146.9521938577,513.84954652702,
    205.98376644978));
#3508 = CARTESIAN_POINT('',(-147.1522051474,513.99499497286,
    206.06719787104));
#3509 = CARTESIAN_POINT('',(-147.5585198005,514.25507293832,
    206.2238123885));
#3510 = CARTESIAN_POINT('',(-147.7645310933,514.37051881869,
    206.29724732776));
#3511 = CARTESIAN_POINT('',(-147.975740631,514.47336016231,
    206.36575644099));
#3512 = CARTESIAN_POINT('',(-148.1916033104,514.56362924868,
    206.42819131542));
#3513 = CARTESIAN_POINT('',(-148.4116784601,514.64129250031,
    206.48349409501));
#3514 = CARTESIAN_POINT('',(-148.8566766834,514.77030275827,
    206.57734535463));
#3515 = CARTESIAN_POINT('',(-149.0815430114,514.82198599735,
    206.6161085113));
#3516 = CARTESIAN_POINT('',(-149.3091920196,514.86092489522,
    206.64595773632));
#3517 = CARTESIAN_POINT('',(-149.5387117787,514.88696105147,
    206.66613201296));
#3518 = CARTESIAN_POINT('',(-149.7692562814,514.9,206.67623529849));
#3519 = CARTESIAN_POINT('',(-150.2318980517,514.9,206.67623529849));
#3520 = CARTESIAN_POINT('',(-150.4635921077,514.88683026818,
    206.6660306752));
#3521 = CARTESIAN_POINT('',(-150.6942459767,514.86053375659,
    206.64565465953));
#3522 = CARTESIAN_POINT('',(-150.9230024321,514.82120656227,
    206.6155110702));
#3523 = CARTESIAN_POINT('',(-151.1489367901,514.76900949078,
    206.57637551719));
#3524 = CARTESIAN_POINT('',(-151.5937899872,514.63936180045,
    206.48211955836));
#3525 = CARTESIAN_POINT('',(-151.8127329497,514.56181854924,
    206.42693876893));
#3526 = CARTESIAN_POINT('',(-152.0274949876,514.47179072448,
    206.36471007996));
#3527 = CARTESIAN_POINT('',(-152.2376422091,514.36931059266,
    206.29647689959));
#3528 = CARTESIAN_POINT('',(-152.4426381185,514.25434537923,
    206.22337101795));
#3529 = CARTESIAN_POINT('',(-152.9184797554,513.94973134613,
    206.03994540005));
#3530 = CARTESIAN_POINT('',(-153.1838584951,513.74847091966,
    205.92623771552));
#3531 = CARTESIAN_POINT('',(-153.4373978093,513.52215117911,
    205.80823002672));
#3532 = CARTESIAN_POINT('',(-153.6776056636,513.26916005665,
    205.68878009202));
#3533 = CARTESIAN_POINT('',(-153.901664825,512.98757853194,
    205.57141266506));
#3534 = CARTESIAN_POINT('',(-154.240554753,512.4676609196,
    205.38689481641));
#3535 = CARTESIAN_POINT('',(-154.3673462314,512.24548886025,
    205.31580142983));
#3536 = CARTESIAN_POINT('',(-154.4834028016,512.00918880837,
    205.24908465612));
#3537 = CARTESIAN_POINT('',(-154.5866919137,511.75895420843,
    205.18852527837));
#3538 = CARTESIAN_POINT('',(-154.6750352768,511.49519370241,
    205.13598523872));
#3539 = CARTESIAN_POINT('',(-154.7954875244,511.02606317181,
    205.06368236305));
#3540 = CARTESIAN_POINT('',(-154.8365014119,510.82742088589,
    205.03882608051));
#3541 = CARTESIAN_POINT('',(-154.8680209331,510.62403395052,
    205.0195871678));
#3542 = CARTESIAN_POINT('',(-154.8893191758,510.41734599141,
    205.00654200757));
#3543 = CARTESIAN_POINT('',(-154.9,510.20883791816,205.));
#3544 = CARTESIAN_POINT('',(-154.9,510.,205.));
#3545 = PCURVE('',#202,#3546);
#3546 = DEFINITIONAL_REPRESENTATION('',(#3547),#3600);
#3547 = B_SPLINE_CURVE_WITH_KNOTS('',6,(#3548,#3549,#3550,#3551,#3552,
    #3553,#3554,#3555,#3556,#3557,#3558,#3559,#3560,#3561,#3562,#3563,
    #3564,#3565,#3566,#3567,#3568,#3569,#3570,#3571,#3572,#3573,#3574,
    #3575,#3576,#3577,#3578,#3579,#3580,#3581,#3582,#3583,#3584,#3585,
    #3586,#3587,#3588,#3589,#3590,#3591,#3592,#3593,#3594,#3595,#3596,
    #3597,#3598,#3599),.UNSPECIFIED.,.F.,.F.,(7,5,5,5,5,5,5,5,5,5,7),(0.
    ,0.106385609436,0.193906312389,0.298346769489,0.399736826686,
    0.499827172952,0.60041823754,0.701325734389,0.841475917316,
    0.93494641155,1.),.UNSPECIFIED.);
#3548 = CARTESIAN_POINT('',(0.,5.));
#3549 = CARTESIAN_POINT('',(7.006747350886E-02,5.));
#3550 = CARTESIAN_POINT('',(0.139530456348,5.017681795288));
#3551 = CARTESIAN_POINT('',(0.207985381084,5.052470633204));
#3552 = CARTESIAN_POINT('',(0.275004606376,5.102383865131));
#3553 = CARTESIAN_POINT('',(0.340057781765,5.164114965847));
#3554 = CARTESIAN_POINT('',(0.453672614057,5.290681203495));
#3555 = CARTESIAN_POINT('',(0.503517191527,5.353475302309));
#3556 = CARTESIAN_POINT('',(0.552064697709,5.420487754659));
#3557 = CARTESIAN_POINT('',(0.599438933748,5.490442673243));
#3558 = CARTESIAN_POINT('',(0.645760576019,5.562238239392));
#3559 = CARTESIAN_POINT('',(0.745315079813,5.721636536634));
#3560 = CARTESIAN_POINT('',(0.79821418801,5.809709884501));
#3561 = CARTESIAN_POINT('',(0.850066920394,5.897535839495));
#3562 = CARTESIAN_POINT('',(0.901081572258,5.983766449783));
#3563 = CARTESIAN_POINT('',(0.95146285968,6.067197871048));
#3564 = CARTESIAN_POINT('',(1.049916574302,6.223812388502));
#3565 = CARTESIAN_POINT('',(1.098028378457,6.297247327762));
#3566 = CARTESIAN_POINT('',(1.14585238139,6.365756440992));
#3567 = CARTESIAN_POINT('',(1.193487131025,6.428191315426));
#3568 = CARTESIAN_POINT('',(1.241037507409,6.483494095015));
#3569 = CARTESIAN_POINT('',(1.335592971288,6.577345354636));
#3570 = CARTESIAN_POINT('',(1.382606070232,6.616108511308));
#3571 = CARTESIAN_POINT('',(1.429627064458,6.645957736324));
#3572 = CARTESIAN_POINT('',(1.476655894134,6.666132012968));
#3573 = CARTESIAN_POINT('',(1.523705771987,6.676235298495));
#3574 = CARTESIAN_POINT('',(1.618122459803,6.676235298495));
#3575 = CARTESIAN_POINT('',(1.665406939696,6.666030675209));
#3576 = CARTESIAN_POINT('',(1.712670058632,6.645654659539));
#3577 = CARTESIAN_POINT('',(1.759925504172,6.615511070201));
#3578 = CARTESIAN_POINT('',(1.807173427027,6.57637551719));
#3579 = CARTESIAN_POINT('',(1.90173678065,6.482119558363));
#3580 = CARTESIAN_POINT('',(1.949062252284,6.426938768933));
#3581 = CARTESIAN_POINT('',(1.996472419662,6.364710079964));
#3582 = CARTESIAN_POINT('',(2.044070898269,6.296476899592));
#3583 = CARTESIAN_POINT('',(2.091955155725,6.223371017957));
#3584 = CARTESIAN_POINT('',(2.207259467176,6.039945400056));
#3585 = CARTESIAN_POINT('',(2.27501763054,5.926237715524));
#3586 = CARTESIAN_POINT('',(2.344039310908,5.80823002672));
#3587 = CARTESIAN_POINT('',(2.414850290026,5.688780092021));
#3588 = CARTESIAN_POINT('',(2.487961397311,5.571412665068));
#3589 = CARTESIAN_POINT('',(2.614617146315,5.386894816414));
#3590 = CARTESIAN_POINT('',(2.666731044656,5.315801429839));
#3591 = CARTESIAN_POINT('',(2.720299456625,5.24908465612));
#3592 = CARTESIAN_POINT('',(2.775360885501,5.18852527837));
#3593 = CARTESIAN_POINT('',(2.831982496958,5.135985238722));
#3594 = CARTESIAN_POINT('',(2.930828861891,5.063682363052));
#3595 = CARTESIAN_POINT('',(2.972176066606,5.03882608051));
#3596 = CARTESIAN_POINT('',(3.014099426635,5.019587167809));
#3597 = CARTESIAN_POINT('',(3.056420003963,5.006542007575));
#3598 = CARTESIAN_POINT('',(3.09897267029,5.));
#3599 = CARTESIAN_POINT('',(3.14159265359,5.));
#3600 = ( GEOMETRIC_REPRESENTATION_CONTEXT(2) 
PARAMETRIC_REPRESENTATION_CONTEXT() REPRESENTATION_CONTEXT('2D SPACE',''
  ) );
#3601 = PCURVE('',#3602,#3607);
#3602 = CYLINDRICAL_SURFACE('',#3603,8.);
#3603 = AXIS2_PLACEMENT_3D('',#3604,#3605,#3606);
#3604 = CARTESIAN_POINT('',(-177.,510.,213.));
#3605 = DIRECTION('',(1.,0.,0.));
#3606 = DIRECTION('',(0.,0.,-1.));
#3607 = DEFINITIONAL_REPRESENTATION('',(#3608),#3661);
#3608 = B_SPLINE_CURVE_WITH_KNOTS('',6,(#3609,#3610,#3611,#3612,#3613,
    #3614,#3615,#3616,#3617,#3618,#3619,#3620,#3621,#3622,#3623,#3624,
    #3625,#3626,#3627,#3628,#3629,#3630,#3631,#3632,#3633,#3634,#3635,
    #3636,#3637,#3638,#3639,#3640,#3641,#3642,#3643,#3644,#3645,#3646,
    #3647,#3648,#3649,#3650,#3651,#3652,#3653,#3654,#3655,#3656,#3657,
    #3658,#3659,#3660),.UNSPECIFIED.,.F.,.F.,(7,5,5,5,5,5,5,5,5,5,7),(0.
    ,0.106385609436,0.193906312389,0.298346769489,0.399736826686,
    0.499827172952,0.60041823754,0.701325734389,0.841475917316,
    0.93494641155,1.),.UNSPECIFIED.);
#3609 = CARTESIAN_POINT('',(0.,31.9));
#3610 = CARTESIAN_POINT('',(4.291632752418E-02,31.9));
#3611 = CARTESIAN_POINT('',(8.546249207675E-02,31.87113210104));
#3612 = CARTESIAN_POINT('',(0.127153710954,31.814332329031));
#3613 = CARTESIAN_POINT('',(0.167513828226,31.732048759206));
#3614 = CARTESIAN_POINT('',(0.206042739497,31.628237270387));
#3615 = CARTESIAN_POINT('',(0.271999081185,31.410217266606));
#3616 = CARTESIAN_POINT('',(0.300418203756,31.300340971697));
#3617 = CARTESIAN_POINT('',(0.327511204553,31.180685537872));
#3618 = CARTESIAN_POINT('',(0.353303792854,31.052630162526));
#3619 = CARTESIAN_POINT('',(0.37782226757,30.91728439618));
#3620 = CARTESIAN_POINT('',(0.428856218702,30.606338094053));
#3621 = CARTESIAN_POINT('',(0.45487285801,30.427823031761));
#3622 = CARTESIAN_POINT('',(0.479182487843,30.241339078122));
#3623 = CARTESIAN_POINT('',(0.501812323022,30.047806142242));
#3624 = CARTESIAN_POINT('',(0.522767308566,29.847794852589));
#3625 = CARTESIAN_POINT('',(0.560716422356,29.441480199429));
#3626 = CARTESIAN_POINT('',(0.577814112353,29.235468906634));
#3627 = CARTESIAN_POINT('',(0.593256201483,29.024259368993));
#3628 = CARTESIAN_POINT('',(0.606973777734,28.808396689568));
#3629 = CARTESIAN_POINT('',(0.618890834052,28.588321539816));
#3630 = CARTESIAN_POINT('',(0.638832822414,28.143323316583));
#3631 = CARTESIAN_POINT('',(0.646907517563,27.918456988589));
#3632 = CARTESIAN_POINT('',(0.653040291854,27.690807980391));
#3633 = CARTESIAN_POINT('',(0.657157513049,27.46128822125));
#3634 = CARTESIAN_POINT('',(0.659219403412,27.230743718561));
#3635 = CARTESIAN_POINT('',(0.659219403412,26.76810194826));
#3636 = CARTESIAN_POINT('',(0.657136832048,26.536407892289));
#3637 = CARTESIAN_POINT('',(0.652978438806,26.305754023221));
#3638 = CARTESIAN_POINT('',(0.646784762565,26.076997567866));
#3639 = CARTESIAN_POINT('',(0.638630779593,25.851063209871));
#3640 = CARTESIAN_POINT('',(0.618594597719,25.406210012701));
#3641 = CARTESIAN_POINT('',(0.606698605307,25.187267050203));
#3642 = CARTESIAN_POINT('',(0.593020481611,24.972505012334));
#3643 = CARTESIAN_POINT('',(0.577635043777,24.762357790818));
#3644 = CARTESIAN_POINT('',(0.560610051659,24.557361881483));
#3645 = CARTESIAN_POINT('',(0.516162985799,24.081520244568));
#3646 = CARTESIAN_POINT('',(0.487279007217,23.816141504815));
#3647 = CARTESIAN_POINT('',(0.455403369839,23.562602190673));
#3648 = CARTESIAN_POINT('',(0.420479495817,23.322394336348));
#3649 = CARTESIAN_POINT('',(0.382401973529,23.098335174961));
#3650 = CARTESIAN_POINT('',(0.313440802378,22.759445246968));
#3651 = CARTESIAN_POINT('',(0.284296372929,22.632653768567));
#3652 = CARTESIAN_POINT('',(0.253632995041,22.516597198369));
#3653 = CARTESIAN_POINT('',(0.221488389194,22.413308086243));
#3654 = CARTESIAN_POINT('',(0.187902729215,22.324964723132));
#3655 = CARTESIAN_POINT('',(0.128569038246,22.204512475556));
#3656 = CARTESIAN_POINT('',(0.103555225747,22.163498588019));
#3657 = CARTESIAN_POINT('',(7.803624852067E-02,22.131979066818));
#3658 = CARTESIAN_POINT('',(5.21682530467E-02,22.110680824106));
#3659 = CARTESIAN_POINT('',(2.610473977083E-02,22.1));
#3660 = CARTESIAN_POINT('',(0.,22.1));
#3661 = ( GEOMETRIC_REPRESENTATION_CONTEXT(2) 
PARAMETRIC_REPRESENTATION_CONTEXT() REPRESENTATION_CONTEXT('2D SPACE',''
  ) );
#3662 = ORIENTED_EDGE('',*,*,#3663,.F.);
#3663 = EDGE_CURVE('',#79,#3487,#3664,.T.);
#3664 = SEAM_CURVE('',#3665,(#3669,#3676),.PCURVE_S1.);
#3665 = LINE('',#3666,#3667);
#3666 = CARTESIAN_POINT('',(-145.1,510.,200.));
#3667 = VECTOR('',#3668,1.);
#3668 = DIRECTION('',(0.,0.,1.));
#3669 = PCURVE('',#202,#3670);
#3670 = DEFINITIONAL_REPRESENTATION('',(#3671),#3675);
#3671 = LINE('',#3672,#3673);
#3672 = CARTESIAN_POINT('',(6.28318530718,-0.));
#3673 = VECTOR('',#3674,1.);
#3674 = DIRECTION('',(0.,1.));
#3675 = ( GEOMETRIC_REPRESENTATION_CONTEXT(2) 
PARAMETRIC_REPRESENTATION_CONTEXT() REPRESENTATION_CONTEXT('2D SPACE',''
  ) );
#3676 = PCURVE('',#202,#3677);
#3677 = DEFINITIONAL_REPRESENTATION('',(#3678),#3682);
#3678 = LINE('',#3679,#3680);
#3679 = CARTESIAN_POINT('',(0.,-0.));
#3680 = VECTOR('',#3681,1.);
#3681 = DIRECTION('',(0.,1.));
#3682 = ( GEOMETRIC_REPRESENTATION_CONTEXT(2) 
PARAMETRIC_REPRESENTATION_CONTEXT() REPRESENTATION_CONTEXT('2D SPACE',''
  ) );
#3683 = ORIENTED_EDGE('',*,*,#2701,.T.);
#3684 = ORIENTED_EDGE('',*,*,#78,.T.);
#3685 = ORIENTED_EDGE('',*,*,#3663,.T.);
#3686 = ORIENTED_EDGE('',*,*,#3687,.F.);
#3687 = EDGE_CURVE('',#3489,#3487,#3688,.T.);
#3688 = SURFACE_CURVE('',#3689,(#3742,#3798),.PCURVE_S1.);
#3689 = B_SPLINE_CURVE_WITH_KNOTS('',6,(#3690,#3691,#3692,#3693,#3694,
    #3695,#3696,#3697,#3698,#3699,#3700,#3701,#3702,#3703,#3704,#3705,
    #3706,#3707,#3708,#3709,#3710,#3711,#3712,#3713,#3714,#3715,#3716,
    #3717,#3718,#3719,#3720,#3721,#3722,#3723,#3724,#3725,#3726,#3727,
    #3728,#3729,#3730,#3731,#3732,#3733,#3734,#3735,#3736,#3737,#3738,
    #3739,#3740,#3741),.UNSPECIFIED.,.F.,.F.,(7,5,5,5,5,5,5,5,5,5,7),(0.
    ,0.106385609409,0.193906312363,0.298346769466,0.399736826666,
    0.499827172935,0.600418237527,0.701325734379,0.841475917311,
    0.934946411548,1.),.UNSPECIFIED.);
#3690 = CARTESIAN_POINT('',(-154.9,510.,205.));
#3691 = CARTESIAN_POINT('',(-154.9,509.65666937973,205.));
#3692 = CARTESIAN_POINT('',(-154.871132101,509.3163005988,
    205.01768179529));
#3693 = CARTESIAN_POINT('',(-154.814332329,508.98390648266,
    205.05247063319));
#3694 = CARTESIAN_POINT('',(-154.7320487592,508.66434890385,
    205.10238386512));
#3695 = CARTESIAN_POINT('',(-154.6282372703,508.36210143655,
    205.16411496586));
#3696 = CARTESIAN_POINT('',(-154.4102172666,507.84985512471,
    205.29068120349));
#3697 = CARTESIAN_POINT('',(-154.3003409716,507.63118032688,
    205.3534753023));
#3698 = CARTESIAN_POINT('',(-154.1806855378,507.42486720889,
    205.42048775465));
#3699 = CARTESIAN_POINT('',(-154.0526301625,507.23060223331,
    205.49044267324));
#3700 = CARTESIAN_POINT('',(-153.9172843961,507.0479923453,
    205.56223823939));
#3701 = CARTESIAN_POINT('',(-153.606338094,506.6721228339,
    205.72163653663));
#3702 = CARTESIAN_POINT('',(-153.4278230317,506.48339843139,
    205.8097098845));
#3703 = CARTESIAN_POINT('',(-153.2413390781,506.30973363607,
    205.89753583949));
#3704 = CARTESIAN_POINT('',(-153.0478061422,506.15045347297,
    205.98376644978));
#3705 = CARTESIAN_POINT('',(-152.8477948525,506.00500502713,
    206.06719787104));
#3706 = CARTESIAN_POINT('',(-152.4414801994,505.74492706167,
    206.2238123885));
#3707 = CARTESIAN_POINT('',(-152.2354689066,505.6294811813,
    206.29724732776));
#3708 = CARTESIAN_POINT('',(-152.0242593689,505.52663983769,
    206.36575644099));
#3709 = CARTESIAN_POINT('',(-151.8083966895,505.43637075131,
    206.42819131542));
#3710 = CARTESIAN_POINT('',(-151.5883215398,505.35870749968,
    206.48349409501));
#3711 = CARTESIAN_POINT('',(-151.1433233165,505.22969724173,
    206.57734535463));
#3712 = CARTESIAN_POINT('',(-150.9184569885,505.17801400264,
    206.6161085113));
#3713 = CARTESIAN_POINT('',(-150.6908079803,505.13907510478,
    206.64595773632));
#3714 = CARTESIAN_POINT('',(-150.4612882212,505.11303894853,
    206.66613201296));
#3715 = CARTESIAN_POINT('',(-150.2307437185,505.1,206.67623529849));
#3716 = CARTESIAN_POINT('',(-149.7681019482,505.1,206.67623529849));
#3717 = CARTESIAN_POINT('',(-149.5364078922,505.11316973181,
    206.6660306752));
#3718 = CARTESIAN_POINT('',(-149.3057540232,505.1394662434,
    206.64565465953));
#3719 = CARTESIAN_POINT('',(-149.0769975678,505.17879343772,
    206.6155110702));
#3720 = CARTESIAN_POINT('',(-148.8510632098,505.23099050921,
    206.57637551719));
#3721 = CARTESIAN_POINT('',(-148.4062100127,505.36063819954,
    206.48211955836));
#3722 = CARTESIAN_POINT('',(-148.1872670502,505.43818145076,
    206.42693876893));
#3723 = CARTESIAN_POINT('',(-147.9725050123,505.52820927551,
    206.36471007996));
#3724 = CARTESIAN_POINT('',(-147.7623577908,505.63068940733,
    206.29647689959));
#3725 = CARTESIAN_POINT('',(-147.5573618814,505.74565462076,
    206.22337101795));
#3726 = CARTESIAN_POINT('',(-147.0815202445,506.05026865386,
    206.03994540005));
#3727 = CARTESIAN_POINT('',(-146.8161415048,506.25152908033,
    205.92623771552));
#3728 = CARTESIAN_POINT('',(-146.5626021906,506.47784882088,
    205.80823002672));
#3729 = CARTESIAN_POINT('',(-146.3223943363,506.73083994334,
    205.68878009202));
#3730 = CARTESIAN_POINT('',(-146.0983351749,507.01242146805,
    205.57141266506));
#3731 = CARTESIAN_POINT('',(-145.7594452469,507.53233908039,
    205.38689481641));
#3732 = CARTESIAN_POINT('',(-145.6326537685,507.75451113974,
    205.31580142983));
#3733 = CARTESIAN_POINT('',(-145.5165971983,507.99081119162,
    205.24908465612));
#3734 = CARTESIAN_POINT('',(-145.4133080862,508.24104579156,
    205.18852527837));
#3735 = CARTESIAN_POINT('',(-145.3249647231,508.50480629758,
    205.13598523872));
#3736 = CARTESIAN_POINT('',(-145.2045124755,508.97393682819,
    205.06368236305));
#3737 = CARTESIAN_POINT('',(-145.163498588,509.1725791141,
    205.03882608051));
#3738 = CARTESIAN_POINT('',(-145.1319790668,509.37596604947,
    205.0195871678));
#3739 = CARTESIAN_POINT('',(-145.1106808241,509.58265400858,
    205.00654200757));
#3740 = CARTESIAN_POINT('',(-145.1,509.79116208183,205.));
#3741 = CARTESIAN_POINT('',(-145.1,510.,205.));
#3742 = PCURVE('',#202,#3743);
#3743 = DEFINITIONAL_REPRESENTATION('',(#3744),#3797);
#3744 = B_SPLINE_CURVE_WITH_KNOTS('',6,(#3745,#3746,#3747,#3748,#3749,
    #3750,#3751,#3752,#3753,#3754,#3755,#3756,#3757,#3758,#3759,#3760,
    #3761,#3762,#3763,#3764,#3765,#3766,#3767,#3768,#3769,#3770,#3771,
    #3772,#3773,#3774,#3775,#3776,#3777,#3778,#3779,#3780,#3781,#3782,
    #3783,#3784,#3785,#3786,#3787,#3788,#3789,#3790,#3791,#3792,#3793,
    #3794,#3795,#3796),.UNSPECIFIED.,.F.,.F.,(7,5,5,5,5,5,5,5,5,5,7),(0.
    ,0.106385609409,0.193906312363,0.298346769466,0.399736826666,
    0.499827172935,0.600418237527,0.701325734379,0.841475917311,
    0.934946411548,1.),.UNSPECIFIED.);
#3745 = CARTESIAN_POINT('',(3.14159265359,5.));
#3746 = CARTESIAN_POINT('',(3.211660127113,5.));
#3747 = CARTESIAN_POINT('',(3.281123109935,5.017681795295));
#3748 = CARTESIAN_POINT('',(3.34957803466,5.052470633195));
#3749 = CARTESIAN_POINT('',(3.416597259961,5.10238386512));
#3750 = CARTESIAN_POINT('',(3.481650435369,5.164114965863));
#3751 = CARTESIAN_POINT('',(3.595265267648,5.290681203496));
#3752 = CARTESIAN_POINT('',(3.645109845117,5.353475302309));
#3753 = CARTESIAN_POINT('',(3.693657351297,5.420487754657));
#3754 = CARTESIAN_POINT('',(3.741031587338,5.490442673242));
#3755 = CARTESIAN_POINT('',(3.78735322961,5.562238239394));
#3756 = CARTESIAN_POINT('',(3.886907733402,5.721636536634));
#3757 = CARTESIAN_POINT('',(3.939806841599,5.809709884501));
#3758 = CARTESIAN_POINT('',(3.991659573983,5.897535839495));
#3759 = CARTESIAN_POINT('',(4.042674225848,5.983766449784));
#3760 = CARTESIAN_POINT('',(4.09305551327,6.067197871048));
#3761 = CARTESIAN_POINT('',(4.191509227892,6.223812388502));
#3762 = CARTESIAN_POINT('',(4.239621032047,6.297247327761));
#3763 = CARTESIAN_POINT('',(4.28744503498,6.365756440992));
#3764 = CARTESIAN_POINT('',(4.335079784616,6.428191315426));
#3765 = CARTESIAN_POINT('',(4.382630160999,6.483494095015));
#3766 = CARTESIAN_POINT('',(4.477185624877,6.577345354636));
#3767 = CARTESIAN_POINT('',(4.524198723822,6.616108511308));
#3768 = CARTESIAN_POINT('',(4.571219718048,6.645957736324));
#3769 = CARTESIAN_POINT('',(4.618248547724,6.666132012968));
#3770 = CARTESIAN_POINT('',(4.665298425576,6.676235298495));
#3771 = CARTESIAN_POINT('',(4.759715113393,6.676235298495));
#3772 = CARTESIAN_POINT('',(4.806999593286,6.666030675209));
#3773 = CARTESIAN_POINT('',(4.854262712222,6.645654659539));
#3774 = CARTESIAN_POINT('',(4.901518157762,6.615511070201));
#3775 = CARTESIAN_POINT('',(4.948766080617,6.57637551719));
#3776 = CARTESIAN_POINT('',(5.04332943424,6.482119558362));
#3777 = CARTESIAN_POINT('',(5.090654905874,6.426938768933));
#3778 = CARTESIAN_POINT('',(5.138065073251,6.364710079964));
#3779 = CARTESIAN_POINT('',(5.185663551859,6.296476899592));
#3780 = CARTESIAN_POINT('',(5.233547809315,6.223371017957));
#3781 = CARTESIAN_POINT('',(5.348852120766,6.039945400055));
#3782 = CARTESIAN_POINT('',(5.41661028413,5.926237715524));
#3783 = CARTESIAN_POINT('',(5.485631964497,5.808230026721));
#3784 = CARTESIAN_POINT('',(5.556442943616,5.688780092021));
#3785 = CARTESIAN_POINT('',(5.629554050901,5.571412665068));
#3786 = CARTESIAN_POINT('',(5.756209799904,5.386894816415));
#3787 = CARTESIAN_POINT('',(5.808323698246,5.315801429839));
#3788 = CARTESIAN_POINT('',(5.861892110215,5.24908465612));
#3789 = CARTESIAN_POINT('',(5.91695353909,5.18852527837));
#3790 = CARTESIAN_POINT('',(5.973575150547,5.135985238722));
#3791 = CARTESIAN_POINT('',(6.072421515481,5.063682363052));
#3792 = CARTESIAN_POINT('',(6.113768720196,5.03882608051));
#3793 = CARTESIAN_POINT('',(6.155692080225,5.019587167809));
#3794 = CARTESIAN_POINT('',(6.198012657552,5.006542007575));
#3795 = CARTESIAN_POINT('',(6.24056532388,5.));
#3796 = CARTESIAN_POINT('',(6.28318530718,5.));
#3797 = ( GEOMETRIC_REPRESENTATION_CONTEXT(2) 
PARAMETRIC_REPRESENTATION_CONTEXT() REPRESENTATION_CONTEXT('2D SPACE',''
  ) );
#3798 = PCURVE('',#3602,#3799);
#3799 = DEFINITIONAL_REPRESENTATION('',(#3800),#3853);
#3800 = B_SPLINE_CURVE_WITH_KNOTS('',6,(#3801,#3802,#3803,#3804,#3805,
    #3806,#3807,#3808,#3809,#3810,#3811,#3812,#3813,#3814,#3815,#3816,
    #3817,#3818,#3819,#3820,#3821,#3822,#3823,#3824,#3825,#3826,#3827,
    #3828,#3829,#3830,#3831,#3832,#3833,#3834,#3835,#3836,#3837,#3838,
    #3839,#3840,#3841,#3842,#3843,#3844,#3845,#3846,#3847,#3848,#3849,
    #3850,#3851,#3852),.UNSPECIFIED.,.F.,.F.,(7,5,5,5,5,5,5,5,5,5,7),(0.
    ,0.106385609409,0.193906312363,0.298346769466,0.399736826666,
    0.499827172935,0.600418237527,0.701325734379,0.841475917311,
    0.934946411548,1.),.UNSPECIFIED.);
#3801 = CARTESIAN_POINT('',(6.28318530718,22.1));
#3802 = CARTESIAN_POINT('',(6.240268979647,22.1));
#3803 = CARTESIAN_POINT('',(6.197722815105,22.128867898972));
#3804 = CARTESIAN_POINT('',(6.156031596234,22.185667670956));
#3805 = CARTESIAN_POINT('',(6.115671478956,22.267951240773));
#3806 = CARTESIAN_POINT('',(6.077142567675,22.371762729641));
#3807 = CARTESIAN_POINT('',(6.011186225994,22.589782733397));
#3808 = CARTESIAN_POINT('',(5.982767103424,22.699659028304));
#3809 = CARTESIAN_POINT('',(5.955674102627,22.819314462124));
#3810 = CARTESIAN_POINT('',(5.929881514326,22.947369837472));
#3811 = CARTESIAN_POINT('',(5.905363039609,23.082715603824));
#3812 = CARTESIAN_POINT('',(5.854329088478,23.393661905947));
#3813 = CARTESIAN_POINT('',(5.82831244917,23.572176968239));
#3814 = CARTESIAN_POINT('',(5.804002819337,23.758660921879));
#3815 = CARTESIAN_POINT('',(5.781372984158,23.952193857758));
#3816 = CARTESIAN_POINT('',(5.760417998613,24.152205147411));
#3817 = CARTESIAN_POINT('',(5.722468884824,24.558519800571));
#3818 = CARTESIAN_POINT('',(5.705371194827,24.764531093365));
#3819 = CARTESIAN_POINT('',(5.689929105697,24.975740631007));
#3820 = CARTESIAN_POINT('',(5.676211529446,25.191603310433));
#3821 = CARTESIAN_POINT('',(5.664294473128,25.411678460183));
#3822 = CARTESIAN_POINT('',(5.644352484765,25.856676683418));
#3823 = CARTESIAN_POINT('',(5.636277789616,26.08154301141));
#3824 = CARTESIAN_POINT('',(5.630145015326,26.30919201961));
#3825 = CARTESIAN_POINT('',(5.62602779413,26.538711778749));
#3826 = CARTESIAN_POINT('',(5.623965903768,26.76925628144));
#3827 = CARTESIAN_POINT('',(5.623965903768,27.23189805174));
#3828 = CARTESIAN_POINT('',(5.626048475131,27.463592107711));
#3829 = CARTESIAN_POINT('',(5.630206868374,27.694245976779));
#3830 = CARTESIAN_POINT('',(5.636400544615,27.923002432135));
#3831 = CARTESIAN_POINT('',(5.644554527587,28.148936790129));
#3832 = CARTESIAN_POINT('',(5.66459070946,28.593789987299));
#3833 = CARTESIAN_POINT('',(5.676486701873,28.812732949797));
#3834 = CARTESIAN_POINT('',(5.690164825569,29.027494987666));
#3835 = CARTESIAN_POINT('',(5.705550263403,29.237642209182));
#3836 = CARTESIAN_POINT('',(5.722575255521,29.442638118517));
#3837 = CARTESIAN_POINT('',(5.76702232138,29.918479755432));
#3838 = CARTESIAN_POINT('',(5.795906299962,30.183858495185));
#3839 = CARTESIAN_POINT('',(5.82778193734,30.437397809326));
#3840 = CARTESIAN_POINT('',(5.862705811362,30.677605663653));
#3841 = CARTESIAN_POINT('',(5.900783333651,30.901664825039));
#3842 = CARTESIAN_POINT('',(5.969744504802,31.240554753032));
#3843 = CARTESIAN_POINT('',(5.998888934251,31.367346231434));
#3844 = CARTESIAN_POINT('',(6.029552312139,31.483402801631));
#3845 = CARTESIAN_POINT('',(6.061696917985,31.586691913757));
#3846 = CARTESIAN_POINT('',(6.095282577965,31.675035276868));
#3847 = CARTESIAN_POINT('',(6.154616268934,31.795487524444));
#3848 = CARTESIAN_POINT('',(6.179630081433,31.836501411981));
#3849 = CARTESIAN_POINT('',(6.205149058659,31.868020933182));
#3850 = CARTESIAN_POINT('',(6.231017054133,31.889319175894));
#3851 = CARTESIAN_POINT('',(6.257080567409,31.9));
#3852 = CARTESIAN_POINT('',(6.28318530718,31.9));
#3853 = ( GEOMETRIC_REPRESENTATION_CONTEXT(2) 
PARAMETRIC_REPRESENTATION_CONTEXT() REPRESENTATION_CONTEXT('2D SPACE',''
  ) );
#3854 = ADVANCED_FACE('',(#3855),#415,.F.);
#3855 = FACE_BOUND('',#3856,.F.);
#3856 = EDGE_LOOP('',(#3857,#4029,#4050,#4051,#4052,#4053));
#3857 = ORIENTED_EDGE('',*,*,#3858,.F.);
#3858 = EDGE_CURVE('',#3859,#3861,#3863,.T.);
#3859 = VERTEX_POINT('',#3860);
#3860 = CARTESIAN_POINT('',(-95.1,510.,205.));
#3861 = VERTEX_POINT('',#3862);
#3862 = CARTESIAN_POINT('',(-104.9,510.,205.));
#3863 = SURFACE_CURVE('',#3864,(#3917,#3973),.PCURVE_S1.);
#3864 = B_SPLINE_CURVE_WITH_KNOTS('',6,(#3865,#3866,#3867,#3868,#3869,
    #3870,#3871,#3872,#3873,#3874,#3875,#3876,#3877,#3878,#3879,#3880,
    #3881,#3882,#3883,#3884,#3885,#3886,#3887,#3888,#3889,#3890,#3891,
    #3892,#3893,#3894,#3895,#3896,#3897,#3898,#3899,#3900,#3901,#3902,
    #3903,#3904,#3905,#3906,#3907,#3908,#3909,#3910,#3911,#3912,#3913,
    #3914,#3915,#3916),.UNSPECIFIED.,.F.,.F.,(7,5,5,5,5,5,5,5,5,5,7),(0.
    ,0.106385609491,0.193906312484,0.298346769631,0.399736826873,
    0.499827173183,0.600418237816,0.701325734709,0.841475917697,
    0.934946411786,1.),.UNSPECIFIED.);
#3865 = CARTESIAN_POINT('',(-95.1,510.,205.));
#3866 = CARTESIAN_POINT('',(-95.1,510.34333062017,205.));
#3867 = CARTESIAN_POINT('',(-95.12886789895,510.68369940122,
    205.01768179528));
#3868 = CARTESIAN_POINT('',(-95.18566767097,511.01609351742,
    205.0524706332));
#3869 = CARTESIAN_POINT('',(-95.26795124079,511.33565109617,
    205.10238386513));
#3870 = CARTESIAN_POINT('',(-95.3717627296,511.63789856336,
    205.16411496584));
#3871 = CARTESIAN_POINT('',(-95.58978273339,512.15014487528,
    205.29068120349));
#3872 = CARTESIAN_POINT('',(-95.6996590283,512.36881967311,
    205.3534753023));
#3873 = CARTESIAN_POINT('',(-95.81931446212,512.5751327911,
    205.42048775465));
#3874 = CARTESIAN_POINT('',(-95.94736983747,512.76939776668,
    205.49044267324));
#3875 = CARTESIAN_POINT('',(-96.08271560381,512.95200765469,
    205.56223823939));
#3876 = CARTESIAN_POINT('',(-96.39366190594,513.32787716609,
    205.72163653663));
#3877 = CARTESIAN_POINT('',(-96.57217696823,513.5166015686,
    205.8097098845));
#3878 = CARTESIAN_POINT('',(-96.75866092187,513.69026636392,
    205.89753583949));
#3879 = CARTESIAN_POINT('',(-96.95219385775,513.84954652702,
    205.98376644978));
#3880 = CARTESIAN_POINT('',(-97.15220514741,513.99499497286,
    206.06719787104));
#3881 = CARTESIAN_POINT('',(-97.55851980057,514.25507293832,
    206.2238123885));
#3882 = CARTESIAN_POINT('',(-97.76453109336,514.37051881869,
    206.29724732776));
#3883 = CARTESIAN_POINT('',(-97.975740631,514.47336016231,
    206.36575644099));
#3884 = CARTESIAN_POINT('',(-98.19160331043,514.56362924868,
    206.42819131542));
#3885 = CARTESIAN_POINT('',(-98.41167846018,514.64129250031,
    206.48349409501));
#3886 = CARTESIAN_POINT('',(-98.85667668341,514.77030275827,
    206.57734535463));
#3887 = CARTESIAN_POINT('',(-99.08154301141,514.82198599735,
    206.6161085113));
#3888 = CARTESIAN_POINT('',(-99.30919201961,514.86092489522,
    206.64595773632));
#3889 = CARTESIAN_POINT('',(-99.53871177874,514.88696105147,
    206.66613201296));
#3890 = CARTESIAN_POINT('',(-99.76925628143,514.9,206.67623529849));
#3891 = CARTESIAN_POINT('',(-100.2318980517,514.9,206.67623529849));
#3892 = CARTESIAN_POINT('',(-100.4635921077,514.88683026818,
    206.6660306752));
#3893 = CARTESIAN_POINT('',(-100.6942459767,514.86053375659,
    206.64565465954));
#3894 = CARTESIAN_POINT('',(-100.9230024321,514.82120656227,
    206.6155110702));
#3895 = CARTESIAN_POINT('',(-101.1489367901,514.76900949078,
    206.57637551719));
#3896 = CARTESIAN_POINT('',(-101.5937899872,514.63936180045,
    206.48211955836));
#3897 = CARTESIAN_POINT('',(-101.8127329497,514.56181854924,
    206.42693876893));
#3898 = CARTESIAN_POINT('',(-102.0274949876,514.47179072448,
    206.36471007996));
#3899 = CARTESIAN_POINT('',(-102.2376422091,514.36931059266,
    206.29647689959));
#3900 = CARTESIAN_POINT('',(-102.4426381185,514.25434537923,
    206.22337101795));
#3901 = CARTESIAN_POINT('',(-102.9184797554,513.94973134613,
    206.03994540005));
#3902 = CARTESIAN_POINT('',(-103.1838584951,513.74847091966,
    205.92623771552));
#3903 = CARTESIAN_POINT('',(-103.4373978093,513.52215117911,
    205.80823002672));
#3904 = CARTESIAN_POINT('',(-103.6776056636,513.26916005665,
    205.68878009202));
#3905 = CARTESIAN_POINT('',(-103.901664825,512.98757853194,
    205.57141266506));
#3906 = CARTESIAN_POINT('',(-104.2405547527,512.46766092001,
    205.38689481656));
#3907 = CARTESIAN_POINT('',(-104.3673462316,512.24548886009,
    205.31580142974));
#3908 = CARTESIAN_POINT('',(-104.4834028018,512.0091888079,205.249084656
    ));
#3909 = CARTESIAN_POINT('',(-104.5866919136,511.75895420834,
    205.18852527839));
#3910 = CARTESIAN_POINT('',(-104.6750352767,511.49519370296,
    205.1359852388));
#3911 = CARTESIAN_POINT('',(-104.7954875244,511.02606317183,
    205.06368236305));
#3912 = CARTESIAN_POINT('',(-104.8365014119,510.82742088589,
    205.0388260805));
#3913 = CARTESIAN_POINT('',(-104.8680209331,510.6240339505,
    205.0195871678));
#3914 = CARTESIAN_POINT('',(-104.8893191758,510.41734599141,
    205.00654200757));
#3915 = CARTESIAN_POINT('',(-104.9,510.20883791818,205.));
#3916 = CARTESIAN_POINT('',(-104.9,510.,205.));
#3917 = PCURVE('',#415,#3918);
#3918 = DEFINITIONAL_REPRESENTATION('',(#3919),#3972);
#3919 = B_SPLINE_CURVE_WITH_KNOTS('',6,(#3920,#3921,#3922,#3923,#3924,
    #3925,#3926,#3927,#3928,#3929,#3930,#3931,#3932,#3933,#3934,#3935,
    #3936,#3937,#3938,#3939,#3940,#3941,#3942,#3943,#3944,#3945,#3946,
    #3947,#3948,#3949,#3950,#3951,#3952,#3953,#3954,#3955,#3956,#3957,
    #3958,#3959,#3960,#3961,#3962,#3963,#3964,#3965,#3966,#3967,#3968,
    #3969,#3970,#3971),.UNSPECIFIED.,.F.,.F.,(7,5,5,5,5,5,5,5,5,5,7),(0.
    ,0.106385609491,0.193906312484,0.298346769631,0.399736826873,
    0.499827173183,0.600418237816,0.701325734709,0.841475917697,
    0.934946411786,1.),.UNSPECIFIED.);
#3920 = CARTESIAN_POINT('',(0.,5.));
#3921 = CARTESIAN_POINT('',(7.006747350522E-02,5.));
#3922 = CARTESIAN_POINT('',(0.139530456349,5.017681795286));
#3923 = CARTESIAN_POINT('',(0.207985381087,5.052470633207));
#3924 = CARTESIAN_POINT('',(0.275004606378,5.102383865134));
#3925 = CARTESIAN_POINT('',(0.340057781761,5.164114965843));
#3926 = CARTESIAN_POINT('',(0.453672614057,5.290681203494));
#3927 = CARTESIAN_POINT('',(0.503517191527,5.353475302309));
#3928 = CARTESIAN_POINT('',(0.552064697708,5.420487754659));
#3929 = CARTESIAN_POINT('',(0.599438933748,5.490442673243));
#3930 = CARTESIAN_POINT('',(0.645760576019,5.562238239391));
#3931 = CARTESIAN_POINT('',(0.745315079813,5.721636536634));
#3932 = CARTESIAN_POINT('',(0.79821418801,5.809709884501));
#3933 = CARTESIAN_POINT('',(0.850066920394,5.897535839495));
#3934 = CARTESIAN_POINT('',(0.901081572258,5.983766449784));
#3935 = CARTESIAN_POINT('',(0.95146285968,6.067197871048));
#3936 = CARTESIAN_POINT('',(1.049916574302,6.223812388502));
#3937 = CARTESIAN_POINT('',(1.098028378457,6.297247327761));
#3938 = CARTESIAN_POINT('',(1.14585238139,6.365756440992));
#3939 = CARTESIAN_POINT('',(1.193487131026,6.428191315426));
#3940 = CARTESIAN_POINT('',(1.241037507409,6.483494095015));
#3941 = CARTESIAN_POINT('',(1.335592971288,6.577345354636));
#3942 = CARTESIAN_POINT('',(1.382606070232,6.616108511308));
#3943 = CARTESIAN_POINT('',(1.429627064458,6.645957736324));
#3944 = CARTESIAN_POINT('',(1.476655894134,6.666132012968));
#3945 = CARTESIAN_POINT('',(1.523705771987,6.676235298495));
#3946 = CARTESIAN_POINT('',(1.618122459803,6.676235298495));
#3947 = CARTESIAN_POINT('',(1.665406939696,6.666030675209));
#3948 = CARTESIAN_POINT('',(1.712670058632,6.64565465954));
#3949 = CARTESIAN_POINT('',(1.759925504172,6.615511070201));
#3950 = CARTESIAN_POINT('',(1.807173427027,6.57637551719));
#3951 = CARTESIAN_POINT('',(1.90173678065,6.482119558363));
#3952 = CARTESIAN_POINT('',(1.949062252284,6.426938768933));
#3953 = CARTESIAN_POINT('',(1.996472419662,6.364710079964));
#3954 = CARTESIAN_POINT('',(2.044070898269,6.296476899592));
#3955 = CARTESIAN_POINT('',(2.091955155725,6.223371017957));
#3956 = CARTESIAN_POINT('',(2.207259467176,6.039945400055));
#3957 = CARTESIAN_POINT('',(2.27501763054,5.926237715524));
#3958 = CARTESIAN_POINT('',(2.344039310908,5.80823002672));
#3959 = CARTESIAN_POINT('',(2.414850290026,5.688780092021));
#3960 = CARTESIAN_POINT('',(2.487961397312,5.571412665068));
#3961 = CARTESIAN_POINT('',(2.614617146214,5.386894816561));
#3962 = CARTESIAN_POINT('',(2.6667310447,5.315801429748));
#3963 = CARTESIAN_POINT('',(2.720299456732,5.249084656003));
#3964 = CARTESIAN_POINT('',(2.775360885513,5.188525278397));
#3965 = CARTESIAN_POINT('',(2.831982496843,5.135985238805));
#3966 = CARTESIAN_POINT('',(2.930828861887,5.063682363055));
#3967 = CARTESIAN_POINT('',(2.972176066608,5.038826080508));
#3968 = CARTESIAN_POINT('',(3.014099426639,5.019587167807));
#3969 = CARTESIAN_POINT('',(3.056420003964,5.006542007577));
#3970 = CARTESIAN_POINT('',(3.098972670286,5.));
#3971 = CARTESIAN_POINT('',(3.14159265359,5.));
#3972 = ( GEOMETRIC_REPRESENTATION_CONTEXT(2) 
PARAMETRIC_REPRESENTATION_CONTEXT() REPRESENTATION_CONTEXT('2D SPACE',''
  ) );
#3973 = PCURVE('',#3602,#3974);
#3974 = DEFINITIONAL_REPRESENTATION('',(#3975),#4028);
#3975 = B_SPLINE_CURVE_WITH_KNOTS('',6,(#3976,#3977,#3978,#3979,#3980,
    #3981,#3982,#3983,#3984,#3985,#3986,#3987,#3988,#3989,#3990,#3991,
    #3992,#3993,#3994,#3995,#3996,#3997,#3998,#3999,#4000,#4001,#4002,
    #4003,#4004,#4005,#4006,#4007,#4008,#4009,#4010,#4011,#4012,#4013,
    #4014,#4015,#4016,#4017,#4018,#4019,#4020,#4021,#4022,#4023,#4024,
    #4025,#4026,#4027),.UNSPECIFIED.,.F.,.F.,(7,5,5,5,5,5,5,5,5,5,7),(0.
    ,0.106385609491,0.193906312484,0.298346769631,0.399736826873,
    0.499827173183,0.600418237816,0.701325734709,0.841475917697,
    0.934946411786,1.),.UNSPECIFIED.);
#3976 = CARTESIAN_POINT('',(0.,81.9));
#3977 = CARTESIAN_POINT('',(4.291632752195E-02,81.9));
#3978 = CARTESIAN_POINT('',(8.546249207725E-02,81.871132101043));
#3979 = CARTESIAN_POINT('',(0.127153710956,81.814332329027));
#3980 = CARTESIAN_POINT('',(0.167513828227,81.732048759201));
#3981 = CARTESIAN_POINT('',(0.206042739494,81.628237270394));
#3982 = CARTESIAN_POINT('',(0.271999081185,81.410217266606));
#3983 = CARTESIAN_POINT('',(0.300418203756,81.300340971696));
#3984 = CARTESIAN_POINT('',(0.327511204553,81.180685537873));
#3985 = CARTESIAN_POINT('',(0.353303792854,81.052630162525));
#3986 = CARTESIAN_POINT('',(0.377822267569,80.917284396181));
#3987 = CARTESIAN_POINT('',(0.428856218702,80.606338094054));
#3988 = CARTESIAN_POINT('',(0.45487285801,80.427823031761));
#3989 = CARTESIAN_POINT('',(0.479182487843,80.241339078121));
#3990 = CARTESIAN_POINT('',(0.501812323022,80.047806142241));
#3991 = CARTESIAN_POINT('',(0.522767308566,79.84779485259));
#3992 = CARTESIAN_POINT('',(0.560716422356,79.441480199429));
#3993 = CARTESIAN_POINT('',(0.577814112353,79.235468906635));
#3994 = CARTESIAN_POINT('',(0.593256201483,79.024259368993));
#3995 = CARTESIAN_POINT('',(0.606973777734,78.808396689567));
#3996 = CARTESIAN_POINT('',(0.618890834052,78.588321539818));
#3997 = CARTESIAN_POINT('',(0.638832822414,78.143323316583));
#3998 = CARTESIAN_POINT('',(0.646907517563,77.91845698859));
#3999 = CARTESIAN_POINT('',(0.653040291854,77.69080798039));
#4000 = CARTESIAN_POINT('',(0.657157513049,77.461288221251));
#4001 = CARTESIAN_POINT('',(0.659219403412,77.230743718561));
#4002 = CARTESIAN_POINT('',(0.659219403412,76.76810194826));
#4003 = CARTESIAN_POINT('',(0.657136832048,76.536407892289));
#4004 = CARTESIAN_POINT('',(0.652978438806,76.305754023221));
#4005 = CARTESIAN_POINT('',(0.646784762565,76.076997567864));
#4006 = CARTESIAN_POINT('',(0.638630779593,75.851063209872));
#4007 = CARTESIAN_POINT('',(0.618594597719,75.406210012701));
#4008 = CARTESIAN_POINT('',(0.606698605307,75.187267050203));
#4009 = CARTESIAN_POINT('',(0.593020481611,74.972505012334));
#4010 = CARTESIAN_POINT('',(0.577635043776,74.762357790817));
#4011 = CARTESIAN_POINT('',(0.560610051659,74.557361881484));
#4012 = CARTESIAN_POINT('',(0.516162985799,74.081520244568));
#4013 = CARTESIAN_POINT('',(0.487279007217,73.816141504816));
#4014 = CARTESIAN_POINT('',(0.455403369839,73.562602190673));
#4015 = CARTESIAN_POINT('',(0.420479495817,73.322394336348));
#4016 = CARTESIAN_POINT('',(0.382401973529,73.098335174961));
#4017 = CARTESIAN_POINT('',(0.313440802433,72.759445247238));
#4018 = CARTESIAN_POINT('',(0.284296372907,72.632653768396));
#4019 = CARTESIAN_POINT('',(0.25363299498,72.516597198162));
#4020 = CARTESIAN_POINT('',(0.221488389184,72.413308086301));
#4021 = CARTESIAN_POINT('',(0.187902729284,72.324964723272));
#4022 = CARTESIAN_POINT('',(0.128569038248,72.204512475562));
#4023 = CARTESIAN_POINT('',(0.103555225746,72.163498588015));
#4024 = CARTESIAN_POINT('',(7.803624851791E-02,72.131979066815));
#4025 = CARTESIAN_POINT('',(5.216825304603E-02,72.110680824108));
#4026 = CARTESIAN_POINT('',(2.610473977359E-02,72.1));
#4027 = CARTESIAN_POINT('',(0.,72.1));
#4028 = ( GEOMETRIC_REPRESENTATION_CONTEXT(2) 
PARAMETRIC_REPRESENTATION_CONTEXT() REPRESENTATION_CONTEXT('2D SPACE',''
  ) );
#4029 = ORIENTED_EDGE('',*,*,#4030,.F.);
#4030 = EDGE_CURVE('',#292,#3859,#4031,.T.);
#4031 = SEAM_CURVE('',#4032,(#4036,#4043),.PCURVE_S1.);
#4032 = LINE('',#4033,#4034);
#4033 = CARTESIAN_POINT('',(-95.1,510.,200.));
#4034 = VECTOR('',#4035,1.);
#4035 = DIRECTION('',(0.,0.,1.));
#4036 = PCURVE('',#415,#4037);
#4037 = DEFINITIONAL_REPRESENTATION('',(#4038),#4042);
#4038 = LINE('',#4039,#4040);
#4039 = CARTESIAN_POINT('',(6.28318530718,-0.));
#4040 = VECTOR('',#4041,1.);
#4041 = DIRECTION('',(0.,1.));
#4042 = ( GEOMETRIC_REPRESENTATION_CONTEXT(2) 
PARAMETRIC_REPRESENTATION_CONTEXT() REPRESENTATION_CONTEXT('2D SPACE',''
  ) );
#4043 = PCURVE('',#415,#4044);
#4044 = DEFINITIONAL_REPRESENTATION('',(#4045),#4049);
#4045 = LINE('',#4046,#4047);
#4046 = CARTESIAN_POINT('',(0.,-0.));
#4047 = VECTOR('',#4048,1.);
#4048 = DIRECTION('',(0.,1.));
#4049 = ( GEOMETRIC_REPRESENTATION_CONTEXT(2) 
PARAMETRIC_REPRESENTATION_CONTEXT() REPRESENTATION_CONTEXT('2D SPACE',''
  ) );
#4050 = ORIENTED_EDGE('',*,*,#2517,.T.);
#4051 = ORIENTED_EDGE('',*,*,#291,.T.);
#4052 = ORIENTED_EDGE('',*,*,#4030,.T.);
#4053 = ORIENTED_EDGE('',*,*,#4054,.F.);
#4054 = EDGE_CURVE('',#3861,#3859,#4055,.T.);
#4055 = SURFACE_CURVE('',#4056,(#4109,#4165),.PCURVE_S1.);
#4056 = B_SPLINE_CURVE_WITH_KNOTS('',6,(#4057,#4058,#4059,#4060,#4061,
    #4062,#4063,#4064,#4065,#4066,#4067,#4068,#4069,#4070,#4071,#4072,
    #4073,#4074,#4075,#4076,#4077,#4078,#4079,#4080,#4081,#4082,#4083,
    #4084,#4085,#4086,#4087,#4088,#4089,#4090,#4091,#4092,#4093,#4094,
    #4095,#4096,#4097,#4098,#4099,#4100,#4101,#4102,#4103,#4104,#4105,
    #4106,#4107,#4108),.UNSPECIFIED.,.F.,.F.,(7,5,5,5,5,5,5,5,5,5,7),(0.
    ,0.10638560951,0.193906312442,0.298346769535,0.399736826726,
    0.499827172986,0.600418237569,0.701325734412,0.841475917333,
    0.934946411561,1.),.UNSPECIFIED.);
#4057 = CARTESIAN_POINT('',(-104.9,510.,205.));
#4058 = CARTESIAN_POINT('',(-104.9,509.65666938015,205.));
#4059 = CARTESIAN_POINT('',(-104.871132101,509.3163005987,
    205.01768179525));
#4060 = CARTESIAN_POINT('',(-104.8143323289,508.98390648226,
    205.05247063324));
#4061 = CARTESIAN_POINT('',(-104.7320487591,508.66434890373,
    205.10238386518));
#4062 = CARTESIAN_POINT('',(-104.6282372705,508.36210143693,
    205.16411496576));
#4063 = CARTESIAN_POINT('',(-104.4102172665,507.84985512467,
    205.2906812035));
#4064 = CARTESIAN_POINT('',(-104.3003409716,507.63118032689,
    205.35347530231));
#4065 = CARTESIAN_POINT('',(-104.1806855378,507.42486720892,
    205.42048775464));
#4066 = CARTESIAN_POINT('',(-104.0526301625,507.23060223332,
    205.49044267323));
#4067 = CARTESIAN_POINT('',(-103.9172843961,507.04799234527,
    205.5622382394));
#4068 = CARTESIAN_POINT('',(-103.606338094,506.6721228339,
    205.72163653663));
#4069 = CARTESIAN_POINT('',(-103.4278230317,506.48339843139,
    205.8097098845));
#4070 = CARTESIAN_POINT('',(-103.2413390781,506.30973363607,
    205.89753583949));
#4071 = CARTESIAN_POINT('',(-103.0478061422,506.15045347297,
    205.98376644978));
#4072 = CARTESIAN_POINT('',(-102.8477948525,506.00500502713,
    206.06719787104));
#4073 = CARTESIAN_POINT('',(-102.4414801994,505.74492706167,
    206.2238123885));
#4074 = CARTESIAN_POINT('',(-102.2354689066,505.6294811813,
    206.29724732776));
#4075 = CARTESIAN_POINT('',(-102.0242593689,505.52663983769,
    206.36575644099));
#4076 = CARTESIAN_POINT('',(-101.8083966895,505.43637075131,
    206.42819131542));
#4077 = CARTESIAN_POINT('',(-101.5883215398,505.35870749968,
    206.48349409501));
#4078 = CARTESIAN_POINT('',(-101.1433233165,505.22969724173,
    206.57734535463));
#4079 = CARTESIAN_POINT('',(-100.9184569885,505.17801400264,
    206.6161085113));
#4080 = CARTESIAN_POINT('',(-100.6908079803,505.13907510477,
    206.64595773632));
#4081 = CARTESIAN_POINT('',(-100.4612882212,505.11303894853,
    206.66613201296));
#4082 = CARTESIAN_POINT('',(-100.2307437185,505.1,206.67623529849));
#4083 = CARTESIAN_POINT('',(-99.76810194825,505.1,206.67623529849));
#4084 = CARTESIAN_POINT('',(-99.53640789229,505.11316973181,
    206.6660306752));
#4085 = CARTESIAN_POINT('',(-99.30575402322,505.1394662434,
    206.64565465954));
#4086 = CARTESIAN_POINT('',(-99.07699756786,505.17879343772,
    206.6155110702));
#4087 = CARTESIAN_POINT('',(-98.85106320987,505.23099050921,
    206.57637551719));
#4088 = CARTESIAN_POINT('',(-98.4062100127,505.36063819954,
    206.48211955836));
#4089 = CARTESIAN_POINT('',(-98.1872670502,505.43818145076,
    206.42693876893));
#4090 = CARTESIAN_POINT('',(-97.97250501233,505.52820927551,
    206.36471007996));
#4091 = CARTESIAN_POINT('',(-97.76235779081,505.63068940733,
    206.29647689959));
#4092 = CARTESIAN_POINT('',(-97.55736188148,505.74565462076,
    206.22337101795));
#4093 = CARTESIAN_POINT('',(-97.08152024456,506.05026865386,
    206.03994540005));
#4094 = CARTESIAN_POINT('',(-96.81614150481,506.25152908033,
    205.92623771552));
#4095 = CARTESIAN_POINT('',(-96.56260219067,506.47784882088,
    205.80823002672));
#4096 = CARTESIAN_POINT('',(-96.32239433634,506.73083994334,
    205.68878009202));
#4097 = CARTESIAN_POINT('',(-96.09833517496,507.01242146805,
    205.57141266506));
#4098 = CARTESIAN_POINT('',(-95.75944524696,507.53233908039,
    205.38689481641));
#4099 = CARTESIAN_POINT('',(-95.63265376856,507.75451113974,
    205.31580142983));
#4100 = CARTESIAN_POINT('',(-95.51659719836,507.99081119162,
    205.24908465612));
#4101 = CARTESIAN_POINT('',(-95.41330808624,508.24104579156,
    205.18852527837));
#4102 = CARTESIAN_POINT('',(-95.32496472313,508.50480629758,
    205.13598523872));
#4103 = CARTESIAN_POINT('',(-95.20451247556,508.97393682816,
    205.06368236305));
#4104 = CARTESIAN_POINT('',(-95.16349858801,509.1725791141,
    205.0388260805));
#4105 = CARTESIAN_POINT('',(-95.13197906681,509.37596604949,
    205.0195871678));
#4106 = CARTESIAN_POINT('',(-95.1106808241,509.58265400858,
    205.00654200757));
#4107 = CARTESIAN_POINT('',(-95.1,509.79116208181,205.));
#4108 = CARTESIAN_POINT('',(-95.1,510.,205.));
#4109 = PCURVE('',#415,#4110);
#4110 = DEFINITIONAL_REPRESENTATION('',(#4111),#4164);
#4111 = B_SPLINE_CURVE_WITH_KNOTS('',6,(#4112,#4113,#4114,#4115,#4116,
    #4117,#4118,#4119,#4120,#4121,#4122,#4123,#4124,#4125,#4126,#4127,
    #4128,#4129,#4130,#4131,#4132,#4133,#4134,#4135,#4136,#4137,#4138,
    #4139,#4140,#4141,#4142,#4143,#4144,#4145,#4146,#4147,#4148,#4149,
    #4150,#4151,#4152,#4153,#4154,#4155,#4156,#4157,#4158,#4159,#4160,
    #4161,#4162,#4163),.UNSPECIFIED.,.F.,.F.,(7,5,5,5,5,5,5,5,5,5,7),(0.
    ,0.10638560951,0.193906312442,0.298346769535,0.399736826726,
    0.499827172986,0.600418237569,0.701325734412,0.841475917333,
    0.934946411561,1.),.UNSPECIFIED.);
#4112 = CARTESIAN_POINT('',(3.14159265359,5.));
#4113 = CARTESIAN_POINT('',(3.211660127029,5.));
#4114 = CARTESIAN_POINT('',(3.281123109955,5.017681795252));
#4115 = CARTESIAN_POINT('',(3.34957803474,5.052470633248));
#4116 = CARTESIAN_POINT('',(3.416597259992,5.102383865185));
#4117 = CARTESIAN_POINT('',(3.481650435284,5.164114965768));
#4118 = CARTESIAN_POINT('',(3.595265267656,5.290681203505));
#4119 = CARTESIAN_POINT('',(3.645109845116,5.35347530231));
#4120 = CARTESIAN_POINT('',(3.69365735129,5.420487754647));
#4121 = CARTESIAN_POINT('',(3.741031587335,5.490442673237));
#4122 = CARTESIAN_POINT('',(3.787353229618,5.562238239406));
#4123 = CARTESIAN_POINT('',(3.886907733402,5.721636536634));
#4124 = CARTESIAN_POINT('',(3.939806841599,5.809709884501));
#4125 = CARTESIAN_POINT('',(3.991659573983,5.897535839495));
#4126 = CARTESIAN_POINT('',(4.042674225848,5.983766449783));
#4127 = CARTESIAN_POINT('',(4.09305551327,6.067197871048));
#4128 = CARTESIAN_POINT('',(4.191509227892,6.223812388502));
#4129 = CARTESIAN_POINT('',(4.239621032047,6.297247327761));
#4130 = CARTESIAN_POINT('',(4.28744503498,6.365756440992));
#4131 = CARTESIAN_POINT('',(4.335079784615,6.428191315426));
#4132 = CARTESIAN_POINT('',(4.382630160999,6.483494095015));
#4133 = CARTESIAN_POINT('',(4.477185624877,6.577345354636));
#4134 = CARTESIAN_POINT('',(4.524198723822,6.616108511308));
#4135 = CARTESIAN_POINT('',(4.571219718048,6.645957736324));
#4136 = CARTESIAN_POINT('',(4.618248547724,6.666132012968));
#4137 = CARTESIAN_POINT('',(4.665298425576,6.676235298495));
#4138 = CARTESIAN_POINT('',(4.759715113393,6.676235298495));
#4139 = CARTESIAN_POINT('',(4.806999593286,6.666030675209));
#4140 = CARTESIAN_POINT('',(4.854262712222,6.64565465954));
#4141 = CARTESIAN_POINT('',(4.901518157762,6.615511070201));
#4142 = CARTESIAN_POINT('',(4.948766080617,6.57637551719));
#4143 = CARTESIAN_POINT('',(5.04332943424,6.482119558362));
#4144 = CARTESIAN_POINT('',(5.090654905874,6.426938768933));
#4145 = CARTESIAN_POINT('',(5.138065073251,6.364710079964));
#4146 = CARTESIAN_POINT('',(5.185663551858,6.296476899592));
#4147 = CARTESIAN_POINT('',(5.233547809315,6.223371017956));
#4148 = CARTESIAN_POINT('',(5.348852120766,6.039945400056));
#4149 = CARTESIAN_POINT('',(5.41661028413,5.926237715524));
#4150 = CARTESIAN_POINT('',(5.485631964497,5.80823002672));
#4151 = CARTESIAN_POINT('',(5.556442943616,5.688780092021));
#4152 = CARTESIAN_POINT('',(5.629554050901,5.571412665068));
#4153 = CARTESIAN_POINT('',(5.756209799904,5.386894816415));
#4154 = CARTESIAN_POINT('',(5.808323698246,5.315801429839));
#4155 = CARTESIAN_POINT('',(5.861892110215,5.24908465612));
#4156 = CARTESIAN_POINT('',(5.91695353909,5.18852527837));
#4157 = CARTESIAN_POINT('',(5.973575150547,5.135985238722));
#4158 = CARTESIAN_POINT('',(6.072421515477,5.063682363055));
#4159 = CARTESIAN_POINT('',(6.113768720198,5.038826080508));
#4160 = CARTESIAN_POINT('',(6.155692080229,5.019587167807));
#4161 = CARTESIAN_POINT('',(6.198012657554,5.006542007577));
#4162 = CARTESIAN_POINT('',(6.240565323876,5.));
#4163 = CARTESIAN_POINT('',(6.28318530718,5.));
#4164 = ( GEOMETRIC_REPRESENTATION_CONTEXT(2) 
PARAMETRIC_REPRESENTATION_CONTEXT() REPRESENTATION_CONTEXT('2D SPACE',''
  ) );
#4165 = PCURVE('',#3602,#4166);
#4166 = DEFINITIONAL_REPRESENTATION('',(#4167),#4220);
#4167 = B_SPLINE_CURVE_WITH_KNOTS('',6,(#4168,#4169,#4170,#4171,#4172,
    #4173,#4174,#4175,#4176,#4177,#4178,#4179,#4180,#4181,#4182,#4183,
    #4184,#4185,#4186,#4187,#4188,#4189,#4190,#4191,#4192,#4193,#4194,
    #4195,#4196,#4197,#4198,#4199,#4200,#4201,#4202,#4203,#4204,#4205,
    #4206,#4207,#4208,#4209,#4210,#4211,#4212,#4213,#4214,#4215,#4216,
    #4217,#4218,#4219),.UNSPECIFIED.,.F.,.F.,(7,5,5,5,5,5,5,5,5,5,7),(0.
    ,0.10638560951,0.193906312442,0.298346769535,0.399736826726,
    0.499827172986,0.600418237569,0.701325734412,0.841475917333,
    0.934946411561,1.),.UNSPECIFIED.);
#4168 = CARTESIAN_POINT('',(6.28318530718,72.1));
#4169 = CARTESIAN_POINT('',(6.240268979698,72.1));
#4170 = CARTESIAN_POINT('',(6.197722815093,72.128867898903));
#4171 = CARTESIAN_POINT('',(6.156031596184,72.185667671036));
#4172 = CARTESIAN_POINT('',(6.11567147894,72.267951240891));
#4173 = CARTESIAN_POINT('',(6.077142567724,72.371762729478));
#4174 = CARTESIAN_POINT('',(6.01118622599,72.589782733411));
#4175 = CARTESIAN_POINT('',(5.982767103425,72.699659028305));
#4176 = CARTESIAN_POINT('',(5.955674102631,72.819314462106));
#4177 = CARTESIAN_POINT('',(5.929881514327,72.94736983746));
#4178 = CARTESIAN_POINT('',(5.905363039606,73.082715603847));
#4179 = CARTESIAN_POINT('',(5.854329088478,73.393661905947));
#4180 = CARTESIAN_POINT('',(5.82831244917,73.572176968239));
#4181 = CARTESIAN_POINT('',(5.804002819337,73.758660921879));
#4182 = CARTESIAN_POINT('',(5.781372984158,73.952193857758));
#4183 = CARTESIAN_POINT('',(5.760417998613,74.152205147411));
#4184 = CARTESIAN_POINT('',(5.722468884824,74.558519800571));
#4185 = CARTESIAN_POINT('',(5.705371194827,74.764531093365));
#4186 = CARTESIAN_POINT('',(5.689929105697,74.975740631007));
#4187 = CARTESIAN_POINT('',(5.676211529446,75.191603310433));
#4188 = CARTESIAN_POINT('',(5.664294473128,75.411678460183));
#4189 = CARTESIAN_POINT('',(5.644352484765,75.856676683417));
#4190 = CARTESIAN_POINT('',(5.636277789616,76.081543011409));
#4191 = CARTESIAN_POINT('',(5.630145015326,76.309192019611));
#4192 = CARTESIAN_POINT('',(5.62602779413,76.538711778748));
#4193 = CARTESIAN_POINT('',(5.623965903768,76.769256281439));
#4194 = CARTESIAN_POINT('',(5.623965903768,77.231898051741));
#4195 = CARTESIAN_POINT('',(5.626048475131,77.46359210771));
#4196 = CARTESIAN_POINT('',(5.630206868374,77.694245976779));
#4197 = CARTESIAN_POINT('',(5.636400544615,77.923002432135));
#4198 = CARTESIAN_POINT('',(5.644554527587,78.148936790129));
#4199 = CARTESIAN_POINT('',(5.66459070946,78.593789987299));
#4200 = CARTESIAN_POINT('',(5.676486701873,78.812732949797));
#4201 = CARTESIAN_POINT('',(5.690164825569,79.027494987665));
#4202 = CARTESIAN_POINT('',(5.705550263403,79.237642209182));
#4203 = CARTESIAN_POINT('',(5.722575255521,79.442638118517));
#4204 = CARTESIAN_POINT('',(5.76702232138,79.918479755432));
#4205 = CARTESIAN_POINT('',(5.795906299962,80.183858495185));
#4206 = CARTESIAN_POINT('',(5.82778193734,80.437397809327));
#4207 = CARTESIAN_POINT('',(5.862705811362,80.677605663652));
#4208 = CARTESIAN_POINT('',(5.900783333651,80.901664825039));
#4209 = CARTESIAN_POINT('',(5.969744504802,81.240554753031));
#4210 = CARTESIAN_POINT('',(5.998888934251,81.367346231434));
#4211 = CARTESIAN_POINT('',(6.029552312139,81.483402801632));
#4212 = CARTESIAN_POINT('',(6.061696917985,81.586691913757));
#4213 = CARTESIAN_POINT('',(6.095282577964,81.675035276867));
#4214 = CARTESIAN_POINT('',(6.154616268931,81.795487524438));
#4215 = CARTESIAN_POINT('',(6.179630081434,81.836501411985));
#4216 = CARTESIAN_POINT('',(6.205149058662,81.868020933185));
#4217 = CARTESIAN_POINT('',(6.231017054134,81.889319175892));
#4218 = CARTESIAN_POINT('',(6.257080567406,81.9));
#4219 = CARTESIAN_POINT('',(6.28318530718,81.9));
#4220 = ( GEOMETRIC_REPRESENTATION_CONTEXT(2) 
PARAMETRIC_REPRESENTATION_CONTEXT() REPRESENTATION_CONTEXT('2D SPACE',''
  ) );
#4221 = ADVANCED_FACE('',(#4222),#628,.F.);
#4222 = FACE_BOUND('',#4223,.F.);
#4223 = EDGE_LOOP('',(#4224,#4396,#4417,#4418,#4419,#4420));
#4224 = ORIENTED_EDGE('',*,*,#4225,.F.);
#4225 = EDGE_CURVE('',#4226,#4228,#4230,.T.);
#4226 = VERTEX_POINT('',#4227);
#4227 = CARTESIAN_POINT('',(-45.1,510.,205.));
#4228 = VERTEX_POINT('',#4229);
#4229 = CARTESIAN_POINT('',(-54.9,510.,205.));
#4230 = SURFACE_CURVE('',#4231,(#4284,#4340),.PCURVE_S1.);
#4231 = B_SPLINE_CURVE_WITH_KNOTS('',6,(#4232,#4233,#4234,#4235,#4236,
    #4237,#4238,#4239,#4240,#4241,#4242,#4243,#4244,#4245,#4246,#4247,
    #4248,#4249,#4250,#4251,#4252,#4253,#4254,#4255,#4256,#4257,#4258,
    #4259,#4260,#4261,#4262,#4263,#4264,#4265,#4266,#4267,#4268,#4269,
    #4270,#4271,#4272,#4273,#4274,#4275,#4276,#4277,#4278,#4279,#4280,
    #4281,#4282,#4283),.UNSPECIFIED.,.F.,.F.,(7,5,5,5,5,5,5,5,5,5,7),(0.
    ,0.106385609591,0.193906312574,0.298346769708,0.399736826939,
    0.499827173238,0.60041823786,0.701325734741,0.841475917715,
    0.934946411793,1.),.UNSPECIFIED.);
#4232 = CARTESIAN_POINT('',(-45.1,510.,205.));
#4233 = CARTESIAN_POINT('',(-45.1,510.34333061985,205.));
#4234 = CARTESIAN_POINT('',(-45.1288678989,510.68369940129,
    205.01768179525));
#4235 = CARTESIAN_POINT('',(-45.18566767103,511.01609351773,
    205.05247063324));
#4236 = CARTESIAN_POINT('',(-45.26795124089,511.33565109626,
    205.10238386518));
#4237 = CARTESIAN_POINT('',(-45.37176272947,511.63789856306,
    205.16411496576));
#4238 = CARTESIAN_POINT('',(-45.58978273339,512.15014487528,
    205.29068120349));
#4239 = CARTESIAN_POINT('',(-45.6996590283,512.36881967311,
    205.3534753023));
#4240 = CARTESIAN_POINT('',(-45.81931446212,512.5751327911,
    205.42048775465));
#4241 = CARTESIAN_POINT('',(-45.94736983747,512.76939776668,
    205.49044267324));
#4242 = CARTESIAN_POINT('',(-46.08271560382,512.95200765469,
    205.56223823939));
#4243 = CARTESIAN_POINT('',(-46.39366190594,513.32787716609,
    205.72163653663));
#4244 = CARTESIAN_POINT('',(-46.57217696823,513.5166015686,
    205.8097098845));
#4245 = CARTESIAN_POINT('',(-46.75866092187,513.69026636392,
    205.89753583949));
#4246 = CARTESIAN_POINT('',(-46.95219385775,513.84954652702,
    205.98376644978));
#4247 = CARTESIAN_POINT('',(-47.15220514741,513.99499497286,
    206.06719787104));
#4248 = CARTESIAN_POINT('',(-47.55851980057,514.25507293832,
    206.2238123885));
#4249 = CARTESIAN_POINT('',(-47.76453109336,514.37051881869,
    206.29724732776));
#4250 = CARTESIAN_POINT('',(-47.975740631,514.47336016231,
    206.36575644099));
#4251 = CARTESIAN_POINT('',(-48.19160331043,514.56362924868,
    206.42819131542));
#4252 = CARTESIAN_POINT('',(-48.41167846018,514.64129250031,
    206.48349409501));
#4253 = CARTESIAN_POINT('',(-48.85667668341,514.77030275827,
    206.57734535463));
#4254 = CARTESIAN_POINT('',(-49.0815430114,514.82198599735,
    206.6161085113));
#4255 = CARTESIAN_POINT('',(-49.30919201961,514.86092489522,
    206.64595773632));
#4256 = CARTESIAN_POINT('',(-49.53871177874,514.88696105147,
    206.66613201296));
#4257 = CARTESIAN_POINT('',(-49.76925628143,514.9,206.67623529849));
#4258 = CARTESIAN_POINT('',(-50.23189805174,514.9,206.67623529849));
#4259 = CARTESIAN_POINT('',(-50.46359210771,514.88683026818,
    206.6660306752));
#4260 = CARTESIAN_POINT('',(-50.69424597678,514.86053375659,
    206.64565465953));
#4261 = CARTESIAN_POINT('',(-50.92300243213,514.82120656227,
    206.6155110702));
#4262 = CARTESIAN_POINT('',(-51.14893679012,514.76900949078,
    206.57637551719));
#4263 = CARTESIAN_POINT('',(-51.59378998729,514.63936180045,
    206.48211955836));
#4264 = CARTESIAN_POINT('',(-51.81273294979,514.56181854924,
    206.42693876893));
#4265 = CARTESIAN_POINT('',(-52.02749498766,514.47179072448,
    206.36471007996));
#4266 = CARTESIAN_POINT('',(-52.23764220918,514.36931059266,
    206.29647689959));
#4267 = CARTESIAN_POINT('',(-52.44263811851,514.25434537923,
    206.22337101795));
#4268 = CARTESIAN_POINT('',(-52.91847975543,513.94973134613,
    206.03994540005));
#4269 = CARTESIAN_POINT('',(-53.18385849518,513.74847091966,
    205.92623771552));
#4270 = CARTESIAN_POINT('',(-53.43739780932,513.52215117911,
    205.80823002672));
#4271 = CARTESIAN_POINT('',(-53.67760566365,513.26916005665,
    205.68878009202));
#4272 = CARTESIAN_POINT('',(-53.90166482503,512.98757853194,
    205.57141266506));
#4273 = CARTESIAN_POINT('',(-54.24055475276,512.46766092001,
    205.38689481656));
#4274 = CARTESIAN_POINT('',(-54.3673462316,512.24548886009,
    205.31580142974));
#4275 = CARTESIAN_POINT('',(-54.48340280183,512.0091888079,205.249084656
    ));
#4276 = CARTESIAN_POINT('',(-54.58669191369,511.75895420834,
    205.18852527839));
#4277 = CARTESIAN_POINT('',(-54.67503527672,511.49519370296,
    205.1359852388));
#4278 = CARTESIAN_POINT('',(-54.79548752443,511.02606317183,
    205.06368236305));
#4279 = CARTESIAN_POINT('',(-54.83650141198,510.82742088589,
    205.0388260805));
#4280 = CARTESIAN_POINT('',(-54.86802093318,510.6240339505,
    205.0195871678));
#4281 = CARTESIAN_POINT('',(-54.88931917589,510.41734599141,
    205.00654200757));
#4282 = CARTESIAN_POINT('',(-54.9,510.20883791818,205.));
#4283 = CARTESIAN_POINT('',(-54.9,510.,205.));
#4284 = PCURVE('',#628,#4285);
#4285 = DEFINITIONAL_REPRESENTATION('',(#4286),#4339);
#4286 = B_SPLINE_CURVE_WITH_KNOTS('',6,(#4287,#4288,#4289,#4290,#4291,
    #4292,#4293,#4294,#4295,#4296,#4297,#4298,#4299,#4300,#4301,#4302,
    #4303,#4304,#4305,#4306,#4307,#4308,#4309,#4310,#4311,#4312,#4313,
    #4314,#4315,#4316,#4317,#4318,#4319,#4320,#4321,#4322,#4323,#4324,
    #4325,#4326,#4327,#4328,#4329,#4330,#4331,#4332,#4333,#4334,#4335,
    #4336,#4337,#4338),.UNSPECIFIED.,.F.,.F.,(7,5,5,5,5,5,5,5,5,5,7),(0.
    ,0.106385609591,0.193906312574,0.298346769708,0.399736826939,
    0.499827173238,0.60041823786,0.701325734741,0.841475917715,
    0.934946411793,1.),.UNSPECIFIED.);
#4287 = CARTESIAN_POINT('',(0.,5.));
#4288 = CARTESIAN_POINT('',(7.006747343876E-02,5.));
#4289 = CARTESIAN_POINT('',(0.139530456365,5.017681795252));
#4290 = CARTESIAN_POINT('',(0.20798538115,5.052470633248));
#4291 = CARTESIAN_POINT('',(0.275004606402,5.102383865185));
#4292 = CARTESIAN_POINT('',(0.340057781694,5.164114965768));
#4293 = CARTESIAN_POINT('',(0.453672614057,5.290681203494));
#4294 = CARTESIAN_POINT('',(0.503517191527,5.353475302309));
#4295 = CARTESIAN_POINT('',(0.552064697709,5.420487754659));
#4296 = CARTESIAN_POINT('',(0.599438933748,5.490442673243));
#4297 = CARTESIAN_POINT('',(0.645760576019,5.562238239392));
#4298 = CARTESIAN_POINT('',(0.745315079813,5.721636536634));
#4299 = CARTESIAN_POINT('',(0.79821418801,5.809709884501));
#4300 = CARTESIAN_POINT('',(0.850066920394,5.897535839495));
#4301 = CARTESIAN_POINT('',(0.901081572258,5.983766449784));
#4302 = CARTESIAN_POINT('',(0.95146285968,6.067197871048));
#4303 = CARTESIAN_POINT('',(1.049916574303,6.223812388502));
#4304 = CARTESIAN_POINT('',(1.098028378457,6.297247327761));
#4305 = CARTESIAN_POINT('',(1.14585238139,6.365756440992));
#4306 = CARTESIAN_POINT('',(1.193487131026,6.428191315426));
#4307 = CARTESIAN_POINT('',(1.241037507409,6.483494095015));
#4308 = CARTESIAN_POINT('',(1.335592971288,6.577345354636));
#4309 = CARTESIAN_POINT('',(1.382606070232,6.616108511308));
#4310 = CARTESIAN_POINT('',(1.429627064458,6.645957736324));
#4311 = CARTESIAN_POINT('',(1.476655894134,6.666132012968));
#4312 = CARTESIAN_POINT('',(1.523705771987,6.676235298495));
#4313 = CARTESIAN_POINT('',(1.618122459803,6.676235298495));
#4314 = CARTESIAN_POINT('',(1.665406939696,6.666030675209));
#4315 = CARTESIAN_POINT('',(1.712670058633,6.645654659539));
#4316 = CARTESIAN_POINT('',(1.759925504172,6.615511070201));
#4317 = CARTESIAN_POINT('',(1.807173427027,6.57637551719));
#4318 = CARTESIAN_POINT('',(1.90173678065,6.482119558363));
#4319 = CARTESIAN_POINT('',(1.949062252284,6.426938768933));
#4320 = CARTESIAN_POINT('',(1.996472419662,6.364710079964));
#4321 = CARTESIAN_POINT('',(2.044070898269,6.296476899592));
#4322 = CARTESIAN_POINT('',(2.091955155725,6.223371017957));
#4323 = CARTESIAN_POINT('',(2.207259467176,6.039945400055));
#4324 = CARTESIAN_POINT('',(2.27501763054,5.926237715524));
#4325 = CARTESIAN_POINT('',(2.344039310908,5.80823002672));
#4326 = CARTESIAN_POINT('',(2.414850290026,5.688780092021));
#4327 = CARTESIAN_POINT('',(2.487961397312,5.571412665068));
#4328 = CARTESIAN_POINT('',(2.614617146214,5.386894816561));
#4329 = CARTESIAN_POINT('',(2.6667310447,5.315801429748));
#4330 = CARTESIAN_POINT('',(2.720299456732,5.249084656003));
#4331 = CARTESIAN_POINT('',(2.775360885513,5.188525278397));
#4332 = CARTESIAN_POINT('',(2.831982496843,5.135985238805));
#4333 = CARTESIAN_POINT('',(2.930828861887,5.063682363055));
#4334 = CARTESIAN_POINT('',(2.972176066608,5.038826080508));
#4335 = CARTESIAN_POINT('',(3.014099426639,5.019587167807));
#4336 = CARTESIAN_POINT('',(3.056420003964,5.006542007577));
#4337 = CARTESIAN_POINT('',(3.098972670286,5.));
#4338 = CARTESIAN_POINT('',(3.14159265359,5.));
#4339 = ( GEOMETRIC_REPRESENTATION_CONTEXT(2) 
PARAMETRIC_REPRESENTATION_CONTEXT() REPRESENTATION_CONTEXT('2D SPACE',''
  ) );
#4340 = PCURVE('',#3602,#4341);
#4341 = DEFINITIONAL_REPRESENTATION('',(#4342),#4395);
#4342 = B_SPLINE_CURVE_WITH_KNOTS('',6,(#4343,#4344,#4345,#4346,#4347,
    #4348,#4349,#4350,#4351,#4352,#4353,#4354,#4355,#4356,#4357,#4358,
    #4359,#4360,#4361,#4362,#4363,#4364,#4365,#4366,#4367,#4368,#4369,
    #4370,#4371,#4372,#4373,#4374,#4375,#4376,#4377,#4378,#4379,#4380,
    #4381,#4382,#4383,#4384,#4385,#4386,#4387,#4388,#4389,#4390,#4391,
    #4392,#4393,#4394),.UNSPECIFIED.,.F.,.F.,(7,5,5,5,5,5,5,5,5,5,7),(0.
    ,0.106385609591,0.193906312574,0.298346769708,0.399736826939,
    0.499827173238,0.60041823786,0.701325734741,0.841475917715,
    0.934946411793,1.),.UNSPECIFIED.);
#4343 = CARTESIAN_POINT('',(0.,131.9));
#4344 = CARTESIAN_POINT('',(4.291632748124E-02,131.9));
#4345 = CARTESIAN_POINT('',(8.546249208674E-02,131.87113210109));
#4346 = CARTESIAN_POINT('',(0.127153710995,131.81433232896));
#4347 = CARTESIAN_POINT('',(0.16751382824,131.7320487591));
#4348 = CARTESIAN_POINT('',(0.206042739456,131.62823727052));
#4349 = CARTESIAN_POINT('',(0.271999081185,131.4102172666));
#4350 = CARTESIAN_POINT('',(0.300418203756,131.30034097169));
#4351 = CARTESIAN_POINT('',(0.327511204553,131.18068553787));
#4352 = CARTESIAN_POINT('',(0.353303792854,131.05263016252));
#4353 = CARTESIAN_POINT('',(0.377822267569,130.91728439618));
#4354 = CARTESIAN_POINT('',(0.428856218702,130.60633809405));
#4355 = CARTESIAN_POINT('',(0.45487285801,130.42782303176));
#4356 = CARTESIAN_POINT('',(0.479182487843,130.24133907812));
#4357 = CARTESIAN_POINT('',(0.501812323022,130.04780614224));
#4358 = CARTESIAN_POINT('',(0.522767308566,129.84779485258));
#4359 = CARTESIAN_POINT('',(0.560716422356,129.44148019942));
#4360 = CARTESIAN_POINT('',(0.577814112353,129.23546890663));
#4361 = CARTESIAN_POINT('',(0.593256201483,129.02425936899));
#4362 = CARTESIAN_POINT('',(0.606973777734,128.80839668956));
#4363 = CARTESIAN_POINT('',(0.618890834052,128.58832153981));
#4364 = CARTESIAN_POINT('',(0.638832822414,128.14332331658));
#4365 = CARTESIAN_POINT('',(0.646907517563,127.91845698859));
#4366 = CARTESIAN_POINT('',(0.653040291854,127.69080798039));
#4367 = CARTESIAN_POINT('',(0.657157513049,127.46128822125));
#4368 = CARTESIAN_POINT('',(0.659219403412,127.23074371856));
#4369 = CARTESIAN_POINT('',(0.659219403412,126.76810194826));
#4370 = CARTESIAN_POINT('',(0.657136832048,126.53640789229));
#4371 = CARTESIAN_POINT('',(0.652978438806,126.30575402322));
#4372 = CARTESIAN_POINT('',(0.646784762565,126.07699756786));
#4373 = CARTESIAN_POINT('',(0.638630779593,125.85106320987));
#4374 = CARTESIAN_POINT('',(0.618594597719,125.4062100127));
#4375 = CARTESIAN_POINT('',(0.606698605307,125.1872670502));
#4376 = CARTESIAN_POINT('',(0.593020481611,124.97250501233));
#4377 = CARTESIAN_POINT('',(0.577635043776,124.76235779081));
#4378 = CARTESIAN_POINT('',(0.560610051659,124.55736188148));
#4379 = CARTESIAN_POINT('',(0.516162985799,124.08152024456));
#4380 = CARTESIAN_POINT('',(0.487279007217,123.81614150481));
#4381 = CARTESIAN_POINT('',(0.455403369839,123.56260219067));
#4382 = CARTESIAN_POINT('',(0.420479495817,123.32239433634));
#4383 = CARTESIAN_POINT('',(0.382401973529,123.09833517496));
#4384 = CARTESIAN_POINT('',(0.313440802433,122.75944524723));
#4385 = CARTESIAN_POINT('',(0.284296372907,122.63265376839));
#4386 = CARTESIAN_POINT('',(0.25363299498,122.51659719816));
#4387 = CARTESIAN_POINT('',(0.221488389184,122.4133080863));
#4388 = CARTESIAN_POINT('',(0.187902729284,122.32496472327));
#4389 = CARTESIAN_POINT('',(0.128569038248,122.20451247556));
#4390 = CARTESIAN_POINT('',(0.103555225746,122.16349858801));
#4391 = CARTESIAN_POINT('',(7.803624851791E-02,122.13197906681));
#4392 = CARTESIAN_POINT('',(5.216825304603E-02,122.1106808241));
#4393 = CARTESIAN_POINT('',(2.610473977359E-02,122.1));
#4394 = CARTESIAN_POINT('',(0.,122.1));
#4395 = ( GEOMETRIC_REPRESENTATION_CONTEXT(2) 
PARAMETRIC_REPRESENTATION_CONTEXT() REPRESENTATION_CONTEXT('2D SPACE',''
  ) );
#4396 = ORIENTED_EDGE('',*,*,#4397,.F.);
#4397 = EDGE_CURVE('',#505,#4226,#4398,.T.);
#4398 = SEAM_CURVE('',#4399,(#4403,#4410),.PCURVE_S1.);
#4399 = LINE('',#4400,#4401);
#4400 = CARTESIAN_POINT('',(-45.1,510.,200.));
#4401 = VECTOR('',#4402,1.);
#4402 = DIRECTION('',(0.,0.,1.));
#4403 = PCURVE('',#628,#4404);
#4404 = DEFINITIONAL_REPRESENTATION('',(#4405),#4409);
#4405 = LINE('',#4406,#4407);
#4406 = CARTESIAN_POINT('',(6.28318530718,-0.));
#4407 = VECTOR('',#4408,1.);
#4408 = DIRECTION('',(0.,1.));
#4409 = ( GEOMETRIC_REPRESENTATION_CONTEXT(2) 
PARAMETRIC_REPRESENTATION_CONTEXT() REPRESENTATION_CONTEXT('2D SPACE',''
  ) );
#4410 = PCURVE('',#628,#4411);
#4411 = DEFINITIONAL_REPRESENTATION('',(#4412),#4416);
#4412 = LINE('',#4413,#4414);
#4413 = CARTESIAN_POINT('',(0.,-0.));
#4414 = VECTOR('',#4415,1.);
#4415 = DIRECTION('',(0.,1.));
#4416 = ( GEOMETRIC_REPRESENTATION_CONTEXT(2) 
PARAMETRIC_REPRESENTATION_CONTEXT() REPRESENTATION_CONTEXT('2D SPACE',''
  ) );
#4417 = ORIENTED_EDGE('',*,*,#2333,.T.);
#4418 = ORIENTED_EDGE('',*,*,#504,.T.);
#4419 = ORIENTED_EDGE('',*,*,#4397,.T.);
#4420 = ORIENTED_EDGE('',*,*,#4421,.F.);
#4421 = EDGE_CURVE('',#4228,#4226,#4422,.T.);
#4422 = SURFACE_CURVE('',#4423,(#4476,#4532),.PCURVE_S1.);
#4423 = B_SPLINE_CURVE_WITH_KNOTS('',6,(#4424,#4425,#4426,#4427,#4428,
    #4429,#4430,#4431,#4432,#4433,#4434,#4435,#4436,#4437,#4438,#4439,
    #4440,#4441,#4442,#4443,#4444,#4445,#4446,#4447,#4448,#4449,#4450,
    #4451,#4452,#4453,#4454,#4455,#4456,#4457,#4458,#4459,#4460,#4461,
    #4462,#4463,#4464,#4465,#4466,#4467,#4468,#4469,#4470,#4471,#4472,
    #4473,#4474,#4475),.UNSPECIFIED.,.F.,.F.,(7,5,5,5,5,5,5,5,5,5,7),(0.
    ,0.106385611218,0.193906315539,0.298346764024,0.39973682201,
    0.499827169056,0.600418234428,0.701325732063,0.841475916082,
    0.934946411044,1.),.UNSPECIFIED.);
#4424 = CARTESIAN_POINT('',(-54.9,510.,205.));
#4425 = CARTESIAN_POINT('',(-54.9,509.65666938015,205.));
#4426 = CARTESIAN_POINT('',(-54.87113210109,509.3163005987,
    205.01768179525));
#4427 = CARTESIAN_POINT('',(-54.81433232896,508.98390648226,
    205.05247063324));
#4428 = CARTESIAN_POINT('',(-54.7320487591,508.66434890373,
    205.10238386518));
#4429 = CARTESIAN_POINT('',(-54.62823727052,508.36210143693,
    205.16411496576));
#4430 = CARTESIAN_POINT('',(-54.4102172666,507.84985512472,
    205.29068120349));
#4431 = CARTESIAN_POINT('',(-54.30034097169,507.63118032688,
    205.3534753023));
#4432 = CARTESIAN_POINT('',(-54.18068553787,507.42486720889,
    205.42048775465));
#4433 = CARTESIAN_POINT('',(-54.05263016252,507.23060223331,
    205.49044267324));
#4434 = CARTESIAN_POINT('',(-53.91728439618,507.0479923453,
    205.56223823939));
#4435 = CARTESIAN_POINT('',(-53.60633811065,506.67212285396,
    205.72163652812));
#4436 = CARTESIAN_POINT('',(-53.42782300361,506.48339840509,
    205.80970989727));
#4437 = CARTESIAN_POINT('',(-53.241339079,506.30973363225,
    205.89753584013));
#4438 = CARTESIAN_POINT('',(-53.04780617075,506.15045349743,
    205.98376643733));
#4439 = CARTESIAN_POINT('',(-52.84779483397,506.00500501521,
    206.06719787822));
#4440 = CARTESIAN_POINT('',(-52.44148019942,505.74492706167,
    206.2238123885));
#4441 = CARTESIAN_POINT('',(-52.23546890663,505.6294811813,
    206.29724732776));
#4442 = CARTESIAN_POINT('',(-52.02425936899,505.52663983769,
    206.36575644099));
#4443 = CARTESIAN_POINT('',(-51.80839668956,505.43637075131,
    206.42819131542));
#4444 = CARTESIAN_POINT('',(-51.58832153981,505.35870749968,
    206.48349409501));
#4445 = CARTESIAN_POINT('',(-51.14332331658,505.22969724173,
    206.57734535463));
#4446 = CARTESIAN_POINT('',(-50.91845698859,505.17801400264,
    206.6161085113));
#4447 = CARTESIAN_POINT('',(-50.69080798038,505.13907510477,
    206.64595773632));
#4448 = CARTESIAN_POINT('',(-50.46128822125,505.11303894853,
    206.66613201296));
#4449 = CARTESIAN_POINT('',(-50.23074371856,505.1,206.67623529849));
#4450 = CARTESIAN_POINT('',(-49.76810194826,505.1,206.67623529849));
#4451 = CARTESIAN_POINT('',(-49.53640789229,505.11316973181,
    206.6660306752));
#4452 = CARTESIAN_POINT('',(-49.30575402322,505.1394662434,
    206.64565465953));
#4453 = CARTESIAN_POINT('',(-49.07699756786,505.17879343772,
    206.6155110702));
#4454 = CARTESIAN_POINT('',(-48.85106320987,505.23099050921,
    206.57637551719));
#4455 = CARTESIAN_POINT('',(-48.4062100127,505.36063819954,
    206.48211955836));
#4456 = CARTESIAN_POINT('',(-48.1872670502,505.43818145076,
    206.42693876893));
#4457 = CARTESIAN_POINT('',(-47.97250501233,505.52820927551,
    206.36471007996));
#4458 = CARTESIAN_POINT('',(-47.76235779081,505.63068940733,
    206.29647689959));
#4459 = CARTESIAN_POINT('',(-47.55736188148,505.74565462076,
    206.22337101795));
#4460 = CARTESIAN_POINT('',(-47.08152024456,506.05026865386,
    206.03994540005));
#4461 = CARTESIAN_POINT('',(-46.81614150481,506.25152908033,
    205.92623771552));
#4462 = CARTESIAN_POINT('',(-46.56260219067,506.47784882088,
    205.80823002672));
#4463 = CARTESIAN_POINT('',(-46.32239433634,506.73083994334,
    205.68878009202));
#4464 = CARTESIAN_POINT('',(-46.09833517496,507.01242146805,
    205.57141266506));
#4465 = CARTESIAN_POINT('',(-45.75944524696,507.53233908039,
    205.38689481641));
#4466 = CARTESIAN_POINT('',(-45.63265376856,507.75451113974,
    205.31580142983));
#4467 = CARTESIAN_POINT('',(-45.51659719836,507.99081119162,
    205.24908465612));
#4468 = CARTESIAN_POINT('',(-45.41330808624,508.24104579156,
    205.18852527837));
#4469 = CARTESIAN_POINT('',(-45.32496472313,508.50480629758,
    205.13598523872));
#4470 = CARTESIAN_POINT('',(-45.20451247555,508.97393682819,
    205.06368236305));
#4471 = CARTESIAN_POINT('',(-45.16349858801,509.1725791141,
    205.03882608051));
#4472 = CARTESIAN_POINT('',(-45.13197906681,509.37596604947,
    205.0195871678));
#4473 = CARTESIAN_POINT('',(-45.1106808241,509.58265400858,
    205.00654200757));
#4474 = CARTESIAN_POINT('',(-45.1,509.79116208183,205.));
#4475 = CARTESIAN_POINT('',(-45.1,510.,205.));
#4476 = PCURVE('',#628,#4477);
#4477 = DEFINITIONAL_REPRESENTATION('',(#4478),#4531);
#4478 = B_SPLINE_CURVE_WITH_KNOTS('',6,(#4479,#4480,#4481,#4482,#4483,
    #4484,#4485,#4486,#4487,#4488,#4489,#4490,#4491,#4492,#4493,#4494,
    #4495,#4496,#4497,#4498,#4499,#4500,#4501,#4502,#4503,#4504,#4505,
    #4506,#4507,#4508,#4509,#4510,#4511,#4512,#4513,#4514,#4515,#4516,
    #4517,#4518,#4519,#4520,#4521,#4522,#4523,#4524,#4525,#4526,#4527,
    #4528,#4529,#4530),.UNSPECIFIED.,.F.,.F.,(7,5,5,5,5,5,5,5,5,5,7),(0.
    ,0.106385611218,0.193906315539,0.298346764024,0.39973682201,
    0.499827169056,0.600418234428,0.701325732063,0.841475916082,
    0.934946411044,1.),.UNSPECIFIED.);
#4479 = CARTESIAN_POINT('',(3.14159265359,5.));
#4480 = CARTESIAN_POINT('',(3.211660127029,5.));
#4481 = CARTESIAN_POINT('',(3.281123109955,5.017681795252));
#4482 = CARTESIAN_POINT('',(3.34957803474,5.052470633248));
#4483 = CARTESIAN_POINT('',(3.416597259992,5.102383865185));
#4484 = CARTESIAN_POINT('',(3.481650435284,5.164114965768));
#4485 = CARTESIAN_POINT('',(3.595265267647,5.290681203494));
#4486 = CARTESIAN_POINT('',(3.645109845117,5.353475302309));
#4487 = CARTESIAN_POINT('',(3.693657351298,5.420487754659));
#4488 = CARTESIAN_POINT('',(3.741031587338,5.490442673243));
#4489 = CARTESIAN_POINT('',(3.787353229609,5.562238239392));
#4490 = CARTESIAN_POINT('',(3.886907728089,5.721636528126));
#4491 = CARTESIAN_POINT('',(3.939806849538,5.809709897278));
#4492 = CARTESIAN_POINT('',(3.99165957437,5.897535840138));
#4493 = CARTESIAN_POINT('',(4.042674218103,5.983766437331));
#4494 = CARTESIAN_POINT('',(4.09305551778,6.067197878221));
#4495 = CARTESIAN_POINT('',(4.191509227892,6.223812388502));
#4496 = CARTESIAN_POINT('',(4.239621032047,6.297247327761));
#4497 = CARTESIAN_POINT('',(4.28744503498,6.365756440992));
#4498 = CARTESIAN_POINT('',(4.335079784615,6.428191315426));
#4499 = CARTESIAN_POINT('',(4.382630160999,6.483494095015));
#4500 = CARTESIAN_POINT('',(4.477185624877,6.577345354636));
#4501 = CARTESIAN_POINT('',(4.524198723822,6.616108511308));
#4502 = CARTESIAN_POINT('',(4.571219718048,6.645957736324));
#4503 = CARTESIAN_POINT('',(4.618248547724,6.666132012968));
#4504 = CARTESIAN_POINT('',(4.665298425576,6.676235298495));
#4505 = CARTESIAN_POINT('',(4.759715113393,6.676235298495));
#4506 = CARTESIAN_POINT('',(4.806999593286,6.666030675209));
#4507 = CARTESIAN_POINT('',(4.854262712222,6.645654659539));
#4508 = CARTESIAN_POINT('',(4.901518157762,6.615511070201));
#4509 = CARTESIAN_POINT('',(4.948766080617,6.57637551719));
#4510 = CARTESIAN_POINT('',(5.043329434239,6.482119558362));
#4511 = CARTESIAN_POINT('',(5.090654905874,6.426938768933));
#4512 = CARTESIAN_POINT('',(5.138065073251,6.364710079964));
#4513 = CARTESIAN_POINT('',(5.185663551858,6.296476899592));
#4514 = CARTESIAN_POINT('',(5.233547809315,6.223371017957));
#4515 = CARTESIAN_POINT('',(5.348852120766,6.039945400056));
#4516 = CARTESIAN_POINT('',(5.41661028413,5.926237715523));
#4517 = CARTESIAN_POINT('',(5.485631964497,5.808230026721));
#4518 = CARTESIAN_POINT('',(5.556442943616,5.688780092021));
#4519 = CARTESIAN_POINT('',(5.629554050901,5.571412665068));
#4520 = CARTESIAN_POINT('',(5.756209799904,5.386894816415));
#4521 = CARTESIAN_POINT('',(5.808323698246,5.315801429839));
#4522 = CARTESIAN_POINT('',(5.861892110215,5.24908465612));
#4523 = CARTESIAN_POINT('',(5.91695353909,5.18852527837));
#4524 = CARTESIAN_POINT('',(5.973575150547,5.135985238722));
#4525 = CARTESIAN_POINT('',(6.072421515481,5.063682363052));
#4526 = CARTESIAN_POINT('',(6.113768720196,5.03882608051));
#4527 = CARTESIAN_POINT('',(6.155692080225,5.019587167809));
#4528 = CARTESIAN_POINT('',(6.198012657552,5.006542007575));
#4529 = CARTESIAN_POINT('',(6.24056532388,5.));
#4530 = CARTESIAN_POINT('',(6.28318530718,5.));
#4531 = ( GEOMETRIC_REPRESENTATION_CONTEXT(2) 
PARAMETRIC_REPRESENTATION_CONTEXT() REPRESENTATION_CONTEXT('2D SPACE',''
  ) );
#4532 = PCURVE('',#3602,#4533);
#4533 = DEFINITIONAL_REPRESENTATION('',(#4534),#4587);
#4534 = B_SPLINE_CURVE_WITH_KNOTS('',6,(#4535,#4536,#4537,#4538,#4539,
    #4540,#4541,#4542,#4543,#4544,#4545,#4546,#4547,#4548,#4549,#4550,
    #4551,#4552,#4553,#4554,#4555,#4556,#4557,#4558,#4559,#4560,#4561,
    #4562,#4563,#4564,#4565,#4566,#4567,#4568,#4569,#4570,#4571,#4572,
    #4573,#4574,#4575,#4576,#4577,#4578,#4579,#4580,#4581,#4582,#4583,
    #4584,#4585,#4586),.UNSPECIFIED.,.F.,.F.,(7,5,5,5,5,5,5,5,5,5,7),(0.
    ,0.106385611218,0.193906315539,0.298346764024,0.39973682201,
    0.499827169056,0.600418234428,0.701325732063,0.841475916082,
    0.934946411044,1.),.UNSPECIFIED.);
#4535 = CARTESIAN_POINT('',(6.28318530718,122.1));
#4536 = CARTESIAN_POINT('',(6.240268979698,122.1));
#4537 = CARTESIAN_POINT('',(6.197722815093,122.1288678989));
#4538 = CARTESIAN_POINT('',(6.156031596184,122.18566767103));
#4539 = CARTESIAN_POINT('',(6.11567147894,122.26795124089));
#4540 = CARTESIAN_POINT('',(6.077142567724,122.37176272947));
#4541 = CARTESIAN_POINT('',(6.011186225995,122.58978273339));
#4542 = CARTESIAN_POINT('',(5.982767103424,122.6996590283));
#4543 = CARTESIAN_POINT('',(5.955674102626,122.81931446212));
#4544 = CARTESIAN_POINT('',(5.929881514326,122.94736983747));
#4545 = CARTESIAN_POINT('',(5.90536303961,123.08271560382));
#4546 = CARTESIAN_POINT('',(5.854329091202,123.39366188934));
#4547 = CARTESIAN_POINT('',(5.828312445508,123.57217699639));
#4548 = CARTESIAN_POINT('',(5.804002818874,123.758660921));
#4549 = CARTESIAN_POINT('',(5.781372987596,123.95219382924));
#4550 = CARTESIAN_POINT('',(5.760417996875,124.15220516602));
#4551 = CARTESIAN_POINT('',(5.722468884824,124.55851980057));
#4552 = CARTESIAN_POINT('',(5.705371194827,124.76453109336));
#4553 = CARTESIAN_POINT('',(5.689929105697,124.975740631));
#4554 = CARTESIAN_POINT('',(5.676211529446,125.19160331043));
#4555 = CARTESIAN_POINT('',(5.664294473128,125.41167846018));
#4556 = CARTESIAN_POINT('',(5.644352484765,125.85667668341));
#4557 = CARTESIAN_POINT('',(5.636277789616,126.0815430114));
#4558 = CARTESIAN_POINT('',(5.630145015326,126.30919201961));
#4559 = CARTESIAN_POINT('',(5.62602779413,126.53871177874));
#4560 = CARTESIAN_POINT('',(5.623965903768,126.76925628143));
#4561 = CARTESIAN_POINT('',(5.623965903768,127.23189805174));
#4562 = CARTESIAN_POINT('',(5.626048475131,127.46359210771));
#4563 = CARTESIAN_POINT('',(5.630206868374,127.69424597678));
#4564 = CARTESIAN_POINT('',(5.636400544615,127.92300243213));
#4565 = CARTESIAN_POINT('',(5.644554527587,128.14893679012));
#4566 = CARTESIAN_POINT('',(5.66459070946,128.59378998729));
#4567 = CARTESIAN_POINT('',(5.676486701873,128.81273294979));
#4568 = CARTESIAN_POINT('',(5.690164825569,129.02749498766));
#4569 = CARTESIAN_POINT('',(5.705550263403,129.23764220918));
#4570 = CARTESIAN_POINT('',(5.722575255521,129.44263811851));
#4571 = CARTESIAN_POINT('',(5.76702232138,129.91847975543));
#4572 = CARTESIAN_POINT('',(5.795906299962,130.18385849518));
#4573 = CARTESIAN_POINT('',(5.82778193734,130.43739780932));
#4574 = CARTESIAN_POINT('',(5.862705811362,130.67760566365));
#4575 = CARTESIAN_POINT('',(5.900783333651,130.90166482503));
#4576 = CARTESIAN_POINT('',(5.969744504802,131.24055475303));
#4577 = CARTESIAN_POINT('',(5.998888934251,131.36734623143));
#4578 = CARTESIAN_POINT('',(6.029552312139,131.48340280163));
#4579 = CARTESIAN_POINT('',(6.061696917985,131.58669191375));
#4580 = CARTESIAN_POINT('',(6.095282577965,131.67503527686));
#4581 = CARTESIAN_POINT('',(6.154616268934,131.79548752444));
#4582 = CARTESIAN_POINT('',(6.179630081433,131.83650141198));
#4583 = CARTESIAN_POINT('',(6.205149058659,131.86802093318));
#4584 = CARTESIAN_POINT('',(6.231017054133,131.88931917589));
#4585 = CARTESIAN_POINT('',(6.257080567409,131.9));
#4586 = CARTESIAN_POINT('',(6.28318530718,131.9));
#4587 = ( GEOMETRIC_REPRESENTATION_CONTEXT(2) 
PARAMETRIC_REPRESENTATION_CONTEXT() REPRESENTATION_CONTEXT('2D SPACE',''
  ) );
#4588 = ADVANCED_FACE('',(#4589),#841,.F.);
#4589 = FACE_BOUND('',#4590,.F.);
#4590 = EDGE_LOOP('',(#4591,#4763,#4784,#4785,#4786,#4787));
#4591 = ORIENTED_EDGE('',*,*,#4592,.F.);
#4592 = EDGE_CURVE('',#4593,#4595,#4597,.T.);
#4593 = VERTEX_POINT('',#4594);
#4594 = CARTESIAN_POINT('',(4.9,510.,205.));
#4595 = VERTEX_POINT('',#4596);
#4596 = CARTESIAN_POINT('',(-4.900000000001,510.,205.));
#4597 = SURFACE_CURVE('',#4598,(#4651,#4707),.PCURVE_S1.);
#4598 = B_SPLINE_CURVE_WITH_KNOTS('',6,(#4599,#4600,#4601,#4602,#4603,
    #4604,#4605,#4606,#4607,#4608,#4609,#4610,#4611,#4612,#4613,#4614,
    #4615,#4616,#4617,#4618,#4619,#4620,#4621,#4622,#4623,#4624,#4625,
    #4626,#4627,#4628,#4629,#4630,#4631,#4632,#4633,#4634,#4635,#4636,
    #4637,#4638,#4639,#4640,#4641,#4642,#4643,#4644,#4645,#4646,#4647,
    #4648,#4649,#4650),.UNSPECIFIED.,.F.,.F.,(7,5,5,5,5,5,5,5,5,5,7),(0.
    ,0.106385611171,0.193906315477,0.298346763974,0.399736821972,
    0.499827169029,0.600418234412,0.701325732057,0.841475916091,
    0.934946411063,1.),.UNSPECIFIED.);
#4599 = CARTESIAN_POINT('',(4.9,510.,205.));
#4600 = CARTESIAN_POINT('',(4.9,510.34333061985,205.));
#4601 = CARTESIAN_POINT('',(4.871132101097,510.68369940129,
    205.01768179525));
#4602 = CARTESIAN_POINT('',(4.814332328964,511.01609351773,
    205.05247063324));
#4603 = CARTESIAN_POINT('',(4.732048759109,511.33565109626,
    205.10238386518));
#4604 = CARTESIAN_POINT('',(4.628237270522,511.63789856306,
    205.16411496576));
#4605 = CARTESIAN_POINT('',(4.41021726658,512.15014487534,
    205.29068120351));
#4606 = CARTESIAN_POINT('',(4.300340971694,512.3688196731,
    205.35347530231));
#4607 = CARTESIAN_POINT('',(4.180685537905,512.57513279105,
    205.42048775464));
#4608 = CARTESIAN_POINT('',(4.052630162546,512.76939776667,
    205.49044267323));
#4609 = CARTESIAN_POINT('',(3.91728439614,512.95200765474,
    205.56223823941));
#4610 = CARTESIAN_POINT('',(3.60633811065,513.32787714603,
    205.72163652812));
#4611 = CARTESIAN_POINT('',(3.427823003611,513.5166015949,
    205.80970989727));
#4612 = CARTESIAN_POINT('',(3.241339079,513.69026636774,205.89753584013)
  );
#4613 = CARTESIAN_POINT('',(3.047806170758,513.84954650256,
    205.98376643733));
#4614 = CARTESIAN_POINT('',(2.847794833978,513.99499498478,
    206.06719787822));
#4615 = CARTESIAN_POINT('',(2.441480199429,514.25507293832,
    206.2238123885));
#4616 = CARTESIAN_POINT('',(2.235468906635,514.37051881869,
    206.29724732776));
#4617 = CARTESIAN_POINT('',(2.024259368993,514.47336016231,
    206.36575644099));
#4618 = CARTESIAN_POINT('',(1.808396689567,514.56362924868,
    206.42819131542));
#4619 = CARTESIAN_POINT('',(1.588321539818,514.64129250031,
    206.48349409501));
#4620 = CARTESIAN_POINT('',(1.143323316582,514.77030275827,
    206.57734535463));
#4621 = CARTESIAN_POINT('',(0.91845698859,514.82198599735,206.6161085113
    ));
#4622 = CARTESIAN_POINT('',(0.69080798039,514.86092489522,
    206.64595773632));
#4623 = CARTESIAN_POINT('',(0.461288221251,514.88696105147,
    206.66613201296));
#4624 = CARTESIAN_POINT('',(0.230743718561,514.9,206.67623529849));
#4625 = CARTESIAN_POINT('',(-0.23189805174,514.9,206.67623529849));
#4626 = CARTESIAN_POINT('',(-0.463592107711,514.88683026818,
    206.6660306752));
#4627 = CARTESIAN_POINT('',(-0.694245976779,514.86053375659,
    206.64565465954));
#4628 = CARTESIAN_POINT('',(-0.923002432136,514.82120656227,
    206.6155110702));
#4629 = CARTESIAN_POINT('',(-1.148936790128,514.76900949078,
    206.57637551719));
#4630 = CARTESIAN_POINT('',(-1.593789987299,514.63936180045,
    206.48211955836));
#4631 = CARTESIAN_POINT('',(-1.812732949797,514.56181854924,
    206.42693876893));
#4632 = CARTESIAN_POINT('',(-2.027494987666,514.47179072448,
    206.36471007996));
#4633 = CARTESIAN_POINT('',(-2.237642209183,514.36931059266,
    206.29647689959));
#4634 = CARTESIAN_POINT('',(-2.442638118516,514.25434537923,
    206.22337101795));
#4635 = CARTESIAN_POINT('',(-2.918479755432,513.94973134613,
    206.03994540005));
#4636 = CARTESIAN_POINT('',(-3.183858495185,513.74847091966,
    205.92623771552));
#4637 = CARTESIAN_POINT('',(-3.437397809326,513.52215117911,
    205.80823002672));
#4638 = CARTESIAN_POINT('',(-3.677605663652,513.26916005665,
    205.68878009202));
#4639 = CARTESIAN_POINT('',(-3.901664825039,512.98757853194,
    205.57141266506));
#4640 = CARTESIAN_POINT('',(-4.240554753032,512.4676609196,
    205.38689481641));
#4641 = CARTESIAN_POINT('',(-4.367346231433,512.24548886025,
    205.31580142983));
#4642 = CARTESIAN_POINT('',(-4.483402801631,512.00918880837,
    205.24908465612));
#4643 = CARTESIAN_POINT('',(-4.586691913757,511.75895420843,
    205.18852527837));
#4644 = CARTESIAN_POINT('',(-4.675035276868,511.49519370241,
    205.13598523872));
#4645 = CARTESIAN_POINT('',(-4.795487524424,511.02606317188,
    205.06368236306));
#4646 = CARTESIAN_POINT('',(-4.836501411995,510.82742088587,
    205.0388260805));
#4647 = CARTESIAN_POINT('',(-4.868020933192,510.62403395045,
    205.0195871678));
#4648 = CARTESIAN_POINT('',(-4.889319175886,510.41734599139,
    205.00654200758));
#4649 = CARTESIAN_POINT('',(-4.9,510.20883791824,205.));
#4650 = CARTESIAN_POINT('',(-4.9,510.,205.));
#4651 = PCURVE('',#841,#4652);
#4652 = DEFINITIONAL_REPRESENTATION('',(#4653),#4706);
#4653 = B_SPLINE_CURVE_WITH_KNOTS('',6,(#4654,#4655,#4656,#4657,#4658,
    #4659,#4660,#4661,#4662,#4663,#4664,#4665,#4666,#4667,#4668,#4669,
    #4670,#4671,#4672,#4673,#4674,#4675,#4676,#4677,#4678,#4679,#4680,
    #4681,#4682,#4683,#4684,#4685,#4686,#4687,#4688,#4689,#4690,#4691,
    #4692,#4693,#4694,#4695,#4696,#4697,#4698,#4699,#4700,#4701,#4702,
    #4703,#4704,#4705),.UNSPECIFIED.,.F.,.F.,(7,5,5,5,5,5,5,5,5,5,7),(0.
    ,0.106385611171,0.193906315477,0.298346763974,0.399736821972,
    0.499827169029,0.600418234412,0.701325732057,0.841475916091,
    0.934946411063,1.),.UNSPECIFIED.);
#4654 = CARTESIAN_POINT('',(0.,5.));
#4655 = CARTESIAN_POINT('',(7.006747343875E-02,5.));
#4656 = CARTESIAN_POINT('',(0.139530456365,5.017681795252));
#4657 = CARTESIAN_POINT('',(0.20798538115,5.052470633248));
#4658 = CARTESIAN_POINT('',(0.275004606402,5.102383865185));
#4659 = CARTESIAN_POINT('',(0.340057781694,5.164114965768));
#4660 = CARTESIAN_POINT('',(0.45367261407,5.29068120351));
#4661 = CARTESIAN_POINT('',(0.503517191525,5.35347530231));
#4662 = CARTESIAN_POINT('',(0.552064697696,5.42048775464));
#4663 = CARTESIAN_POINT('',(0.599438933743,5.490442673234));
#4664 = CARTESIAN_POINT('',(0.645760576032,5.562238239412));
#4665 = CARTESIAN_POINT('',(0.745315074499,5.721636528126));
#4666 = CARTESIAN_POINT('',(0.798214195948,5.809709897278));
#4667 = CARTESIAN_POINT('',(0.85006692078,5.897535840138));
#4668 = CARTESIAN_POINT('',(0.901081564513,5.983766437331));
#4669 = CARTESIAN_POINT('',(0.95146286419,6.067197878221));
#4670 = CARTESIAN_POINT('',(1.049916574302,6.223812388502));
#4671 = CARTESIAN_POINT('',(1.098028378457,6.297247327761));
#4672 = CARTESIAN_POINT('',(1.14585238139,6.365756440992));
#4673 = CARTESIAN_POINT('',(1.193487131026,6.428191315426));
#4674 = CARTESIAN_POINT('',(1.241037507409,6.483494095015));
#4675 = CARTESIAN_POINT('',(1.335592971288,6.577345354636));
#4676 = CARTESIAN_POINT('',(1.382606070232,6.616108511308));
#4677 = CARTESIAN_POINT('',(1.429627064458,6.645957736324));
#4678 = CARTESIAN_POINT('',(1.476655894134,6.666132012968));
#4679 = CARTESIAN_POINT('',(1.523705771987,6.676235298495));
#4680 = CARTESIAN_POINT('',(1.618122459803,6.676235298495));
#4681 = CARTESIAN_POINT('',(1.665406939696,6.666030675209));
#4682 = CARTESIAN_POINT('',(1.712670058632,6.64565465954));
#4683 = CARTESIAN_POINT('',(1.759925504172,6.615511070201));
#4684 = CARTESIAN_POINT('',(1.807173427027,6.57637551719));
#4685 = CARTESIAN_POINT('',(1.90173678065,6.482119558363));
#4686 = CARTESIAN_POINT('',(1.949062252284,6.426938768933));
#4687 = CARTESIAN_POINT('',(1.996472419662,6.364710079964));
#4688 = CARTESIAN_POINT('',(2.044070898269,6.296476899592));
#4689 = CARTESIAN_POINT('',(2.091955155725,6.223371017957));
#4690 = CARTESIAN_POINT('',(2.207259467176,6.039945400056));
#4691 = CARTESIAN_POINT('',(2.27501763054,5.926237715524));
#4692 = CARTESIAN_POINT('',(2.344039310908,5.808230026721));
#4693 = CARTESIAN_POINT('',(2.414850290026,5.688780092021));
#4694 = CARTESIAN_POINT('',(2.487961397311,5.571412665068));
#4695 = CARTESIAN_POINT('',(2.614617146315,5.386894816414));
#4696 = CARTESIAN_POINT('',(2.666731044656,5.315801429839));
#4697 = CARTESIAN_POINT('',(2.720299456625,5.24908465612));
#4698 = CARTESIAN_POINT('',(2.775360885501,5.18852527837));
#4699 = CARTESIAN_POINT('',(2.831982496958,5.135985238722));
#4700 = CARTESIAN_POINT('',(2.930828861875,5.063682363064));
#4701 = CARTESIAN_POINT('',(2.972176066611,5.038826080502));
#4702 = CARTESIAN_POINT('',(3.014099426651,5.019587167802));
#4703 = CARTESIAN_POINT('',(3.056420003967,5.00654200758));
#4704 = CARTESIAN_POINT('',(3.098972670274,5.));
#4705 = CARTESIAN_POINT('',(3.14159265359,5.));
#4706 = ( GEOMETRIC_REPRESENTATION_CONTEXT(2) 
PARAMETRIC_REPRESENTATION_CONTEXT() REPRESENTATION_CONTEXT('2D SPACE',''
  ) );
#4707 = PCURVE('',#3602,#4708);
#4708 = DEFINITIONAL_REPRESENTATION('',(#4709),#4762);
#4709 = B_SPLINE_CURVE_WITH_KNOTS('',6,(#4710,#4711,#4712,#4713,#4714,
    #4715,#4716,#4717,#4718,#4719,#4720,#4721,#4722,#4723,#4724,#4725,
    #4726,#4727,#4728,#4729,#4730,#4731,#4732,#4733,#4734,#4735,#4736,
    #4737,#4738,#4739,#4740,#4741,#4742,#4743,#4744,#4745,#4746,#4747,
    #4748,#4749,#4750,#4751,#4752,#4753,#4754,#4755,#4756,#4757,#4758,
    #4759,#4760,#4761),.UNSPECIFIED.,.F.,.F.,(7,5,5,5,5,5,5,5,5,5,7),(0.
    ,0.106385611171,0.193906315477,0.298346763974,0.399736821972,
    0.499827169029,0.600418234412,0.701325732057,0.841475916091,
    0.934946411063,1.),.UNSPECIFIED.);
#4710 = CARTESIAN_POINT('',(0.,181.9));
#4711 = CARTESIAN_POINT('',(4.291632748124E-02,181.9));
#4712 = CARTESIAN_POINT('',(8.546249208674E-02,181.87113210109));
#4713 = CARTESIAN_POINT('',(0.127153710995,181.81433232896));
#4714 = CARTESIAN_POINT('',(0.16751382824,181.7320487591));
#4715 = CARTESIAN_POINT('',(0.206042739456,181.62823727052));
#4716 = CARTESIAN_POINT('',(0.271999081193,181.41021726658));
#4717 = CARTESIAN_POINT('',(0.300418203754,181.30034097169));
#4718 = CARTESIAN_POINT('',(0.327511204546,181.1806855379));
#4719 = CARTESIAN_POINT('',(0.353303792852,181.05263016254));
#4720 = CARTESIAN_POINT('',(0.377822267576,180.91728439614));
#4721 = CARTESIAN_POINT('',(0.428856215978,180.60633811065));
#4722 = CARTESIAN_POINT('',(0.454872861671,180.42782300361));
#4723 = CARTESIAN_POINT('',(0.479182488306,180.241339079));
#4724 = CARTESIAN_POINT('',(0.501812319584,180.04780617075));
#4725 = CARTESIAN_POINT('',(0.522767310305,179.84779483397));
#4726 = CARTESIAN_POINT('',(0.560716422356,179.44148019942));
#4727 = CARTESIAN_POINT('',(0.577814112353,179.23546890663));
#4728 = CARTESIAN_POINT('',(0.593256201483,179.02425936899));
#4729 = CARTESIAN_POINT('',(0.606973777734,178.80839668956));
#4730 = CARTESIAN_POINT('',(0.618890834052,178.58832153981));
#4731 = CARTESIAN_POINT('',(0.638832822414,178.14332331658));
#4732 = CARTESIAN_POINT('',(0.646907517563,177.91845698859));
#4733 = CARTESIAN_POINT('',(0.653040291854,177.69080798039));
#4734 = CARTESIAN_POINT('',(0.657157513049,177.46128822125));
#4735 = CARTESIAN_POINT('',(0.659219403412,177.23074371856));
#4736 = CARTESIAN_POINT('',(0.659219403412,176.76810194826));
#4737 = CARTESIAN_POINT('',(0.657136832048,176.53640789228));
#4738 = CARTESIAN_POINT('',(0.652978438806,176.30575402322));
#4739 = CARTESIAN_POINT('',(0.646784762565,176.07699756786));
#4740 = CARTESIAN_POINT('',(0.638630779593,175.85106320987));
#4741 = CARTESIAN_POINT('',(0.618594597719,175.4062100127));
#4742 = CARTESIAN_POINT('',(0.606698605307,175.1872670502));
#4743 = CARTESIAN_POINT('',(0.593020481611,174.97250501233));
#4744 = CARTESIAN_POINT('',(0.577635043776,174.76235779081));
#4745 = CARTESIAN_POINT('',(0.560610051659,174.55736188148));
#4746 = CARTESIAN_POINT('',(0.516162985799,174.08152024456));
#4747 = CARTESIAN_POINT('',(0.487279007217,173.81614150481));
#4748 = CARTESIAN_POINT('',(0.455403369839,173.56260219067));
#4749 = CARTESIAN_POINT('',(0.420479495817,173.32239433634));
#4750 = CARTESIAN_POINT('',(0.382401973529,173.09833517496));
#4751 = CARTESIAN_POINT('',(0.313440802378,172.75944524696));
#4752 = CARTESIAN_POINT('',(0.284296372929,172.63265376856));
#4753 = CARTESIAN_POINT('',(0.253632995041,172.51659719836));
#4754 = CARTESIAN_POINT('',(0.221488389194,172.41330808624));
#4755 = CARTESIAN_POINT('',(0.187902729215,172.32496472313));
#4756 = CARTESIAN_POINT('',(0.128569038255,172.20451247557));
#4757 = CARTESIAN_POINT('',(0.103555225744,172.163498588));
#4758 = CARTESIAN_POINT('',(7.803624851093E-02,172.1319790668));
#4759 = CARTESIAN_POINT('',(5.21682530442E-02,172.11068082411));
#4760 = CARTESIAN_POINT('',(2.61047397807E-02,172.1));
#4761 = CARTESIAN_POINT('',(0.,172.1));
#4762 = ( GEOMETRIC_REPRESENTATION_CONTEXT(2) 
PARAMETRIC_REPRESENTATION_CONTEXT() REPRESENTATION_CONTEXT('2D SPACE',''
  ) );
#4763 = ORIENTED_EDGE('',*,*,#4764,.F.);
#4764 = EDGE_CURVE('',#718,#4593,#4765,.T.);
#4765 = SEAM_CURVE('',#4766,(#4770,#4777),.PCURVE_S1.);
#4766 = LINE('',#4767,#4768);
#4767 = CARTESIAN_POINT('',(4.9,510.,200.));
#4768 = VECTOR('',#4769,1.);
#4769 = DIRECTION('',(0.,0.,1.));
#4770 = PCURVE('',#841,#4771);
#4771 = DEFINITIONAL_REPRESENTATION('',(#4772),#4776);
#4772 = LINE('',#4773,#4774);
#4773 = CARTESIAN_POINT('',(6.28318530718,-0.));
#4774 = VECTOR('',#4775,1.);
#4775 = DIRECTION('',(0.,1.));
#4776 = ( GEOMETRIC_REPRESENTATION_CONTEXT(2) 
PARAMETRIC_REPRESENTATION_CONTEXT() REPRESENTATION_CONTEXT('2D SPACE',''
  ) );
#4777 = PCURVE('',#841,#4778);
#4778 = DEFINITIONAL_REPRESENTATION('',(#4779),#4783);
#4779 = LINE('',#4780,#4781);
#4780 = CARTESIAN_POINT('',(0.,-0.));
#4781 = VECTOR('',#4782,1.);
#4782 = DIRECTION('',(0.,1.));
#4783 = ( GEOMETRIC_REPRESENTATION_CONTEXT(2) 
PARAMETRIC_REPRESENTATION_CONTEXT() REPRESENTATION_CONTEXT('2D SPACE',''
  ) );
#4784 = ORIENTED_EDGE('',*,*,#2149,.T.);
#4785 = ORIENTED_EDGE('',*,*,#717,.T.);
#4786 = ORIENTED_EDGE('',*,*,#4764,.T.);
#4787 = ORIENTED_EDGE('',*,*,#4788,.F.);
#4788 = EDGE_CURVE('',#4595,#4593,#4789,.T.);
#4789 = SURFACE_CURVE('',#4790,(#4843,#4899),.PCURVE_S1.);
#4790 = B_SPLINE_CURVE_WITH_KNOTS('',6,(#4791,#4792,#4793,#4794,#4795,
    #4796,#4797,#4798,#4799,#4800,#4801,#4802,#4803,#4804,#4805,#4806,
    #4807,#4808,#4809,#4810,#4811,#4812,#4813,#4814,#4815,#4816,#4817,
    #4818,#4819,#4820,#4821,#4822,#4823,#4824,#4825,#4826,#4827,#4828,
    #4829,#4830,#4831,#4832,#4833,#4834,#4835,#4836,#4837,#4838,#4839,
    #4840,#4841,#4842),.UNSPECIFIED.,.F.,.F.,(7,5,5,5,5,5,5,5,5,5,7),(0.
    ,0.106385609592,0.193906312575,0.29834676971,0.399736826941,
    0.499827173241,0.600418237863,0.701325734746,0.841475917721,
    0.934946411797,1.),.UNSPECIFIED.);
#4791 = CARTESIAN_POINT('',(-4.9,510.,205.));
#4792 = CARTESIAN_POINT('',(-4.9,509.65666938015,205.));
#4793 = CARTESIAN_POINT('',(-4.871132101097,509.3163005987,
    205.01768179525));
#4794 = CARTESIAN_POINT('',(-4.814332328964,508.98390648226,
    205.05247063324));
#4795 = CARTESIAN_POINT('',(-4.732048759109,508.66434890373,
    205.10238386518));
#4796 = CARTESIAN_POINT('',(-4.628237270522,508.36210143693,
    205.16411496576));
#4797 = CARTESIAN_POINT('',(-4.410217266606,507.84985512472,
    205.29068120349));
#4798 = CARTESIAN_POINT('',(-4.300340971697,507.63118032688,
    205.3534753023));
#4799 = CARTESIAN_POINT('',(-4.180685537872,507.42486720889,
    205.42048775465));
#4800 = CARTESIAN_POINT('',(-4.052630162526,507.23060223331,
    205.49044267324));
#4801 = CARTESIAN_POINT('',(-3.91728439618,507.0479923453,
    205.56223823939));
#4802 = CARTESIAN_POINT('',(-3.606338094053,506.6721228339,
    205.72163653663));
#4803 = CARTESIAN_POINT('',(-3.427823031761,506.48339843139,
    205.8097098845));
#4804 = CARTESIAN_POINT('',(-3.241339078121,506.30973363607,
    205.89753583949));
#4805 = CARTESIAN_POINT('',(-3.047806142242,506.15045347297,
    205.98376644978));
#4806 = CARTESIAN_POINT('',(-2.847794852589,506.00500502713,
    206.06719787104));
#4807 = CARTESIAN_POINT('',(-2.441480199429,505.74492706167,
    206.2238123885));
#4808 = CARTESIAN_POINT('',(-2.235468906635,505.6294811813,
    206.29724732776));
#4809 = CARTESIAN_POINT('',(-2.024259368993,505.52663983769,
    206.36575644099));
#4810 = CARTESIAN_POINT('',(-1.808396689567,505.43637075131,
    206.42819131542));
#4811 = CARTESIAN_POINT('',(-1.588321539818,505.35870749968,
    206.48349409501));
#4812 = CARTESIAN_POINT('',(-1.143323316583,505.22969724173,
    206.57734535463));
#4813 = CARTESIAN_POINT('',(-0.91845698859,505.17801400264,
    206.6161085113));
#4814 = CARTESIAN_POINT('',(-0.69080798039,505.13907510478,
    206.64595773632));
#4815 = CARTESIAN_POINT('',(-0.46128822125,505.11303894852,
    206.66613201296));
#4816 = CARTESIAN_POINT('',(-0.230743718561,505.1,206.67623529849));
#4817 = CARTESIAN_POINT('',(0.23189805174,505.1,206.67623529849));
#4818 = CARTESIAN_POINT('',(0.46359210771,505.11316973181,206.6660306752
    ));
#4819 = CARTESIAN_POINT('',(0.69424597678,505.1394662434,206.64565465953
    ));
#4820 = CARTESIAN_POINT('',(0.923002432135,505.17879343772,
    206.6155110702));
#4821 = CARTESIAN_POINT('',(1.148936790129,505.23099050921,
    206.57637551719));
#4822 = CARTESIAN_POINT('',(1.593789987299,505.36063819954,
    206.48211955836));
#4823 = CARTESIAN_POINT('',(1.812732949797,505.43818145076,
    206.42693876893));
#4824 = CARTESIAN_POINT('',(2.027494987666,505.52820927551,
    206.36471007996));
#4825 = CARTESIAN_POINT('',(2.237642209182,505.63068940733,
    206.29647689959));
#4826 = CARTESIAN_POINT('',(2.442638118517,505.74565462076,
    206.22337101795));
#4827 = CARTESIAN_POINT('',(2.918479755431,506.05026865386,
    206.03994540005));
#4828 = CARTESIAN_POINT('',(3.183858495186,506.25152908033,
    205.92623771552));
#4829 = CARTESIAN_POINT('',(3.437397809326,506.47784882088,
    205.80823002672));
#4830 = CARTESIAN_POINT('',(3.677605663653,506.73083994334,
    205.68878009202));
#4831 = CARTESIAN_POINT('',(3.901664825038,507.01242146805,
    205.57141266506));
#4832 = CARTESIAN_POINT('',(4.240554752757,507.53233907997,
    205.38689481656));
#4833 = CARTESIAN_POINT('',(4.367346231607,507.7545111399,
    205.31580142974));
#4834 = CARTESIAN_POINT('',(4.483402801842,507.9908111921,205.249084656)
  );
#4835 = CARTESIAN_POINT('',(4.586691913697,508.24104579165,
    205.18852527839));
#4836 = CARTESIAN_POINT('',(4.675035276726,508.50480629703,
    205.1359852388));
#4837 = CARTESIAN_POINT('',(4.795487524438,508.97393682816,
    205.06368236305));
#4838 = CARTESIAN_POINT('',(4.836501411985,509.1725791141,205.0388260805
    ));
#4839 = CARTESIAN_POINT('',(4.868020933185,509.37596604949,
    205.0195871678));
#4840 = CARTESIAN_POINT('',(4.889319175892,509.58265400858,
    205.00654200757));
#4841 = CARTESIAN_POINT('',(4.9,509.79116208181,205.));
#4842 = CARTESIAN_POINT('',(4.9,510.,205.));
#4843 = PCURVE('',#841,#4844);
#4844 = DEFINITIONAL_REPRESENTATION('',(#4845),#4898);
#4845 = B_SPLINE_CURVE_WITH_KNOTS('',6,(#4846,#4847,#4848,#4849,#4850,
    #4851,#4852,#4853,#4854,#4855,#4856,#4857,#4858,#4859,#4860,#4861,
    #4862,#4863,#4864,#4865,#4866,#4867,#4868,#4869,#4870,#4871,#4872,
    #4873,#4874,#4875,#4876,#4877,#4878,#4879,#4880,#4881,#4882,#4883,
    #4884,#4885,#4886,#4887,#4888,#4889,#4890,#4891,#4892,#4893,#4894,
    #4895,#4896,#4897),.UNSPECIFIED.,.F.,.F.,(7,5,5,5,5,5,5,5,5,5,7),(0.
    ,0.106385609592,0.193906312575,0.29834676971,0.399736826941,
    0.499827173241,0.600418237863,0.701325734746,0.841475917721,
    0.934946411797,1.),.UNSPECIFIED.);
#4846 = CARTESIAN_POINT('',(3.14159265359,5.));
#4847 = CARTESIAN_POINT('',(3.211660127029,5.));
#4848 = CARTESIAN_POINT('',(3.281123109955,5.017681795252));
#4849 = CARTESIAN_POINT('',(3.34957803474,5.052470633248));
#4850 = CARTESIAN_POINT('',(3.416597259992,5.102383865185));
#4851 = CARTESIAN_POINT('',(3.481650435284,5.164114965768));
#4852 = CARTESIAN_POINT('',(3.595265267647,5.290681203494));
#4853 = CARTESIAN_POINT('',(3.645109845117,5.353475302309));
#4854 = CARTESIAN_POINT('',(3.693657351298,5.420487754659));
#4855 = CARTESIAN_POINT('',(3.741031587338,5.490442673243));
#4856 = CARTESIAN_POINT('',(3.787353229609,5.562238239392));
#4857 = CARTESIAN_POINT('',(3.886907733402,5.721636536634));
#4858 = CARTESIAN_POINT('',(3.939806841599,5.809709884501));
#4859 = CARTESIAN_POINT('',(3.991659573983,5.897535839495));
#4860 = CARTESIAN_POINT('',(4.042674225848,5.983766449784));
#4861 = CARTESIAN_POINT('',(4.09305551327,6.067197871048));
#4862 = CARTESIAN_POINT('',(4.191509227892,6.223812388502));
#4863 = CARTESIAN_POINT('',(4.239621032047,6.297247327761));
#4864 = CARTESIAN_POINT('',(4.28744503498,6.365756440992));
#4865 = CARTESIAN_POINT('',(4.335079784615,6.428191315426));
#4866 = CARTESIAN_POINT('',(4.382630160999,6.483494095015));
#4867 = CARTESIAN_POINT('',(4.477185624877,6.577345354636));
#4868 = CARTESIAN_POINT('',(4.524198723822,6.616108511308));
#4869 = CARTESIAN_POINT('',(4.571219718048,6.645957736324));
#4870 = CARTESIAN_POINT('',(4.618248547724,6.666132012968));
#4871 = CARTESIAN_POINT('',(4.665298425576,6.676235298495));
#4872 = CARTESIAN_POINT('',(4.759715113393,6.676235298495));
#4873 = CARTESIAN_POINT('',(4.806999593286,6.666030675209));
#4874 = CARTESIAN_POINT('',(4.854262712222,6.645654659539));
#4875 = CARTESIAN_POINT('',(4.901518157762,6.615511070201));
#4876 = CARTESIAN_POINT('',(4.948766080617,6.57637551719));
#4877 = CARTESIAN_POINT('',(5.04332943424,6.482119558362));
#4878 = CARTESIAN_POINT('',(5.090654905874,6.426938768933));
#4879 = CARTESIAN_POINT('',(5.138065073251,6.364710079964));
#4880 = CARTESIAN_POINT('',(5.185663551858,6.296476899592));
#4881 = CARTESIAN_POINT('',(5.233547809315,6.223371017957));
#4882 = CARTESIAN_POINT('',(5.348852120766,6.039945400056));
#4883 = CARTESIAN_POINT('',(5.41661028413,5.926237715523));
#4884 = CARTESIAN_POINT('',(5.485631964497,5.808230026721));
#4885 = CARTESIAN_POINT('',(5.556442943616,5.688780092021));
#4886 = CARTESIAN_POINT('',(5.629554050901,5.571412665068));
#4887 = CARTESIAN_POINT('',(5.756209799802,5.386894816564));
#4888 = CARTESIAN_POINT('',(5.80832369829,5.315801429746));
#4889 = CARTESIAN_POINT('',(5.861892110323,5.249084656001));
#4890 = CARTESIAN_POINT('',(5.916953539103,5.188525278398));
#4891 = CARTESIAN_POINT('',(5.973575150431,5.135985238807));
#4892 = CARTESIAN_POINT('',(6.072421515477,5.063682363055));
#4893 = CARTESIAN_POINT('',(6.113768720198,5.038826080508));
#4894 = CARTESIAN_POINT('',(6.155692080229,5.019587167807));
#4895 = CARTESIAN_POINT('',(6.198012657553,5.006542007577));
#4896 = CARTESIAN_POINT('',(6.240565323876,5.));
#4897 = CARTESIAN_POINT('',(6.28318530718,5.));
#4898 = ( GEOMETRIC_REPRESENTATION_CONTEXT(2) 
PARAMETRIC_REPRESENTATION_CONTEXT() REPRESENTATION_CONTEXT('2D SPACE',''
  ) );
#4899 = PCURVE('',#3602,#4900);
#4900 = DEFINITIONAL_REPRESENTATION('',(#4901),#4954);
#4901 = B_SPLINE_CURVE_WITH_KNOTS('',6,(#4902,#4903,#4904,#4905,#4906,
    #4907,#4908,#4909,#4910,#4911,#4912,#4913,#4914,#4915,#4916,#4917,
    #4918,#4919,#4920,#4921,#4922,#4923,#4924,#4925,#4926,#4927,#4928,
    #4929,#4930,#4931,#4932,#4933,#4934,#4935,#4936,#4937,#4938,#4939,
    #4940,#4941,#4942,#4943,#4944,#4945,#4946,#4947,#4948,#4949,#4950,
    #4951,#4952,#4953),.UNSPECIFIED.,.F.,.F.,(7,5,5,5,5,5,5,5,5,5,7),(0.
    ,0.106385609592,0.193906312575,0.29834676971,0.399736826941,
    0.499827173241,0.600418237863,0.701325734746,0.841475917721,
    0.934946411797,1.),.UNSPECIFIED.);
#4902 = CARTESIAN_POINT('',(6.28318530718,172.1));
#4903 = CARTESIAN_POINT('',(6.240268979698,172.1));
#4904 = CARTESIAN_POINT('',(6.197722815093,172.1288678989));
#4905 = CARTESIAN_POINT('',(6.156031596184,172.18566767103));
#4906 = CARTESIAN_POINT('',(6.11567147894,172.26795124089));
#4907 = CARTESIAN_POINT('',(6.077142567724,172.37176272947));
#4908 = CARTESIAN_POINT('',(6.011186225995,172.58978273339));
#4909 = CARTESIAN_POINT('',(5.982767103424,172.6996590283));
#4910 = CARTESIAN_POINT('',(5.955674102626,172.81931446212));
#4911 = CARTESIAN_POINT('',(5.929881514326,172.94736983747));
#4912 = CARTESIAN_POINT('',(5.90536303961,173.08271560382));
#4913 = CARTESIAN_POINT('',(5.854329088478,173.39366190594));
#4914 = CARTESIAN_POINT('',(5.82831244917,173.57217696823));
#4915 = CARTESIAN_POINT('',(5.804002819337,173.75866092187));
#4916 = CARTESIAN_POINT('',(5.781372984158,173.95219385775));
#4917 = CARTESIAN_POINT('',(5.760417998613,174.15220514741));
#4918 = CARTESIAN_POINT('',(5.722468884824,174.55851980057));
#4919 = CARTESIAN_POINT('',(5.705371194827,174.76453109336));
#4920 = CARTESIAN_POINT('',(5.689929105697,174.975740631));
#4921 = CARTESIAN_POINT('',(5.676211529446,175.19160331043));
#4922 = CARTESIAN_POINT('',(5.664294473128,175.41167846018));
#4923 = CARTESIAN_POINT('',(5.644352484765,175.85667668341));
#4924 = CARTESIAN_POINT('',(5.636277789616,176.08154301141));
#4925 = CARTESIAN_POINT('',(5.630145015326,176.30919201961));
#4926 = CARTESIAN_POINT('',(5.62602779413,176.53871177875));
#4927 = CARTESIAN_POINT('',(5.623965903768,176.76925628143));
#4928 = CARTESIAN_POINT('',(5.623965903768,177.23189805174));
#4929 = CARTESIAN_POINT('',(5.626048475131,177.46359210771));
#4930 = CARTESIAN_POINT('',(5.630206868374,177.69424597678));
#4931 = CARTESIAN_POINT('',(5.636400544615,177.92300243213));
#4932 = CARTESIAN_POINT('',(5.644554527587,178.14893679012));
#4933 = CARTESIAN_POINT('',(5.66459070946,178.59378998729));
#4934 = CARTESIAN_POINT('',(5.676486701873,178.81273294979));
#4935 = CARTESIAN_POINT('',(5.690164825569,179.02749498766));
#4936 = CARTESIAN_POINT('',(5.705550263403,179.23764220918));
#4937 = CARTESIAN_POINT('',(5.722575255521,179.44263811851));
#4938 = CARTESIAN_POINT('',(5.76702232138,179.91847975543));
#4939 = CARTESIAN_POINT('',(5.795906299962,180.18385849518));
#4940 = CARTESIAN_POINT('',(5.82778193734,180.43739780932));
#4941 = CARTESIAN_POINT('',(5.862705811362,180.67760566365));
#4942 = CARTESIAN_POINT('',(5.900783333651,180.90166482503));
#4943 = CARTESIAN_POINT('',(5.969744504746,181.24055475275));
#4944 = CARTESIAN_POINT('',(5.998888934273,181.3673462316));
#4945 = CARTESIAN_POINT('',(6.029552312201,181.48340280184));
#4946 = CARTESIAN_POINT('',(6.061696917996,181.58669191369));
#4947 = CARTESIAN_POINT('',(6.095282577895,181.67503527672));
#4948 = CARTESIAN_POINT('',(6.154616268931,181.79548752443));
#4949 = CARTESIAN_POINT('',(6.179630081434,181.83650141198));
#4950 = CARTESIAN_POINT('',(6.205149058662,181.86802093318));
#4951 = CARTESIAN_POINT('',(6.231017054134,181.88931917589));
#4952 = CARTESIAN_POINT('',(6.257080567406,181.9));
#4953 = CARTESIAN_POINT('',(6.28318530718,181.9));
#4954 = ( GEOMETRIC_REPRESENTATION_CONTEXT(2) 
PARAMETRIC_REPRESENTATION_CONTEXT() REPRESENTATION_CONTEXT('2D SPACE',''
  ) );
#4955 = ADVANCED_FACE('',(#4956),#1054,.F.);
#4956 = FACE_BOUND('',#4957,.F.);
#4957 = EDGE_LOOP('',(#4958,#5130,#5151,#5152,#5153,#5154));
#4958 = ORIENTED_EDGE('',*,*,#4959,.F.);
#4959 = EDGE_CURVE('',#4960,#4962,#4964,.T.);
#4960 = VERTEX_POINT('',#4961);
#4961 = CARTESIAN_POINT('',(54.9,510.,205.));
#4962 = VERTEX_POINT('',#4963);
#4963 = CARTESIAN_POINT('',(45.099999999999,510.,205.));
#4964 = SURFACE_CURVE('',#4965,(#5018,#5074),.PCURVE_S1.);
#4965 = B_SPLINE_CURVE_WITH_KNOTS('',6,(#4966,#4967,#4968,#4969,#4970,
    #4971,#4972,#4973,#4974,#4975,#4976,#4977,#4978,#4979,#4980,#4981,
    #4982,#4983,#4984,#4985,#4986,#4987,#4988,#4989,#4990,#4991,#4992,
    #4993,#4994,#4995,#4996,#4997,#4998,#4999,#5000,#5001,#5002,#5003,
    #5004,#5005,#5006,#5007,#5008,#5009,#5010,#5011,#5012,#5013,#5014,
    #5015,#5016,#5017),.UNSPECIFIED.,.F.,.F.,(7,5,5,5,5,5,5,5,5,5,7),(0.
    ,0.106385609545,0.193906312489,0.298346769577,0.399736826763,
    0.499827173018,0.600418237595,0.701325734431,0.841475917342,
    0.934946411565,1.),.UNSPECIFIED.);
#4966 = CARTESIAN_POINT('',(54.9,510.,205.));
#4967 = CARTESIAN_POINT('',(54.9,510.34333061985,205.));
#4968 = CARTESIAN_POINT('',(54.871132101097,510.68369940129,
    205.01768179525));
#4969 = CARTESIAN_POINT('',(54.814332328964,511.01609351773,
    205.05247063324));
#4970 = CARTESIAN_POINT('',(54.732048759109,511.33565109626,
    205.10238386518));
#4971 = CARTESIAN_POINT('',(54.628237270522,511.63789856306,
    205.16411496576));
#4972 = CARTESIAN_POINT('',(54.410217266606,512.15014487528,
    205.29068120349));
#4973 = CARTESIAN_POINT('',(54.300340971697,512.36881967311,
    205.3534753023));
#4974 = CARTESIAN_POINT('',(54.180685537872,512.5751327911,
    205.42048775465));
#4975 = CARTESIAN_POINT('',(54.052630162526,512.76939776668,
    205.49044267324));
#4976 = CARTESIAN_POINT('',(53.91728439618,512.95200765469,
    205.56223823939));
#4977 = CARTESIAN_POINT('',(53.606338094053,513.32787716609,
    205.72163653663));
#4978 = CARTESIAN_POINT('',(53.427823031761,513.5166015686,
    205.8097098845));
#4979 = CARTESIAN_POINT('',(53.241339078121,513.69026636392,
    205.89753583949));
#4980 = CARTESIAN_POINT('',(53.047806142242,513.84954652702,
    205.98376644978));
#4981 = CARTESIAN_POINT('',(52.847794852589,513.99499497286,
    206.06719787104));
#4982 = CARTESIAN_POINT('',(52.441480199429,514.25507293832,
    206.2238123885));
#4983 = CARTESIAN_POINT('',(52.235468906635,514.37051881869,
    206.29724732776));
#4984 = CARTESIAN_POINT('',(52.024259368993,514.47336016231,
    206.36575644099));
#4985 = CARTESIAN_POINT('',(51.808396689567,514.56362924868,
    206.42819131542));
#4986 = CARTESIAN_POINT('',(51.588321539818,514.64129250031,
    206.48349409501));
#4987 = CARTESIAN_POINT('',(51.143323316583,514.77030275827,
    206.57734535463));
#4988 = CARTESIAN_POINT('',(50.91845698859,514.82198599735,
    206.6161085113));
#4989 = CARTESIAN_POINT('',(50.690807980391,514.86092489522,
    206.64595773632));
#4990 = CARTESIAN_POINT('',(50.46128822125,514.88696105147,
    206.66613201296));
#4991 = CARTESIAN_POINT('',(50.230743718561,514.9,206.67623529849));
#4992 = CARTESIAN_POINT('',(49.76810194826,514.9,206.67623529849));
#4993 = CARTESIAN_POINT('',(49.536407892289,514.88683026818,
    206.6660306752));
#4994 = CARTESIAN_POINT('',(49.305754023221,514.86053375659,
    206.64565465953));
#4995 = CARTESIAN_POINT('',(49.076997567864,514.82120656227,
    206.6155110702));
#4996 = CARTESIAN_POINT('',(48.851063209872,514.76900949078,
    206.57637551719));
#4997 = CARTESIAN_POINT('',(48.406210012701,514.63936180045,
    206.48211955836));
#4998 = CARTESIAN_POINT('',(48.187267050203,514.56181854924,
    206.42693876893));
#4999 = CARTESIAN_POINT('',(47.972505012334,514.47179072448,
    206.36471007996));
#5000 = CARTESIAN_POINT('',(47.762357790817,514.36931059266,
    206.29647689959));
#5001 = CARTESIAN_POINT('',(47.557361881484,514.25434537923,
    206.22337101795));
#5002 = CARTESIAN_POINT('',(47.081520244568,513.94973134613,
    206.03994540005));
#5003 = CARTESIAN_POINT('',(46.816141504815,513.74847091966,
    205.92623771552));
#5004 = CARTESIAN_POINT('',(46.562602190674,513.52215117911,
    205.80823002672));
#5005 = CARTESIAN_POINT('',(46.322394336348,513.26916005665,
    205.68878009202));
#5006 = CARTESIAN_POINT('',(46.098335174961,512.98757853194,
    205.57141266506));
#5007 = CARTESIAN_POINT('',(45.759445246968,512.4676609196,
    205.38689481641));
#5008 = CARTESIAN_POINT('',(45.632653768567,512.24548886025,
    205.31580142983));
#5009 = CARTESIAN_POINT('',(45.516597198369,512.00918880837,
    205.24908465612));
#5010 = CARTESIAN_POINT('',(45.413308086243,511.75895420843,
    205.18852527837));
#5011 = CARTESIAN_POINT('',(45.324964723132,511.49519370241,
    205.13598523872));
#5012 = CARTESIAN_POINT('',(45.204512475562,511.02606317183,
    205.06368236305));
#5013 = CARTESIAN_POINT('',(45.163498588015,510.82742088589,
    205.0388260805));
#5014 = CARTESIAN_POINT('',(45.131979066815,510.6240339505,
    205.0195871678));
#5015 = CARTESIAN_POINT('',(45.110680824108,510.41734599141,
    205.00654200757));
#5016 = CARTESIAN_POINT('',(45.1,510.20883791818,205.));
#5017 = CARTESIAN_POINT('',(45.1,510.,205.));
#5018 = PCURVE('',#1054,#5019);
#5019 = DEFINITIONAL_REPRESENTATION('',(#5020),#5073);
#5020 = B_SPLINE_CURVE_WITH_KNOTS('',6,(#5021,#5022,#5023,#5024,#5025,
    #5026,#5027,#5028,#5029,#5030,#5031,#5032,#5033,#5034,#5035,#5036,
    #5037,#5038,#5039,#5040,#5041,#5042,#5043,#5044,#5045,#5046,#5047,
    #5048,#5049,#5050,#5051,#5052,#5053,#5054,#5055,#5056,#5057,#5058,
    #5059,#5060,#5061,#5062,#5063,#5064,#5065,#5066,#5067,#5068,#5069,
    #5070,#5071,#5072),.UNSPECIFIED.,.F.,.F.,(7,5,5,5,5,5,5,5,5,5,7),(0.
    ,0.106385609545,0.193906312489,0.298346769577,0.399736826763,
    0.499827173018,0.600418237595,0.701325734431,0.841475917342,
    0.934946411565,1.),.UNSPECIFIED.);
#5021 = CARTESIAN_POINT('',(0.,5.));
#5022 = CARTESIAN_POINT('',(7.006747343876E-02,5.));
#5023 = CARTESIAN_POINT('',(0.139530456365,5.017681795252));
#5024 = CARTESIAN_POINT('',(0.20798538115,5.052470633248));
#5025 = CARTESIAN_POINT('',(0.275004606402,5.102383865185));
#5026 = CARTESIAN_POINT('',(0.340057781694,5.164114965768));
#5027 = CARTESIAN_POINT('',(0.453672614057,5.290681203494));
#5028 = CARTESIAN_POINT('',(0.503517191527,5.353475302309));
#5029 = CARTESIAN_POINT('',(0.552064697709,5.420487754659));
#5030 = CARTESIAN_POINT('',(0.599438933748,5.490442673243));
#5031 = CARTESIAN_POINT('',(0.645760576019,5.562238239392));
#5032 = CARTESIAN_POINT('',(0.745315079813,5.721636536634));
#5033 = CARTESIAN_POINT('',(0.79821418801,5.809709884501));
#5034 = CARTESIAN_POINT('',(0.850066920394,5.897535839495));
#5035 = CARTESIAN_POINT('',(0.901081572258,5.983766449784));
#5036 = CARTESIAN_POINT('',(0.95146285968,6.067197871048));
#5037 = CARTESIAN_POINT('',(1.049916574302,6.223812388502));
#5038 = CARTESIAN_POINT('',(1.098028378457,6.297247327761));
#5039 = CARTESIAN_POINT('',(1.14585238139,6.365756440992));
#5040 = CARTESIAN_POINT('',(1.193487131026,6.428191315426));
#5041 = CARTESIAN_POINT('',(1.241037507409,6.483494095015));
#5042 = CARTESIAN_POINT('',(1.335592971288,6.577345354636));
#5043 = CARTESIAN_POINT('',(1.382606070232,6.616108511308));
#5044 = CARTESIAN_POINT('',(1.429627064458,6.645957736324));
#5045 = CARTESIAN_POINT('',(1.476655894135,6.666132012968));
#5046 = CARTESIAN_POINT('',(1.523705771987,6.676235298495));
#5047 = CARTESIAN_POINT('',(1.618122459803,6.676235298495));
#5048 = CARTESIAN_POINT('',(1.665406939696,6.666030675209));
#5049 = CARTESIAN_POINT('',(1.712670058632,6.64565465954));
#5050 = CARTESIAN_POINT('',(1.759925504172,6.615511070201));
#5051 = CARTESIAN_POINT('',(1.807173427027,6.57637551719));
#5052 = CARTESIAN_POINT('',(1.90173678065,6.482119558362));
#5053 = CARTESIAN_POINT('',(1.949062252284,6.426938768933));
#5054 = CARTESIAN_POINT('',(1.996472419662,6.364710079964));
#5055 = CARTESIAN_POINT('',(2.044070898269,6.296476899592));
#5056 = CARTESIAN_POINT('',(2.091955155725,6.223371017957));
#5057 = CARTESIAN_POINT('',(2.207259467176,6.039945400056));
#5058 = CARTESIAN_POINT('',(2.27501763054,5.926237715524));
#5059 = CARTESIAN_POINT('',(2.344039310908,5.808230026721));
#5060 = CARTESIAN_POINT('',(2.414850290026,5.688780092021));
#5061 = CARTESIAN_POINT('',(2.487961397311,5.571412665068));
#5062 = CARTESIAN_POINT('',(2.614617146315,5.386894816414));
#5063 = CARTESIAN_POINT('',(2.666731044656,5.315801429839));
#5064 = CARTESIAN_POINT('',(2.720299456625,5.24908465612));
#5065 = CARTESIAN_POINT('',(2.775360885501,5.18852527837));
#5066 = CARTESIAN_POINT('',(2.831982496958,5.135985238722));
#5067 = CARTESIAN_POINT('',(2.930828861887,5.063682363055));
#5068 = CARTESIAN_POINT('',(2.972176066608,5.038826080508));
#5069 = CARTESIAN_POINT('',(3.014099426639,5.019587167807));
#5070 = CARTESIAN_POINT('',(3.056420003964,5.006542007577));
#5071 = CARTESIAN_POINT('',(3.098972670286,5.));
#5072 = CARTESIAN_POINT('',(3.14159265359,5.));
#5073 = ( GEOMETRIC_REPRESENTATION_CONTEXT(2) 
PARAMETRIC_REPRESENTATION_CONTEXT() REPRESENTATION_CONTEXT('2D SPACE',''
  ) );
#5074 = PCURVE('',#3602,#5075);
#5075 = DEFINITIONAL_REPRESENTATION('',(#5076),#5129);
#5076 = B_SPLINE_CURVE_WITH_KNOTS('',6,(#5077,#5078,#5079,#5080,#5081,
    #5082,#5083,#5084,#5085,#5086,#5087,#5088,#5089,#5090,#5091,#5092,
    #5093,#5094,#5095,#5096,#5097,#5098,#5099,#5100,#5101,#5102,#5103,
    #5104,#5105,#5106,#5107,#5108,#5109,#5110,#5111,#5112,#5113,#5114,
    #5115,#5116,#5117,#5118,#5119,#5120,#5121,#5122,#5123,#5124,#5125,
    #5126,#5127,#5128),.UNSPECIFIED.,.F.,.F.,(7,5,5,5,5,5,5,5,5,5,7),(0.
    ,0.106385609545,0.193906312489,0.298346769577,0.399736826763,
    0.499827173018,0.600418237595,0.701325734431,0.841475917342,
    0.934946411565,1.),.UNSPECIFIED.);
#5077 = CARTESIAN_POINT('',(0.,231.9));
#5078 = CARTESIAN_POINT('',(4.291632748124E-02,231.9));
#5079 = CARTESIAN_POINT('',(8.546249208674E-02,231.87113210109));
#5080 = CARTESIAN_POINT('',(0.127153710995,231.81433232896));
#5081 = CARTESIAN_POINT('',(0.16751382824,231.7320487591));
#5082 = CARTESIAN_POINT('',(0.206042739456,231.62823727052));
#5083 = CARTESIAN_POINT('',(0.271999081185,231.4102172666));
#5084 = CARTESIAN_POINT('',(0.300418203756,231.30034097169));
#5085 = CARTESIAN_POINT('',(0.327511204553,231.18068553787));
#5086 = CARTESIAN_POINT('',(0.353303792854,231.05263016252));
#5087 = CARTESIAN_POINT('',(0.377822267569,230.91728439618));
#5088 = CARTESIAN_POINT('',(0.428856218702,230.60633809405));
#5089 = CARTESIAN_POINT('',(0.45487285801,230.42782303176));
#5090 = CARTESIAN_POINT('',(0.479182487843,230.24133907812));
#5091 = CARTESIAN_POINT('',(0.501812323022,230.04780614224));
#5092 = CARTESIAN_POINT('',(0.522767308566,229.84779485258));
#5093 = CARTESIAN_POINT('',(0.560716422356,229.44148019942));
#5094 = CARTESIAN_POINT('',(0.577814112353,229.23546890663));
#5095 = CARTESIAN_POINT('',(0.593256201483,229.02425936899));
#5096 = CARTESIAN_POINT('',(0.606973777734,228.80839668956));
#5097 = CARTESIAN_POINT('',(0.618890834052,228.58832153981));
#5098 = CARTESIAN_POINT('',(0.638832822414,228.14332331658));
#5099 = CARTESIAN_POINT('',(0.646907517563,227.91845698859));
#5100 = CARTESIAN_POINT('',(0.653040291854,227.69080798039));
#5101 = CARTESIAN_POINT('',(0.657157513049,227.46128822125));
#5102 = CARTESIAN_POINT('',(0.659219403412,227.23074371856));
#5103 = CARTESIAN_POINT('',(0.659219403412,226.76810194826));
#5104 = CARTESIAN_POINT('',(0.657136832048,226.53640789228));
#5105 = CARTESIAN_POINT('',(0.652978438806,226.30575402322));
#5106 = CARTESIAN_POINT('',(0.646784762565,226.07699756786));
#5107 = CARTESIAN_POINT('',(0.638630779593,225.85106320987));
#5108 = CARTESIAN_POINT('',(0.618594597719,225.4062100127));
#5109 = CARTESIAN_POINT('',(0.606698605307,225.1872670502));
#5110 = CARTESIAN_POINT('',(0.593020481611,224.97250501233));
#5111 = CARTESIAN_POINT('',(0.577635043776,224.76235779081));
#5112 = CARTESIAN_POINT('',(0.560610051659,224.55736188148));
#5113 = CARTESIAN_POINT('',(0.516162985799,224.08152024456));
#5114 = CARTESIAN_POINT('',(0.487279007217,223.81614150481));
#5115 = CARTESIAN_POINT('',(0.455403369839,223.56260219067));
#5116 = CARTESIAN_POINT('',(0.420479495817,223.32239433634));
#5117 = CARTESIAN_POINT('',(0.382401973529,223.09833517496));
#5118 = CARTESIAN_POINT('',(0.313440802378,222.75944524696));
#5119 = CARTESIAN_POINT('',(0.284296372929,222.63265376856));
#5120 = CARTESIAN_POINT('',(0.253632995041,222.51659719836));
#5121 = CARTESIAN_POINT('',(0.221488389194,222.41330808624));
#5122 = CARTESIAN_POINT('',(0.187902729215,222.32496472313));
#5123 = CARTESIAN_POINT('',(0.128569038248,222.20451247556));
#5124 = CARTESIAN_POINT('',(0.103555225746,222.16349858801));
#5125 = CARTESIAN_POINT('',(7.803624851795E-02,222.13197906681));
#5126 = CARTESIAN_POINT('',(5.216825304599E-02,222.1106808241));
#5127 = CARTESIAN_POINT('',(2.61047397736E-02,222.1));
#5128 = CARTESIAN_POINT('',(0.,222.1));
#5129 = ( GEOMETRIC_REPRESENTATION_CONTEXT(2) 
PARAMETRIC_REPRESENTATION_CONTEXT() REPRESENTATION_CONTEXT('2D SPACE',''
  ) );
#5130 = ORIENTED_EDGE('',*,*,#5131,.F.);
#5131 = EDGE_CURVE('',#931,#4960,#5132,.T.);
#5132 = SEAM_CURVE('',#5133,(#5137,#5144),.PCURVE_S1.);
#5133 = LINE('',#5134,#5135);
#5134 = CARTESIAN_POINT('',(54.9,510.,200.));
#5135 = VECTOR('',#5136,1.);
#5136 = DIRECTION('',(0.,0.,1.));
#5137 = PCURVE('',#1054,#5138);
#5138 = DEFINITIONAL_REPRESENTATION('',(#5139),#5143);
#5139 = LINE('',#5140,#5141);
#5140 = CARTESIAN_POINT('',(6.28318530718,-0.));
#5141 = VECTOR('',#5142,1.);
#5142 = DIRECTION('',(0.,1.));
#5143 = ( GEOMETRIC_REPRESENTATION_CONTEXT(2) 
PARAMETRIC_REPRESENTATION_CONTEXT() REPRESENTATION_CONTEXT('2D SPACE',''
  ) );
#5144 = PCURVE('',#1054,#5145);
#5145 = DEFINITIONAL_REPRESENTATION('',(#5146),#5150);
#5146 = LINE('',#5147,#5148);
#5147 = CARTESIAN_POINT('',(0.,-0.));
#5148 = VECTOR('',#5149,1.);
#5149 = DIRECTION('',(0.,1.));
#5150 = ( GEOMETRIC_REPRESENTATION_CONTEXT(2) 
PARAMETRIC_REPRESENTATION_CONTEXT() REPRESENTATION_CONTEXT('2D SPACE',''
  ) );
#5151 = ORIENTED_EDGE('',*,*,#1965,.T.);
#5152 = ORIENTED_EDGE('',*,*,#930,.T.);
#5153 = ORIENTED_EDGE('',*,*,#5131,.T.);
#5154 = ORIENTED_EDGE('',*,*,#5155,.F.);
#5155 = EDGE_CURVE('',#4962,#4960,#5156,.T.);
#5156 = SURFACE_CURVE('',#5157,(#5210,#5266),.PCURVE_S1.);
#5157 = B_SPLINE_CURVE_WITH_KNOTS('',6,(#5158,#5159,#5160,#5161,#5162,
    #5163,#5164,#5165,#5166,#5167,#5168,#5169,#5170,#5171,#5172,#5173,
    #5174,#5175,#5176,#5177,#5178,#5179,#5180,#5181,#5182,#5183,#5184,
    #5185,#5186,#5187,#5188,#5189,#5190,#5191,#5192,#5193,#5194,#5195,
    #5196,#5197,#5198,#5199,#5200,#5201,#5202,#5203,#5204,#5205,#5206,
    #5207,#5208,#5209),.UNSPECIFIED.,.F.,.F.,(7,5,5,5,5,5,5,5,5,5,7),(0.
    ,0.106385609591,0.193906312573,0.298346769707,0.399736826937,
    0.499827173236,0.600418237857,0.701325734739,0.841475917712,
    0.934946411792,1.),.UNSPECIFIED.);
#5158 = CARTESIAN_POINT('',(45.1,510.,205.));
#5159 = CARTESIAN_POINT('',(45.1,509.65666938015,205.));
#5160 = CARTESIAN_POINT('',(45.128867898903,509.3163005987,
    205.01768179525));
#5161 = CARTESIAN_POINT('',(45.185667671036,508.98390648226,
    205.05247063324));
#5162 = CARTESIAN_POINT('',(45.267951240891,508.66434890373,
    205.10238386518));
#5163 = CARTESIAN_POINT('',(45.371762729478,508.36210143693,
    205.16411496576));
#5164 = CARTESIAN_POINT('',(45.589782733394,507.84985512472,
    205.29068120349));
#5165 = CARTESIAN_POINT('',(45.699659028303,507.63118032688,
    205.3534753023));
#5166 = CARTESIAN_POINT('',(45.819314462128,507.42486720889,
    205.42048775465));
#5167 = CARTESIAN_POINT('',(45.947369837474,507.23060223331,
    205.49044267324));
#5168 = CARTESIAN_POINT('',(46.08271560382,507.0479923453,
    205.56223823939));
#5169 = CARTESIAN_POINT('',(46.393661905947,506.6721228339,
    205.72163653663));
#5170 = CARTESIAN_POINT('',(46.572176968239,506.48339843139,
    205.8097098845));
#5171 = CARTESIAN_POINT('',(46.758660921879,506.30973363607,
    205.89753583949));
#5172 = CARTESIAN_POINT('',(46.952193857758,506.15045347297,
    205.98376644978));
#5173 = CARTESIAN_POINT('',(47.152205147411,506.00500502713,
    206.06719787104));
#5174 = CARTESIAN_POINT('',(47.558519800571,505.74492706167,
    206.2238123885));
#5175 = CARTESIAN_POINT('',(47.764531093365,505.6294811813,
    206.29724732776));
#5176 = CARTESIAN_POINT('',(47.975740631007,505.52663983769,
    206.36575644099));
#5177 = CARTESIAN_POINT('',(48.191603310433,505.43637075131,
    206.42819131542));
#5178 = CARTESIAN_POINT('',(48.411678460183,505.35870749968,
    206.48349409501));
#5179 = CARTESIAN_POINT('',(48.856676683417,505.22969724173,
    206.57734535463));
#5180 = CARTESIAN_POINT('',(49.081543011409,505.17801400264,
    206.6161085113));
#5181 = CARTESIAN_POINT('',(49.309192019611,505.13907510478,
    206.64595773632));
#5182 = CARTESIAN_POINT('',(49.538711778749,505.11303894853,
    206.66613201296));
#5183 = CARTESIAN_POINT('',(49.769256281439,505.1,206.67623529849));
#5184 = CARTESIAN_POINT('',(50.23189805174,505.1,206.67623529849));
#5185 = CARTESIAN_POINT('',(50.46359210771,505.11316973181,
    206.6660306752));
#5186 = CARTESIAN_POINT('',(50.694245976781,505.1394662434,
    206.64565465953));
#5187 = CARTESIAN_POINT('',(50.923002432134,505.17879343772,
    206.6155110702));
#5188 = CARTESIAN_POINT('',(51.148936790129,505.23099050921,
    206.57637551719));
#5189 = CARTESIAN_POINT('',(51.593789987298,505.36063819954,
    206.48211955836));
#5190 = CARTESIAN_POINT('',(51.812732949797,505.43818145075,
    206.42693876893));
#5191 = CARTESIAN_POINT('',(52.027494987666,505.52820927551,
    206.36471007996));
#5192 = CARTESIAN_POINT('',(52.237642209182,505.63068940733,
    206.29647689959));
#5193 = CARTESIAN_POINT('',(52.442638118517,505.74565462076,
    206.22337101795));
#5194 = CARTESIAN_POINT('',(52.918479755432,506.05026865386,
    206.03994540005));
#5195 = CARTESIAN_POINT('',(53.183858495184,506.25152908033,
    205.92623771552));
#5196 = CARTESIAN_POINT('',(53.437397809327,506.47784882088,
    205.80823002672));
#5197 = CARTESIAN_POINT('',(53.677605663652,506.73083994334,
    205.68878009202));
#5198 = CARTESIAN_POINT('',(53.901664825039,507.01242146805,
    205.57141266506));
#5199 = CARTESIAN_POINT('',(54.240554752764,507.53233907998,
    205.38689481656));
#5200 = CARTESIAN_POINT('',(54.367346231603,507.7545111399,
    205.31580142974));
#5201 = CARTESIAN_POINT('',(54.483402801837,507.99081119209,
    205.249084656));
#5202 = CARTESIAN_POINT('',(54.586691913699,508.24104579165,
    205.18852527839));
#5203 = CARTESIAN_POINT('',(54.675035276729,508.50480629704,
    205.1359852388));
#5204 = CARTESIAN_POINT('',(54.795487524438,508.97393682816,
    205.06368236305));
#5205 = CARTESIAN_POINT('',(54.836501411985,509.1725791141,
    205.0388260805));
#5206 = CARTESIAN_POINT('',(54.868020933185,509.37596604949,
    205.0195871678));
#5207 = CARTESIAN_POINT('',(54.889319175892,509.58265400858,
    205.00654200757));
#5208 = CARTESIAN_POINT('',(54.9,509.79116208181,205.));
#5209 = CARTESIAN_POINT('',(54.9,510.,205.));
#5210 = PCURVE('',#1054,#5211);
#5211 = DEFINITIONAL_REPRESENTATION('',(#5212),#5265);
#5212 = B_SPLINE_CURVE_WITH_KNOTS('',6,(#5213,#5214,#5215,#5216,#5217,
    #5218,#5219,#5220,#5221,#5222,#5223,#5224,#5225,#5226,#5227,#5228,
    #5229,#5230,#5231,#5232,#5233,#5234,#5235,#5236,#5237,#5238,#5239,
    #5240,#5241,#5242,#5243,#5244,#5245,#5246,#5247,#5248,#5249,#5250,
    #5251,#5252,#5253,#5254,#5255,#5256,#5257,#5258,#5259,#5260,#5261,
    #5262,#5263,#5264),.UNSPECIFIED.,.F.,.F.,(7,5,5,5,5,5,5,5,5,5,7),(0.
    ,0.106385609591,0.193906312573,0.298346769707,0.399736826937,
    0.499827173236,0.600418237857,0.701325734739,0.841475917712,
    0.934946411792,1.),.UNSPECIFIED.);
#5213 = CARTESIAN_POINT('',(3.14159265359,5.));
#5214 = CARTESIAN_POINT('',(3.211660127029,5.));
#5215 = CARTESIAN_POINT('',(3.281123109955,5.017681795252));
#5216 = CARTESIAN_POINT('',(3.34957803474,5.052470633248));
#5217 = CARTESIAN_POINT('',(3.416597259992,5.102383865185));
#5218 = CARTESIAN_POINT('',(3.481650435284,5.164114965768));
#5219 = CARTESIAN_POINT('',(3.595265267647,5.290681203494));
#5220 = CARTESIAN_POINT('',(3.645109845117,5.353475302309));
#5221 = CARTESIAN_POINT('',(3.693657351298,5.420487754659));
#5222 = CARTESIAN_POINT('',(3.741031587338,5.490442673243));
#5223 = CARTESIAN_POINT('',(3.787353229609,5.562238239392));
#5224 = CARTESIAN_POINT('',(3.886907733402,5.721636536634));
#5225 = CARTESIAN_POINT('',(3.939806841599,5.809709884501));
#5226 = CARTESIAN_POINT('',(3.991659573983,5.897535839495));
#5227 = CARTESIAN_POINT('',(4.042674225848,5.983766449784));
#5228 = CARTESIAN_POINT('',(4.09305551327,6.067197871048));
#5229 = CARTESIAN_POINT('',(4.191509227892,6.223812388502));
#5230 = CARTESIAN_POINT('',(4.239621032047,6.297247327761));
#5231 = CARTESIAN_POINT('',(4.28744503498,6.365756440992));
#5232 = CARTESIAN_POINT('',(4.335079784615,6.428191315426));
#5233 = CARTESIAN_POINT('',(4.382630160999,6.483494095015));
#5234 = CARTESIAN_POINT('',(4.477185624877,6.577345354636));
#5235 = CARTESIAN_POINT('',(4.524198723822,6.616108511308));
#5236 = CARTESIAN_POINT('',(4.571219718048,6.645957736324));
#5237 = CARTESIAN_POINT('',(4.618248547724,6.666132012968));
#5238 = CARTESIAN_POINT('',(4.665298425576,6.676235298495));
#5239 = CARTESIAN_POINT('',(4.759715113393,6.676235298495));
#5240 = CARTESIAN_POINT('',(4.806999593286,6.666030675209));
#5241 = CARTESIAN_POINT('',(4.854262712223,6.645654659539));
#5242 = CARTESIAN_POINT('',(4.901518157762,6.615511070201));
#5243 = CARTESIAN_POINT('',(4.948766080617,6.57637551719));
#5244 = CARTESIAN_POINT('',(5.043329434239,6.482119558363));
#5245 = CARTESIAN_POINT('',(5.090654905874,6.426938768933));
#5246 = CARTESIAN_POINT('',(5.138065073251,6.364710079964));
#5247 = CARTESIAN_POINT('',(5.185663551859,6.296476899592));
#5248 = CARTESIAN_POINT('',(5.233547809315,6.223371017957));
#5249 = CARTESIAN_POINT('',(5.348852120766,6.039945400056));
#5250 = CARTESIAN_POINT('',(5.41661028413,5.926237715524));
#5251 = CARTESIAN_POINT('',(5.485631964498,5.80823002672));
#5252 = CARTESIAN_POINT('',(5.556442943616,5.688780092021));
#5253 = CARTESIAN_POINT('',(5.629554050901,5.571412665068));
#5254 = CARTESIAN_POINT('',(5.756209799804,5.38689481656));
#5255 = CARTESIAN_POINT('',(5.808323698289,5.315801429748));
#5256 = CARTESIAN_POINT('',(5.861892110321,5.249084656004));
#5257 = CARTESIAN_POINT('',(5.916953539103,5.188525278397));
#5258 = CARTESIAN_POINT('',(5.973575150433,5.135985238805));
#5259 = CARTESIAN_POINT('',(6.072421515477,5.063682363055));
#5260 = CARTESIAN_POINT('',(6.113768720198,5.038826080508));
#5261 = CARTESIAN_POINT('',(6.155692080229,5.019587167807));
#5262 = CARTESIAN_POINT('',(6.198012657554,5.006542007577));
#5263 = CARTESIAN_POINT('',(6.240565323876,5.));
#5264 = CARTESIAN_POINT('',(6.28318530718,5.));
#5265 = ( GEOMETRIC_REPRESENTATION_CONTEXT(2) 
PARAMETRIC_REPRESENTATION_CONTEXT() REPRESENTATION_CONTEXT('2D SPACE',''
  ) );
#5266 = PCURVE('',#3602,#5267);
#5267 = DEFINITIONAL_REPRESENTATION('',(#5268),#5321);
#5268 = B_SPLINE_CURVE_WITH_KNOTS('',6,(#5269,#5270,#5271,#5272,#5273,
    #5274,#5275,#5276,#5277,#5278,#5279,#5280,#5281,#5282,#5283,#5284,
    #5285,#5286,#5287,#5288,#5289,#5290,#5291,#5292,#5293,#5294,#5295,
    #5296,#5297,#5298,#5299,#5300,#5301,#5302,#5303,#5304,#5305,#5306,
    #5307,#5308,#5309,#5310,#5311,#5312,#5313,#5314,#5315,#5316,#5317,
    #5318,#5319,#5320),.UNSPECIFIED.,.F.,.F.,(7,5,5,5,5,5,5,5,5,5,7),(0.
    ,0.106385609591,0.193906312573,0.298346769707,0.399736826937,
    0.499827173236,0.600418237857,0.701325734739,0.841475917712,
    0.934946411792,1.),.UNSPECIFIED.);
#5269 = CARTESIAN_POINT('',(6.28318530718,222.1));
#5270 = CARTESIAN_POINT('',(6.240268979698,222.1));
#5271 = CARTESIAN_POINT('',(6.197722815093,222.1288678989));
#5272 = CARTESIAN_POINT('',(6.156031596184,222.18566767103));
#5273 = CARTESIAN_POINT('',(6.11567147894,222.26795124089));
#5274 = CARTESIAN_POINT('',(6.077142567724,222.37176272947));
#5275 = CARTESIAN_POINT('',(6.011186225995,222.58978273339));
#5276 = CARTESIAN_POINT('',(5.982767103424,222.6996590283));
#5277 = CARTESIAN_POINT('',(5.955674102626,222.81931446212));
#5278 = CARTESIAN_POINT('',(5.929881514326,222.94736983747));
#5279 = CARTESIAN_POINT('',(5.90536303961,223.08271560382));
#5280 = CARTESIAN_POINT('',(5.854329088478,223.39366190594));
#5281 = CARTESIAN_POINT('',(5.82831244917,223.57217696823));
#5282 = CARTESIAN_POINT('',(5.804002819337,223.75866092187));
#5283 = CARTESIAN_POINT('',(5.781372984158,223.95219385775));
#5284 = CARTESIAN_POINT('',(5.760417998613,224.15220514741));
#5285 = CARTESIAN_POINT('',(5.722468884824,224.55851980057));
#5286 = CARTESIAN_POINT('',(5.705371194827,224.76453109336));
#5287 = CARTESIAN_POINT('',(5.689929105697,224.975740631));
#5288 = CARTESIAN_POINT('',(5.676211529446,225.19160331043));
#5289 = CARTESIAN_POINT('',(5.664294473128,225.41167846018));
#5290 = CARTESIAN_POINT('',(5.644352484765,225.85667668341));
#5291 = CARTESIAN_POINT('',(5.636277789616,226.0815430114));
#5292 = CARTESIAN_POINT('',(5.630145015326,226.30919201961));
#5293 = CARTESIAN_POINT('',(5.62602779413,226.53871177874));
#5294 = CARTESIAN_POINT('',(5.623965903768,226.76925628143));
#5295 = CARTESIAN_POINT('',(5.623965903768,227.23189805174));
#5296 = CARTESIAN_POINT('',(5.626048475131,227.46359210771));
#5297 = CARTESIAN_POINT('',(5.630206868374,227.69424597678));
#5298 = CARTESIAN_POINT('',(5.636400544615,227.92300243213));
#5299 = CARTESIAN_POINT('',(5.644554527587,228.14893679012));
#5300 = CARTESIAN_POINT('',(5.66459070946,228.59378998729));
#5301 = CARTESIAN_POINT('',(5.676486701873,228.81273294979));
#5302 = CARTESIAN_POINT('',(5.690164825569,229.02749498766));
#5303 = CARTESIAN_POINT('',(5.705550263403,229.23764220918));
#5304 = CARTESIAN_POINT('',(5.722575255521,229.44263811851));
#5305 = CARTESIAN_POINT('',(5.76702232138,229.91847975543));
#5306 = CARTESIAN_POINT('',(5.795906299962,230.18385849518));
#5307 = CARTESIAN_POINT('',(5.82778193734,230.43739780932));
#5308 = CARTESIAN_POINT('',(5.862705811362,230.67760566365));
#5309 = CARTESIAN_POINT('',(5.900783333651,230.90166482503));
#5310 = CARTESIAN_POINT('',(5.969744504747,231.24055475276));
#5311 = CARTESIAN_POINT('',(5.998888934273,231.3673462316));
#5312 = CARTESIAN_POINT('',(6.0295523122,231.48340280183));
#5313 = CARTESIAN_POINT('',(6.061696917996,231.58669191369));
#5314 = CARTESIAN_POINT('',(6.095282577896,231.67503527672));
#5315 = CARTESIAN_POINT('',(6.154616268931,231.79548752443));
#5316 = CARTESIAN_POINT('',(6.179630081434,231.83650141198));
#5317 = CARTESIAN_POINT('',(6.205149058662,231.86802093318));
#5318 = CARTESIAN_POINT('',(6.231017054134,231.88931917589));
#5319 = CARTESIAN_POINT('',(6.257080567406,231.9));
#5320 = CARTESIAN_POINT('',(6.28318530718,231.9));
#5321 = ( GEOMETRIC_REPRESENTATION_CONTEXT(2) 
PARAMETRIC_REPRESENTATION_CONTEXT() REPRESENTATION_CONTEXT('2D SPACE',''
  ) );
#5322 = ADVANCED_FACE('',(#5323),#1267,.F.);
#5323 = FACE_BOUND('',#5324,.F.);
#5324 = EDGE_LOOP('',(#5325,#5497,#5518,#5519,#5520,#5521));
#5325 = ORIENTED_EDGE('',*,*,#5326,.F.);
#5326 = EDGE_CURVE('',#5327,#5329,#5331,.T.);
#5327 = VERTEX_POINT('',#5328);
#5328 = CARTESIAN_POINT('',(104.9,510.,205.));
#5329 = VERTEX_POINT('',#5330);
#5330 = CARTESIAN_POINT('',(95.099999999999,510.,205.));
#5331 = SURFACE_CURVE('',#5332,(#5385,#5441),.PCURVE_S1.);
#5332 = B_SPLINE_CURVE_WITH_KNOTS('',6,(#5333,#5334,#5335,#5336,#5337,
    #5338,#5339,#5340,#5341,#5342,#5343,#5344,#5345,#5346,#5347,#5348,
    #5349,#5350,#5351,#5352,#5353,#5354,#5355,#5356,#5357,#5358,#5359,
    #5360,#5361,#5362,#5363,#5364,#5365,#5366,#5367,#5368,#5369,#5370,
    #5371,#5372,#5373,#5374,#5375,#5376,#5377,#5378,#5379,#5380,#5381,
    #5382,#5383,#5384),.UNSPECIFIED.,.F.,.F.,(7,5,5,5,5,5,5,5,5,5,7),(0.
    ,0.106385611078,0.193906315413,0.298346763916,0.399736821919,
    0.499827168981,0.600418234369,0.70132573202,0.841475916063,
    0.93494641104,1.),.UNSPECIFIED.);
#5333 = CARTESIAN_POINT('',(104.9,510.,205.));
#5334 = CARTESIAN_POINT('',(104.9,510.34333062029,205.));
#5335 = CARTESIAN_POINT('',(104.87113210102,510.68369940119,
    205.01768179529));
#5336 = CARTESIAN_POINT('',(104.81433232905,511.0160935173,
    205.05247063319));
#5337 = CARTESIAN_POINT('',(104.73204875923,511.33565109613,
    205.10238386511));
#5338 = CARTESIAN_POINT('',(104.62823727034,511.63789856347,
    205.16411496586));
#5339 = CARTESIAN_POINT('',(104.4102172666,512.15014487528,
    205.29068120349));
#5340 = CARTESIAN_POINT('',(104.30034097169,512.36881967311,
    205.3534753023));
#5341 = CARTESIAN_POINT('',(104.18068553787,512.5751327911,
    205.42048775465));
#5342 = CARTESIAN_POINT('',(104.05263016252,512.76939776668,
    205.49044267324));
#5343 = CARTESIAN_POINT('',(103.91728439617,512.95200765469,
    205.56223823939));
#5344 = CARTESIAN_POINT('',(103.60633811065,513.32787714603,
    205.72163652812));
#5345 = CARTESIAN_POINT('',(103.42782300361,513.5166015949,
    205.80970989727));
#5346 = CARTESIAN_POINT('',(103.241339079,513.69026636774,
    205.89753584013));
#5347 = CARTESIAN_POINT('',(103.04780617075,513.84954650256,
    205.98376643733));
#5348 = CARTESIAN_POINT('',(102.84779483397,513.99499498478,
    206.06719787822));
#5349 = CARTESIAN_POINT('',(102.44148019942,514.25507293832,
    206.2238123885));
#5350 = CARTESIAN_POINT('',(102.23546890663,514.37051881869,
    206.29724732776));
#5351 = CARTESIAN_POINT('',(102.02425936899,514.47336016231,
    206.36575644099));
#5352 = CARTESIAN_POINT('',(101.80839668956,514.56362924868,
    206.42819131542));
#5353 = CARTESIAN_POINT('',(101.58832153981,514.64129250031,
    206.48349409501));
#5354 = CARTESIAN_POINT('',(101.14332331658,514.77030275827,
    206.57734535463));
#5355 = CARTESIAN_POINT('',(100.91845698859,514.82198599735,
    206.6161085113));
#5356 = CARTESIAN_POINT('',(100.69080798038,514.86092489522,
    206.64595773632));
#5357 = CARTESIAN_POINT('',(100.46128822125,514.88696105147,
    206.66613201296));
#5358 = CARTESIAN_POINT('',(100.23074371856,514.9,206.67623529849));
#5359 = CARTESIAN_POINT('',(99.76810194826,514.9,206.67623529849));
#5360 = CARTESIAN_POINT('',(99.536407892289,514.88683026818,
    206.6660306752));
#5361 = CARTESIAN_POINT('',(99.305754023221,514.86053375659,
    206.64565465953));
#5362 = CARTESIAN_POINT('',(99.076997567865,514.82120656227,
    206.6155110702));
#5363 = CARTESIAN_POINT('',(98.85106320987,514.76900949078,
    206.57637551719));
#5364 = CARTESIAN_POINT('',(98.4062100127,514.63936180045,
    206.48211955836));
#5365 = CARTESIAN_POINT('',(98.187267050202,514.56181854924,
    206.42693876893));
#5366 = CARTESIAN_POINT('',(97.972505012333,514.47179072448,
    206.36471007996));
#5367 = CARTESIAN_POINT('',(97.762357790816,514.36931059266,
    206.29647689959));
#5368 = CARTESIAN_POINT('',(97.557361881482,514.25434537923,
    206.22337101795));
#5369 = CARTESIAN_POINT('',(97.081520244566,513.94973134613,
    206.03994540005));
#5370 = CARTESIAN_POINT('',(96.816141504814,513.74847091966,
    205.92623771552));
#5371 = CARTESIAN_POINT('',(96.562602190673,513.52215117911,
    205.80823002672));
#5372 = CARTESIAN_POINT('',(96.322394336347,513.26916005665,
    205.68878009202));
#5373 = CARTESIAN_POINT('',(96.098335174961,512.98757853194,
    205.57141266506));
#5374 = CARTESIAN_POINT('',(95.759445246968,512.4676609196,
    205.38689481641));
#5375 = CARTESIAN_POINT('',(95.632653768566,512.24548886025,
    205.31580142983));
#5376 = CARTESIAN_POINT('',(95.516597198368,512.00918880837,
    205.24908465612));
#5377 = CARTESIAN_POINT('',(95.413308086243,511.75895420843,
    205.18852527837));
#5378 = CARTESIAN_POINT('',(95.324964723132,511.49519370241,
    205.13598523872));
#5379 = CARTESIAN_POINT('',(95.204512475562,511.02606317183,
    205.06368236305));
#5380 = CARTESIAN_POINT('',(95.163498588015,510.82742088589,
    205.0388260805));
#5381 = CARTESIAN_POINT('',(95.131979066815,510.6240339505,
    205.0195871678));
#5382 = CARTESIAN_POINT('',(95.110680824108,510.41734599141,
    205.00654200757));
#5383 = CARTESIAN_POINT('',(95.1,510.20883791818,205.));
#5384 = CARTESIAN_POINT('',(95.1,510.,205.));
#5385 = PCURVE('',#1267,#5386);
#5386 = DEFINITIONAL_REPRESENTATION('',(#5387),#5440);
#5387 = B_SPLINE_CURVE_WITH_KNOTS('',6,(#5388,#5389,#5390,#5391,#5392,
    #5393,#5394,#5395,#5396,#5397,#5398,#5399,#5400,#5401,#5402,#5403,
    #5404,#5405,#5406,#5407,#5408,#5409,#5410,#5411,#5412,#5413,#5414,
    #5415,#5416,#5417,#5418,#5419,#5420,#5421,#5422,#5423,#5424,#5425,
    #5426,#5427,#5428,#5429,#5430,#5431,#5432,#5433,#5434,#5435,#5436,
    #5437,#5438,#5439),.UNSPECIFIED.,.F.,.F.,(7,5,5,5,5,5,5,5,5,5,7),(0.
    ,0.106385611078,0.193906315413,0.298346763916,0.399736821919,
    0.499827168981,0.600418234369,0.70132573202,0.841475916063,
    0.93494641104,1.),.UNSPECIFIED.);
#5388 = CARTESIAN_POINT('',(0.,5.));
#5389 = CARTESIAN_POINT('',(7.006747352921E-02,5.));
#5390 = CARTESIAN_POINT('',(0.139530456344,5.017681795298));
#5391 = CARTESIAN_POINT('',(0.207985381065,5.052470633192));
#5392 = CARTESIAN_POINT('',(0.275004606369,5.102383865115));
#5393 = CARTESIAN_POINT('',(0.340057781785,5.164114965869));
#5394 = CARTESIAN_POINT('',(0.453672614058,5.290681203495));
#5395 = CARTESIAN_POINT('',(0.503517191527,5.353475302309));
#5396 = CARTESIAN_POINT('',(0.552064697708,5.420487754658));
#5397 = CARTESIAN_POINT('',(0.599438933748,5.490442673243));
#5398 = CARTESIAN_POINT('',(0.64576057602,5.562238239393));
#5399 = CARTESIAN_POINT('',(0.745315074499,5.721636528126));
#5400 = CARTESIAN_POINT('',(0.798214195949,5.809709897278));
#5401 = CARTESIAN_POINT('',(0.85006692078,5.897535840138));
#5402 = CARTESIAN_POINT('',(0.901081564513,5.983766437331));
#5403 = CARTESIAN_POINT('',(0.95146286419,6.067197878222));
#5404 = CARTESIAN_POINT('',(1.049916574302,6.223812388502));
#5405 = CARTESIAN_POINT('',(1.098028378457,6.297247327762));
#5406 = CARTESIAN_POINT('',(1.145852381391,6.365756440993));
#5407 = CARTESIAN_POINT('',(1.193487131026,6.428191315427));
#5408 = CARTESIAN_POINT('',(1.241037507409,6.483494095015));
#5409 = CARTESIAN_POINT('',(1.335592971288,6.577345354636));
#5410 = CARTESIAN_POINT('',(1.382606070232,6.616108511308));
#5411 = CARTESIAN_POINT('',(1.429627064459,6.645957736324));
#5412 = CARTESIAN_POINT('',(1.476655894134,6.666132012968));
#5413 = CARTESIAN_POINT('',(1.523705771987,6.676235298495));
#5414 = CARTESIAN_POINT('',(1.618122459803,6.676235298495));
#5415 = CARTESIAN_POINT('',(1.665406939696,6.666030675209));
#5416 = CARTESIAN_POINT('',(1.712670058633,6.645654659539));
#5417 = CARTESIAN_POINT('',(1.759925504172,6.615511070201));
#5418 = CARTESIAN_POINT('',(1.807173427027,6.57637551719));
#5419 = CARTESIAN_POINT('',(1.90173678065,6.482119558362));
#5420 = CARTESIAN_POINT('',(1.949062252284,6.426938768933));
#5421 = CARTESIAN_POINT('',(1.996472419662,6.364710079964));
#5422 = CARTESIAN_POINT('',(2.044070898269,6.296476899591));
#5423 = CARTESIAN_POINT('',(2.091955155725,6.223371017956));
#5424 = CARTESIAN_POINT('',(2.207259467176,6.039945400055));
#5425 = CARTESIAN_POINT('',(2.27501763054,5.926237715523));
#5426 = CARTESIAN_POINT('',(2.344039310908,5.80823002672));
#5427 = CARTESIAN_POINT('',(2.414850290027,5.688780092021));
#5428 = CARTESIAN_POINT('',(2.487961397312,5.571412665068));
#5429 = CARTESIAN_POINT('',(2.614617146315,5.386894816414));
#5430 = CARTESIAN_POINT('',(2.666731044656,5.315801429839));
#5431 = CARTESIAN_POINT('',(2.720299456625,5.24908465612));
#5432 = CARTESIAN_POINT('',(2.775360885501,5.18852527837));
#5433 = CARTESIAN_POINT('',(2.831982496958,5.135985238721));
#5434 = CARTESIAN_POINT('',(2.930828861887,5.063682363055));
#5435 = CARTESIAN_POINT('',(2.972176066608,5.038826080508));
#5436 = CARTESIAN_POINT('',(3.014099426639,5.019587167807));
#5437 = CARTESIAN_POINT('',(3.056420003964,5.006542007577));
#5438 = CARTESIAN_POINT('',(3.098972670286,5.));
#5439 = CARTESIAN_POINT('',(3.14159265359,5.));
#5440 = ( GEOMETRIC_REPRESENTATION_CONTEXT(2) 
PARAMETRIC_REPRESENTATION_CONTEXT() REPRESENTATION_CONTEXT('2D SPACE',''
  ) );
#5441 = PCURVE('',#3602,#5442);
#5442 = DEFINITIONAL_REPRESENTATION('',(#5443),#5496);
#5443 = B_SPLINE_CURVE_WITH_KNOTS('',6,(#5444,#5445,#5446,#5447,#5448,
    #5449,#5450,#5451,#5452,#5453,#5454,#5455,#5456,#5457,#5458,#5459,
    #5460,#5461,#5462,#5463,#5464,#5465,#5466,#5467,#5468,#5469,#5470,
    #5471,#5472,#5473,#5474,#5475,#5476,#5477,#5478,#5479,#5480,#5481,
    #5482,#5483,#5484,#5485,#5486,#5487,#5488,#5489,#5490,#5491,#5492,
    #5493,#5494,#5495),.UNSPECIFIED.,.F.,.F.,(7,5,5,5,5,5,5,5,5,5,7),(0.
    ,0.106385611078,0.193906315413,0.298346763916,0.399736821919,
    0.499827168981,0.600418234369,0.70132573202,0.841475916063,
    0.93494641104,1.),.UNSPECIFIED.);
#5444 = CARTESIAN_POINT('',(0.,281.9));
#5445 = CARTESIAN_POINT('',(4.291632753664E-02,281.9));
#5446 = CARTESIAN_POINT('',(8.546249207381E-02,281.87113210102));
#5447 = CARTESIAN_POINT('',(0.127153710942,281.81433232905));
#5448 = CARTESIAN_POINT('',(0.167513828222,281.73204875923));
#5449 = CARTESIAN_POINT('',(0.206042739508,281.62823727034));
#5450 = CARTESIAN_POINT('',(0.271999081185,281.4102172666));
#5451 = CARTESIAN_POINT('',(0.300418203756,281.30034097169));
#5452 = CARTESIAN_POINT('',(0.327511204553,281.18068553787));
#5453 = CARTESIAN_POINT('',(0.353303792854,281.05263016252));
#5454 = CARTESIAN_POINT('',(0.37782226757,280.91728439617));
#5455 = CARTESIAN_POINT('',(0.428856215978,280.60633811065));
#5456 = CARTESIAN_POINT('',(0.454872861671,280.42782300361));
#5457 = CARTESIAN_POINT('',(0.479182488306,280.241339079));
#5458 = CARTESIAN_POINT('',(0.501812319584,280.04780617075));
#5459 = CARTESIAN_POINT('',(0.522767310305,279.84779483397));
#5460 = CARTESIAN_POINT('',(0.560716422356,279.44148019942));
#5461 = CARTESIAN_POINT('',(0.577814112353,279.23546890663));
#5462 = CARTESIAN_POINT('',(0.593256201483,279.02425936899));
#5463 = CARTESIAN_POINT('',(0.606973777734,278.80839668956));
#5464 = CARTESIAN_POINT('',(0.618890834052,278.58832153981));
#5465 = CARTESIAN_POINT('',(0.638832822414,278.14332331658));
#5466 = CARTESIAN_POINT('',(0.646907517563,277.91845698859));
#5467 = CARTESIAN_POINT('',(0.653040291854,277.69080798038));
#5468 = CARTESIAN_POINT('',(0.657157513049,277.46128822125));
#5469 = CARTESIAN_POINT('',(0.659219403412,277.23074371856));
#5470 = CARTESIAN_POINT('',(0.659219403412,276.76810194826));
#5471 = CARTESIAN_POINT('',(0.657136832048,276.53640789228));
#5472 = CARTESIAN_POINT('',(0.652978438806,276.30575402322));
#5473 = CARTESIAN_POINT('',(0.646784762565,276.07699756786));
#5474 = CARTESIAN_POINT('',(0.638630779593,275.85106320987));
#5475 = CARTESIAN_POINT('',(0.618594597719,275.4062100127));
#5476 = CARTESIAN_POINT('',(0.606698605307,275.1872670502));
#5477 = CARTESIAN_POINT('',(0.593020481611,274.97250501233));
#5478 = CARTESIAN_POINT('',(0.577635043776,274.76235779081));
#5479 = CARTESIAN_POINT('',(0.560610051659,274.55736188148));
#5480 = CARTESIAN_POINT('',(0.516162985799,274.08152024456));
#5481 = CARTESIAN_POINT('',(0.487279007217,273.81614150481));
#5482 = CARTESIAN_POINT('',(0.455403369839,273.56260219067));
#5483 = CARTESIAN_POINT('',(0.420479495817,273.32239433634));
#5484 = CARTESIAN_POINT('',(0.382401973529,273.09833517496));
#5485 = CARTESIAN_POINT('',(0.313440802378,272.75944524696));
#5486 = CARTESIAN_POINT('',(0.284296372928,272.63265376856));
#5487 = CARTESIAN_POINT('',(0.253632995041,272.51659719836));
#5488 = CARTESIAN_POINT('',(0.221488389194,272.41330808624));
#5489 = CARTESIAN_POINT('',(0.187902729215,272.32496472313));
#5490 = CARTESIAN_POINT('',(0.128569038248,272.20451247556));
#5491 = CARTESIAN_POINT('',(0.103555225746,272.16349858801));
#5492 = CARTESIAN_POINT('',(7.803624851792E-02,272.13197906681));
#5493 = CARTESIAN_POINT('',(5.216825304599E-02,272.1106808241));
#5494 = CARTESIAN_POINT('',(2.610473977362E-02,272.1));
#5495 = CARTESIAN_POINT('',(0.,272.1));
#5496 = ( GEOMETRIC_REPRESENTATION_CONTEXT(2) 
PARAMETRIC_REPRESENTATION_CONTEXT() REPRESENTATION_CONTEXT('2D SPACE',''
  ) );
#5497 = ORIENTED_EDGE('',*,*,#5498,.F.);
#5498 = EDGE_CURVE('',#1144,#5327,#5499,.T.);
#5499 = SEAM_CURVE('',#5500,(#5504,#5511),.PCURVE_S1.);
#5500 = LINE('',#5501,#5502);
#5501 = CARTESIAN_POINT('',(104.9,510.,200.));
#5502 = VECTOR('',#5503,1.);
#5503 = DIRECTION('',(0.,0.,1.));
#5504 = PCURVE('',#1267,#5505);
#5505 = DEFINITIONAL_REPRESENTATION('',(#5506),#5510);
#5506 = LINE('',#5507,#5508);
#5507 = CARTESIAN_POINT('',(6.28318530718,-0.));
#5508 = VECTOR('',#5509,1.);
#5509 = DIRECTION('',(0.,1.));
#5510 = ( GEOMETRIC_REPRESENTATION_CONTEXT(2) 
PARAMETRIC_REPRESENTATION_CONTEXT() REPRESENTATION_CONTEXT('2D SPACE',''
  ) );
#5511 = PCURVE('',#1267,#5512);
#5512 = DEFINITIONAL_REPRESENTATION('',(#5513),#5517);
#5513 = LINE('',#5514,#5515);
#5514 = CARTESIAN_POINT('',(0.,-0.));
#5515 = VECTOR('',#5516,1.);
#5516 = DIRECTION('',(0.,1.));
#5517 = ( GEOMETRIC_REPRESENTATION_CONTEXT(2) 
PARAMETRIC_REPRESENTATION_CONTEXT() REPRESENTATION_CONTEXT('2D SPACE',''
  ) );
#5518 = ORIENTED_EDGE('',*,*,#1781,.T.);
#5519 = ORIENTED_EDGE('',*,*,#1143,.T.);
#5520 = ORIENTED_EDGE('',*,*,#5498,.T.);
#5521 = ORIENTED_EDGE('',*,*,#5522,.F.);
#5522 = EDGE_CURVE('',#5329,#5327,#5523,.T.);
#5523 = SURFACE_CURVE('',#5524,(#5577,#5633),.PCURVE_S1.);
#5524 = B_SPLINE_CURVE_WITH_KNOTS('',6,(#5525,#5526,#5527,#5528,#5529,
    #5530,#5531,#5532,#5533,#5534,#5535,#5536,#5537,#5538,#5539,#5540,
    #5541,#5542,#5543,#5544,#5545,#5546,#5547,#5548,#5549,#5550,#5551,
    #5552,#5553,#5554,#5555,#5556,#5557,#5558,#5559,#5560,#5561,#5562,
    #5563,#5564,#5565,#5566,#5567,#5568,#5569,#5570,#5571,#5572,#5573,
    #5574,#5575,#5576),.UNSPECIFIED.,.F.,.F.,(7,5,5,5,5,5,5,5,5,5,7),(0.
    ,0.106385609461,0.193906312457,0.298346769605,0.39973682685,
    0.499827173163,0.600418237798,0.701325734695,0.841475917688,
    0.934946411782,1.),.UNSPECIFIED.);
#5525 = CARTESIAN_POINT('',(95.1,510.,205.));
#5526 = CARTESIAN_POINT('',(95.1,509.65666937973,205.));
#5527 = CARTESIAN_POINT('',(95.128867898971,509.3163005988,
    205.01768179529));
#5528 = CARTESIAN_POINT('',(95.185667670956,508.98390648266,
    205.05247063319));
#5529 = CARTESIAN_POINT('',(95.267951240774,508.66434890385,
    205.10238386512));
#5530 = CARTESIAN_POINT('',(95.371762729641,508.36210143655,
    205.16411496586));
#5531 = CARTESIAN_POINT('',(95.589782733394,507.84985512471,
    205.29068120349));
#5532 = CARTESIAN_POINT('',(95.699659028303,507.63118032688,
    205.3534753023));
#5533 = CARTESIAN_POINT('',(95.819314462127,507.42486720889,
    205.42048775465));
#5534 = CARTESIAN_POINT('',(95.947369837474,507.23060223331,
    205.49044267324));
#5535 = CARTESIAN_POINT('',(96.08271560382,507.0479923453,
    205.56223823939));
#5536 = CARTESIAN_POINT('',(96.393661905947,506.6721228339,
    205.72163653663));
#5537 = CARTESIAN_POINT('',(96.57217696824,506.48339843139,
    205.8097098845));
#5538 = CARTESIAN_POINT('',(96.758660921879,506.30973363607,
    205.89753583949));
#5539 = CARTESIAN_POINT('',(96.952193857758,506.15045347297,
    205.98376644978));
#5540 = CARTESIAN_POINT('',(97.152205147412,506.00500502713,
    206.06719787104));
#5541 = CARTESIAN_POINT('',(97.558519800572,505.74492706167,
    206.2238123885));
#5542 = CARTESIAN_POINT('',(97.764531093366,505.6294811813,
    206.29724732776));
#5543 = CARTESIAN_POINT('',(97.975740631008,505.52663983768,
    206.36575644099));
#5544 = CARTESIAN_POINT('',(98.191603310434,505.43637075131,
    206.42819131542));
#5545 = CARTESIAN_POINT('',(98.411678460184,505.35870749968,
    206.48349409501));
#5546 = CARTESIAN_POINT('',(98.856676683418,505.22969724173,
    206.57734535463));
#5547 = CARTESIAN_POINT('',(99.081543011411,505.17801400264,
    206.6161085113));
#5548 = CARTESIAN_POINT('',(99.309192019611,505.13907510477,
    206.64595773632));
#5549 = CARTESIAN_POINT('',(99.53871177875,505.11303894853,
    206.66613201296));
#5550 = CARTESIAN_POINT('',(99.769256281439,505.1,206.67623529849));
#5551 = CARTESIAN_POINT('',(100.23189805174,505.1,206.67623529849));
#5552 = CARTESIAN_POINT('',(100.46359210771,505.11316973181,
    206.6660306752));
#5553 = CARTESIAN_POINT('',(100.69424597677,505.1394662434,
    206.64565465953));
#5554 = CARTESIAN_POINT('',(100.92300243213,505.17879343772,
    206.6155110702));
#5555 = CARTESIAN_POINT('',(101.14893679013,505.23099050921,
    206.57637551719));
#5556 = CARTESIAN_POINT('',(101.5937899873,505.36063819954,
    206.48211955836));
#5557 = CARTESIAN_POINT('',(101.81273294979,505.43818145076,
    206.42693876893));
#5558 = CARTESIAN_POINT('',(102.02749498766,505.52820927551,
    206.36471007996));
#5559 = CARTESIAN_POINT('',(102.23764220918,505.63068940733,
    206.29647689959));
#5560 = CARTESIAN_POINT('',(102.44263811851,505.74565462076,
    206.22337101795));
#5561 = CARTESIAN_POINT('',(102.91847975543,506.05026865387,
    206.03994540005));
#5562 = CARTESIAN_POINT('',(103.18385849518,506.25152908033,
    205.92623771552));
#5563 = CARTESIAN_POINT('',(103.43739780932,506.47784882088,
    205.80823002672));
#5564 = CARTESIAN_POINT('',(103.67760566365,506.73083994334,
    205.68878009202));
#5565 = CARTESIAN_POINT('',(103.90166482503,507.01242146805,
    205.57141266506));
#5566 = CARTESIAN_POINT('',(104.24055475276,507.53233907998,
    205.38689481656));
#5567 = CARTESIAN_POINT('',(104.3673462316,507.7545111399,
    205.31580142974));
#5568 = CARTESIAN_POINT('',(104.48340280183,507.99081119209,
    205.249084656));
#5569 = CARTESIAN_POINT('',(104.58669191369,508.24104579165,
    205.18852527839));
#5570 = CARTESIAN_POINT('',(104.67503527672,508.50480629704,
    205.1359852388));
#5571 = CARTESIAN_POINT('',(104.79548752443,508.97393682816,
    205.06368236305));
#5572 = CARTESIAN_POINT('',(104.83650141198,509.1725791141,
    205.0388260805));
#5573 = CARTESIAN_POINT('',(104.86802093318,509.37596604949,
    205.0195871678));
#5574 = CARTESIAN_POINT('',(104.88931917589,509.58265400858,
    205.00654200757));
#5575 = CARTESIAN_POINT('',(104.9,509.79116208181,205.));
#5576 = CARTESIAN_POINT('',(104.9,510.,205.));
#5577 = PCURVE('',#1267,#5578);
#5578 = DEFINITIONAL_REPRESENTATION('',(#5579),#5632);
#5579 = B_SPLINE_CURVE_WITH_KNOTS('',6,(#5580,#5581,#5582,#5583,#5584,
    #5585,#5586,#5587,#5588,#5589,#5590,#5591,#5592,#5593,#5594,#5595,
    #5596,#5597,#5598,#5599,#5600,#5601,#5602,#5603,#5604,#5605,#5606,
    #5607,#5608,#5609,#5610,#5611,#5612,#5613,#5614,#5615,#5616,#5617,
    #5618,#5619,#5620,#5621,#5622,#5623,#5624,#5625,#5626,#5627,#5628,
    #5629,#5630,#5631),.UNSPECIFIED.,.F.,.F.,(7,5,5,5,5,5,5,5,5,5,7),(0.
    ,0.106385609461,0.193906312457,0.298346769605,0.39973682685,
    0.499827173163,0.600418237798,0.701325734695,0.841475917688,
    0.934946411782,1.),.UNSPECIFIED.);
#5580 = CARTESIAN_POINT('',(3.14159265359,5.));
#5581 = CARTESIAN_POINT('',(3.211660127113,5.));
#5582 = CARTESIAN_POINT('',(3.281123109935,5.017681795295));
#5583 = CARTESIAN_POINT('',(3.34957803466,5.052470633195));
#5584 = CARTESIAN_POINT('',(3.416597259961,5.10238386512));
#5585 = CARTESIAN_POINT('',(3.481650435369,5.164114965863));
#5586 = CARTESIAN_POINT('',(3.595265267647,5.290681203495));
#5587 = CARTESIAN_POINT('',(3.645109845117,5.353475302309));
#5588 = CARTESIAN_POINT('',(3.693657351298,5.420487754659));
#5589 = CARTESIAN_POINT('',(3.741031587338,5.490442673243));
#5590 = CARTESIAN_POINT('',(3.787353229609,5.562238239392));
#5591 = CARTESIAN_POINT('',(3.886907733402,5.721636536634));
#5592 = CARTESIAN_POINT('',(3.9398068416,5.809709884501));
#5593 = CARTESIAN_POINT('',(3.991659573983,5.897535839495));
#5594 = CARTESIAN_POINT('',(4.042674225848,5.983766449784));
#5595 = CARTESIAN_POINT('',(4.09305551327,6.067197871048));
#5596 = CARTESIAN_POINT('',(4.191509227892,6.223812388502));
#5597 = CARTESIAN_POINT('',(4.239621032047,6.297247327762));
#5598 = CARTESIAN_POINT('',(4.28744503498,6.365756440993));
#5599 = CARTESIAN_POINT('',(4.335079784616,6.428191315427));
#5600 = CARTESIAN_POINT('',(4.382630160999,6.483494095015));
#5601 = CARTESIAN_POINT('',(4.477185624878,6.577345354636));
#5602 = CARTESIAN_POINT('',(4.524198723822,6.616108511308));
#5603 = CARTESIAN_POINT('',(4.571219718048,6.645957736324));
#5604 = CARTESIAN_POINT('',(4.618248547724,6.666132012968));
#5605 = CARTESIAN_POINT('',(4.665298425576,6.676235298495));
#5606 = CARTESIAN_POINT('',(4.759715113393,6.676235298495));
#5607 = CARTESIAN_POINT('',(4.806999593286,6.666030675209));
#5608 = CARTESIAN_POINT('',(4.854262712222,6.645654659539));
#5609 = CARTESIAN_POINT('',(4.901518157762,6.615511070201));
#5610 = CARTESIAN_POINT('',(4.948766080617,6.57637551719));
#5611 = CARTESIAN_POINT('',(5.04332943424,6.482119558362));
#5612 = CARTESIAN_POINT('',(5.090654905874,6.426938768933));
#5613 = CARTESIAN_POINT('',(5.138065073252,6.364710079964));
#5614 = CARTESIAN_POINT('',(5.185663551859,6.296476899592));
#5615 = CARTESIAN_POINT('',(5.233547809315,6.223371017956));
#5616 = CARTESIAN_POINT('',(5.348852120766,6.039945400055));
#5617 = CARTESIAN_POINT('',(5.41661028413,5.926237715523));
#5618 = CARTESIAN_POINT('',(5.485631964498,5.80823002672));
#5619 = CARTESIAN_POINT('',(5.556442943616,5.688780092021));
#5620 = CARTESIAN_POINT('',(5.629554050901,5.571412665068));
#5621 = CARTESIAN_POINT('',(5.756209799804,5.38689481656));
#5622 = CARTESIAN_POINT('',(5.80832369829,5.315801429748));
#5623 = CARTESIAN_POINT('',(5.861892110321,5.249084656004));
#5624 = CARTESIAN_POINT('',(5.916953539103,5.188525278397));
#5625 = CARTESIAN_POINT('',(5.973575150434,5.135985238805));
#5626 = CARTESIAN_POINT('',(6.072421515477,5.063682363055));
#5627 = CARTESIAN_POINT('',(6.113768720198,5.038826080508));
#5628 = CARTESIAN_POINT('',(6.155692080229,5.019587167807));
#5629 = CARTESIAN_POINT('',(6.198012657554,5.006542007577));
#5630 = CARTESIAN_POINT('',(6.240565323876,5.));
#5631 = CARTESIAN_POINT('',(6.28318530718,5.));
#5632 = ( GEOMETRIC_REPRESENTATION_CONTEXT(2) 
PARAMETRIC_REPRESENTATION_CONTEXT() REPRESENTATION_CONTEXT('2D SPACE',''
  ) );
#5633 = PCURVE('',#3602,#5634);
#5634 = DEFINITIONAL_REPRESENTATION('',(#5635),#5688);
#5635 = B_SPLINE_CURVE_WITH_KNOTS('',6,(#5636,#5637,#5638,#5639,#5640,
    #5641,#5642,#5643,#5644,#5645,#5646,#5647,#5648,#5649,#5650,#5651,
    #5652,#5653,#5654,#5655,#5656,#5657,#5658,#5659,#5660,#5661,#5662,
    #5663,#5664,#5665,#5666,#5667,#5668,#5669,#5670,#5671,#5672,#5673,
    #5674,#5675,#5676,#5677,#5678,#5679,#5680,#5681,#5682,#5683,#5684,
    #5685,#5686,#5687),.UNSPECIFIED.,.F.,.F.,(7,5,5,5,5,5,5,5,5,5,7),(0.
    ,0.106385609461,0.193906312457,0.298346769605,0.39973682685,
    0.499827173163,0.600418237798,0.701325734695,0.841475917688,
    0.934946411782,1.),.UNSPECIFIED.);
#5636 = CARTESIAN_POINT('',(6.28318530718,272.1));
#5637 = CARTESIAN_POINT('',(6.240268979647,272.1));
#5638 = CARTESIAN_POINT('',(6.197722815105,272.12886789897));
#5639 = CARTESIAN_POINT('',(6.156031596234,272.18566767095));
#5640 = CARTESIAN_POINT('',(6.115671478956,272.26795124077));
#5641 = CARTESIAN_POINT('',(6.077142567675,272.37176272964));
#5642 = CARTESIAN_POINT('',(6.011186225995,272.58978273339));
#5643 = CARTESIAN_POINT('',(5.982767103424,272.6996590283));
#5644 = CARTESIAN_POINT('',(5.955674102626,272.81931446212));
#5645 = CARTESIAN_POINT('',(5.929881514326,272.94736983747));
#5646 = CARTESIAN_POINT('',(5.90536303961,273.08271560382));
#5647 = CARTESIAN_POINT('',(5.854329088478,273.39366190594));
#5648 = CARTESIAN_POINT('',(5.82831244917,273.57217696824));
#5649 = CARTESIAN_POINT('',(5.804002819337,273.75866092187));
#5650 = CARTESIAN_POINT('',(5.781372984158,273.95219385775));
#5651 = CARTESIAN_POINT('',(5.760417998613,274.15220514741));
#5652 = CARTESIAN_POINT('',(5.722468884824,274.55851980057));
#5653 = CARTESIAN_POINT('',(5.705371194827,274.76453109336));
#5654 = CARTESIAN_POINT('',(5.689929105697,274.975740631));
#5655 = CARTESIAN_POINT('',(5.676211529446,275.19160331043));
#5656 = CARTESIAN_POINT('',(5.664294473128,275.41167846018));
#5657 = CARTESIAN_POINT('',(5.644352484765,275.85667668341));
#5658 = CARTESIAN_POINT('',(5.636277789616,276.08154301141));
#5659 = CARTESIAN_POINT('',(5.630145015326,276.30919201961));
#5660 = CARTESIAN_POINT('',(5.62602779413,276.53871177875));
#5661 = CARTESIAN_POINT('',(5.623965903768,276.76925628143));
#5662 = CARTESIAN_POINT('',(5.623965903768,277.23189805174));
#5663 = CARTESIAN_POINT('',(5.626048475131,277.46359210771));
#5664 = CARTESIAN_POINT('',(5.630206868374,277.69424597677));
#5665 = CARTESIAN_POINT('',(5.636400544615,277.92300243213));
#5666 = CARTESIAN_POINT('',(5.644554527587,278.14893679013));
#5667 = CARTESIAN_POINT('',(5.66459070946,278.5937899873));
#5668 = CARTESIAN_POINT('',(5.676486701873,278.81273294979));
#5669 = CARTESIAN_POINT('',(5.690164825569,279.02749498766));
#5670 = CARTESIAN_POINT('',(5.705550263403,279.23764220918));
#5671 = CARTESIAN_POINT('',(5.722575255521,279.44263811851));
#5672 = CARTESIAN_POINT('',(5.76702232138,279.91847975543));
#5673 = CARTESIAN_POINT('',(5.795906299962,280.18385849518));
#5674 = CARTESIAN_POINT('',(5.82778193734,280.43739780932));
#5675 = CARTESIAN_POINT('',(5.862705811362,280.67760566365));
#5676 = CARTESIAN_POINT('',(5.900783333651,280.90166482503));
#5677 = CARTESIAN_POINT('',(5.969744504747,281.24055475276));
#5678 = CARTESIAN_POINT('',(5.998888934273,281.3673462316));
#5679 = CARTESIAN_POINT('',(6.0295523122,281.48340280183));
#5680 = CARTESIAN_POINT('',(6.061696917996,281.58669191369));
#5681 = CARTESIAN_POINT('',(6.095282577896,281.67503527672));
#5682 = CARTESIAN_POINT('',(6.154616268931,281.79548752443));
#5683 = CARTESIAN_POINT('',(6.179630081434,281.83650141198));
#5684 = CARTESIAN_POINT('',(6.205149058662,281.86802093318));
#5685 = CARTESIAN_POINT('',(6.231017054134,281.88931917589));
#5686 = CARTESIAN_POINT('',(6.257080567406,281.9));
#5687 = CARTESIAN_POINT('',(6.28318530718,281.9));
#5688 = ( GEOMETRIC_REPRESENTATION_CONTEXT(2) 
PARAMETRIC_REPRESENTATION_CONTEXT() REPRESENTATION_CONTEXT('2D SPACE',''
  ) );
#5689 = ADVANCED_FACE('',(#5690),#1480,.F.);
#5690 = FACE_BOUND('',#5691,.F.);
#5691 = EDGE_LOOP('',(#5692,#5864,#5885,#5886,#5887,#5888));
#5692 = ORIENTED_EDGE('',*,*,#5693,.F.);
#5693 = EDGE_CURVE('',#5694,#5696,#5698,.T.);
#5694 = VERTEX_POINT('',#5695);
#5695 = CARTESIAN_POINT('',(154.9,510.,205.));
#5696 = VERTEX_POINT('',#5697);
#5697 = CARTESIAN_POINT('',(145.09999999999,510.,205.));
#5698 = SURFACE_CURVE('',#5699,(#5752,#5808),.PCURVE_S1.);
#5699 = B_SPLINE_CURVE_WITH_KNOTS('',6,(#5700,#5701,#5702,#5703,#5704,
    #5705,#5706,#5707,#5708,#5709,#5710,#5711,#5712,#5713,#5714,#5715,
    #5716,#5717,#5718,#5719,#5720,#5721,#5722,#5723,#5724,#5725,#5726,
    #5727,#5728,#5729,#5730,#5731,#5732,#5733,#5734,#5735,#5736,#5737,
    #5738,#5739,#5740,#5741,#5742,#5743,#5744,#5745,#5746,#5747,#5748,
    #5749,#5750,#5751),.UNSPECIFIED.,.F.,.F.,(7,5,5,5,5,5,5,5,5,5,7),(0.
    ,0.106385611312,0.193906315689,0.298346764212,0.399736822235,
    0.499827169318,0.600418234726,0.701325732398,0.841475916468,
    0.934946411278,1.),.UNSPECIFIED.);
#5700 = CARTESIAN_POINT('',(154.9,510.,205.));
#5701 = CARTESIAN_POINT('',(154.9,510.34333061985,205.));
#5702 = CARTESIAN_POINT('',(154.87113210109,510.68369940129,
    205.01768179525));
#5703 = CARTESIAN_POINT('',(154.81433232896,511.01609351773,
    205.05247063324));
#5704 = CARTESIAN_POINT('',(154.7320487591,511.33565109626,
    205.10238386518));
#5705 = CARTESIAN_POINT('',(154.62823727052,511.63789856306,
    205.16411496576));
#5706 = CARTESIAN_POINT('',(154.41021726663,512.15014487522,
    205.29068120348));
#5707 = CARTESIAN_POINT('',(154.3003409717,512.36881967312,
    205.3534753023));
#5708 = CARTESIAN_POINT('',(154.18068553784,512.57513279115,
    205.42048775467));
#5709 = CARTESIAN_POINT('',(154.0526301625,512.76939776669,
    205.49044267325));
#5710 = CARTESIAN_POINT('',(153.91728439621,512.95200765464,
    205.56223823937));
#5711 = CARTESIAN_POINT('',(153.60633811065,513.32787714603,
    205.72163652812));
#5712 = CARTESIAN_POINT('',(153.42782300361,513.5166015949,
    205.80970989727));
#5713 = CARTESIAN_POINT('',(153.241339079,513.69026636774,
    205.89753584013));
#5714 = CARTESIAN_POINT('',(153.04780617075,513.84954650256,
    205.98376643733));
#5715 = CARTESIAN_POINT('',(152.84779483397,513.99499498478,
    206.06719787822));
#5716 = CARTESIAN_POINT('',(152.44148019942,514.25507293832,
    206.2238123885));
#5717 = CARTESIAN_POINT('',(152.23546890663,514.37051881869,
    206.29724732776));
#5718 = CARTESIAN_POINT('',(152.02425936899,514.47336016231,
    206.36575644099));
#5719 = CARTESIAN_POINT('',(151.80839668956,514.56362924868,
    206.42819131542));
#5720 = CARTESIAN_POINT('',(151.58832153981,514.64129250031,
    206.48349409501));
#5721 = CARTESIAN_POINT('',(151.14332331658,514.77030275827,
    206.57734535463));
#5722 = CARTESIAN_POINT('',(150.91845698859,514.82198599735,
    206.6161085113));
#5723 = CARTESIAN_POINT('',(150.69080798038,514.86092489522,
    206.64595773632));
#5724 = CARTESIAN_POINT('',(150.46128822125,514.88696105147,
    206.66613201296));
#5725 = CARTESIAN_POINT('',(150.23074371856,514.9,206.67623529849));
#5726 = CARTESIAN_POINT('',(149.76810194826,514.9,206.67623529849));
#5727 = CARTESIAN_POINT('',(149.53640789228,514.88683026818,
    206.6660306752));
#5728 = CARTESIAN_POINT('',(149.30575402322,514.86053375659,
    206.64565465953));
#5729 = CARTESIAN_POINT('',(149.07699756786,514.82120656227,
    206.6155110702));
#5730 = CARTESIAN_POINT('',(148.85106320987,514.76900949078,
    206.57637551719));
#5731 = CARTESIAN_POINT('',(148.4062100127,514.63936180045,
    206.48211955836));
#5732 = CARTESIAN_POINT('',(148.1872670502,514.56181854924,
    206.42693876893));
#5733 = CARTESIAN_POINT('',(147.97250501233,514.47179072448,
    206.36471007996));
#5734 = CARTESIAN_POINT('',(147.76235779081,514.36931059266,
    206.29647689959));
#5735 = CARTESIAN_POINT('',(147.55736188148,514.25434537923,
    206.22337101795));
#5736 = CARTESIAN_POINT('',(147.08152024456,513.94973134613,
    206.03994540005));
#5737 = CARTESIAN_POINT('',(146.81614150481,513.74847091966,
    205.92623771552));
#5738 = CARTESIAN_POINT('',(146.56260219067,513.52215117911,
    205.80823002672));
#5739 = CARTESIAN_POINT('',(146.32239433634,513.26916005665,
    205.68878009202));
#5740 = CARTESIAN_POINT('',(146.09833517496,512.98757853194,
    205.57141266506));
#5741 = CARTESIAN_POINT('',(145.75944524723,512.46766092001,
    205.38689481656));
#5742 = CARTESIAN_POINT('',(145.63265376839,512.24548886009,
    205.31580142974));
#5743 = CARTESIAN_POINT('',(145.51659719816,512.0091888079,205.249084656
    ));
#5744 = CARTESIAN_POINT('',(145.4133080863,511.75895420834,
    205.18852527839));
#5745 = CARTESIAN_POINT('',(145.32496472327,511.49519370296,
    205.1359852388));
#5746 = CARTESIAN_POINT('',(145.20451247555,511.02606317181,
    205.06368236305));
#5747 = CARTESIAN_POINT('',(145.16349858801,510.82742088589,
    205.03882608051));
#5748 = CARTESIAN_POINT('',(145.13197906681,510.62403395052,
    205.0195871678));
#5749 = CARTESIAN_POINT('',(145.1106808241,510.41734599141,
    205.00654200757));
#5750 = CARTESIAN_POINT('',(145.1,510.20883791816,205.));
#5751 = CARTESIAN_POINT('',(145.1,510.,205.));
#5752 = PCURVE('',#1480,#5753);
#5753 = DEFINITIONAL_REPRESENTATION('',(#5754),#5807);
#5754 = B_SPLINE_CURVE_WITH_KNOTS('',6,(#5755,#5756,#5757,#5758,#5759,
    #5760,#5761,#5762,#5763,#5764,#5765,#5766,#5767,#5768,#5769,#5770,
    #5771,#5772,#5773,#5774,#5775,#5776,#5777,#5778,#5779,#5780,#5781,
    #5782,#5783,#5784,#5785,#5786,#5787,#5788,#5789,#5790,#5791,#5792,
    #5793,#5794,#5795,#5796,#5797,#5798,#5799,#5800,#5801,#5802,#5803,
    #5804,#5805,#5806),.UNSPECIFIED.,.F.,.F.,(7,5,5,5,5,5,5,5,5,5,7),(0.
    ,0.106385611312,0.193906315689,0.298346764212,0.399736822235,
    0.499827169318,0.600418234726,0.701325732398,0.841475916468,
    0.934946411278,1.),.UNSPECIFIED.);
#5755 = CARTESIAN_POINT('',(0.,5.));
#5756 = CARTESIAN_POINT('',(7.006747343884E-02,5.));
#5757 = CARTESIAN_POINT('',(0.139530456365,5.017681795252));
#5758 = CARTESIAN_POINT('',(0.20798538115,5.052470633248));
#5759 = CARTESIAN_POINT('',(0.275004606403,5.102383865185));
#5760 = CARTESIAN_POINT('',(0.340057781694,5.164114965768));
#5761 = CARTESIAN_POINT('',(0.453672614044,5.290681203481));
#5762 = CARTESIAN_POINT('',(0.503517191529,5.353475302308));
#5763 = CARTESIAN_POINT('',(0.55206469772,5.420487754677));
#5764 = CARTESIAN_POINT('',(0.599438933753,5.490442673251));
#5765 = CARTESIAN_POINT('',(0.645760576007,5.562238239372));
#5766 = CARTESIAN_POINT('',(0.745315074499,5.721636528126));
#5767 = CARTESIAN_POINT('',(0.798214195948,5.809709897278));
#5768 = CARTESIAN_POINT('',(0.85006692078,5.897535840139));
#5769 = CARTESIAN_POINT('',(0.901081564513,5.983766437331));
#5770 = CARTESIAN_POINT('',(0.95146286419,6.067197878221));
#5771 = CARTESIAN_POINT('',(1.049916574303,6.223812388502));
#5772 = CARTESIAN_POINT('',(1.098028378457,6.297247327762));
#5773 = CARTESIAN_POINT('',(1.145852381391,6.365756440993));
#5774 = CARTESIAN_POINT('',(1.193487131026,6.428191315427));
#5775 = CARTESIAN_POINT('',(1.241037507409,6.483494095015));
#5776 = CARTESIAN_POINT('',(1.335592971288,6.577345354637));
#5777 = CARTESIAN_POINT('',(1.382606070232,6.616108511308));
#5778 = CARTESIAN_POINT('',(1.429627064459,6.645957736324));
#5779 = CARTESIAN_POINT('',(1.476655894134,6.666132012968));
#5780 = CARTESIAN_POINT('',(1.523705771987,6.676235298495));
#5781 = CARTESIAN_POINT('',(1.618122459803,6.676235298495));
#5782 = CARTESIAN_POINT('',(1.665406939696,6.666030675209));
#5783 = CARTESIAN_POINT('',(1.712670058633,6.645654659539));
#5784 = CARTESIAN_POINT('',(1.759925504172,6.615511070201));
#5785 = CARTESIAN_POINT('',(1.807173427027,6.57637551719));
#5786 = CARTESIAN_POINT('',(1.90173678065,6.482119558362));
#5787 = CARTESIAN_POINT('',(1.949062252284,6.426938768933));
#5788 = CARTESIAN_POINT('',(1.996472419662,6.364710079964));
#5789 = CARTESIAN_POINT('',(2.044070898269,6.296476899591));
#5790 = CARTESIAN_POINT('',(2.091955155725,6.223371017956));
#5791 = CARTESIAN_POINT('',(2.207259467176,6.039945400055));
#5792 = CARTESIAN_POINT('',(2.27501763054,5.926237715523));
#5793 = CARTESIAN_POINT('',(2.344039310908,5.80823002672));
#5794 = CARTESIAN_POINT('',(2.414850290027,5.688780092021));
#5795 = CARTESIAN_POINT('',(2.487961397312,5.571412665068));
#5796 = CARTESIAN_POINT('',(2.614617146214,5.386894816561));
#5797 = CARTESIAN_POINT('',(2.6667310447,5.315801429747));
#5798 = CARTESIAN_POINT('',(2.720299456732,5.249084656003));
#5799 = CARTESIAN_POINT('',(2.775360885513,5.188525278397));
#5800 = CARTESIAN_POINT('',(2.831982496843,5.135985238805));
#5801 = CARTESIAN_POINT('',(2.930828861891,5.063682363052));
#5802 = CARTESIAN_POINT('',(2.972176066606,5.03882608051));
#5803 = CARTESIAN_POINT('',(3.014099426635,5.019587167808));
#5804 = CARTESIAN_POINT('',(3.056420003963,5.006542007575));
#5805 = CARTESIAN_POINT('',(3.09897267029,5.));
#5806 = CARTESIAN_POINT('',(3.14159265359,5.));
#5807 = ( GEOMETRIC_REPRESENTATION_CONTEXT(2) 
PARAMETRIC_REPRESENTATION_CONTEXT() REPRESENTATION_CONTEXT('2D SPACE',''
  ) );
#5808 = PCURVE('',#3602,#5809);
#5809 = DEFINITIONAL_REPRESENTATION('',(#5810),#5863);
#5810 = B_SPLINE_CURVE_WITH_KNOTS('',6,(#5811,#5812,#5813,#5814,#5815,
    #5816,#5817,#5818,#5819,#5820,#5821,#5822,#5823,#5824,#5825,#5826,
    #5827,#5828,#5829,#5830,#5831,#5832,#5833,#5834,#5835,#5836,#5837,
    #5838,#5839,#5840,#5841,#5842,#5843,#5844,#5845,#5846,#5847,#5848,
    #5849,#5850,#5851,#5852,#5853,#5854,#5855,#5856,#5857,#5858,#5859,
    #5860,#5861,#5862),.UNSPECIFIED.,.F.,.F.,(7,5,5,5,5,5,5,5,5,5,7),(0.
    ,0.106385611312,0.193906315689,0.298346764212,0.399736822235,
    0.499827169318,0.600418234726,0.701325732398,0.841475916468,
    0.934946411278,1.),.UNSPECIFIED.);
#5811 = CARTESIAN_POINT('',(0.,331.9));
#5812 = CARTESIAN_POINT('',(4.291632748129E-02,331.9));
#5813 = CARTESIAN_POINT('',(8.546249208668E-02,331.87113210109));
#5814 = CARTESIAN_POINT('',(0.127153710995,331.81433232896));
#5815 = CARTESIAN_POINT('',(0.16751382824,331.7320487591));
#5816 = CARTESIAN_POINT('',(0.206042739456,331.62823727052));
#5817 = CARTESIAN_POINT('',(0.271999081177,331.41021726663));
#5818 = CARTESIAN_POINT('',(0.300418203757,331.3003409717));
#5819 = CARTESIAN_POINT('',(0.32751120456,331.18068553784));
#5820 = CARTESIAN_POINT('',(0.353303792856,331.0526301625));
#5821 = CARTESIAN_POINT('',(0.377822267563,330.91728439621));
#5822 = CARTESIAN_POINT('',(0.428856215978,330.60633811065));
#5823 = CARTESIAN_POINT('',(0.454872861671,330.42782300361));
#5824 = CARTESIAN_POINT('',(0.479182488306,330.241339079));
#5825 = CARTESIAN_POINT('',(0.501812319584,330.04780617075));
#5826 = CARTESIAN_POINT('',(0.522767310305,329.84779483397));
#5827 = CARTESIAN_POINT('',(0.560716422356,329.44148019942));
#5828 = CARTESIAN_POINT('',(0.577814112353,329.23546890663));
#5829 = CARTESIAN_POINT('',(0.593256201483,329.02425936899));
#5830 = CARTESIAN_POINT('',(0.606973777734,328.80839668956));
#5831 = CARTESIAN_POINT('',(0.618890834052,328.58832153981));
#5832 = CARTESIAN_POINT('',(0.638832822414,328.14332331658));
#5833 = CARTESIAN_POINT('',(0.646907517563,327.91845698859));
#5834 = CARTESIAN_POINT('',(0.653040291854,327.69080798038));
#5835 = CARTESIAN_POINT('',(0.657157513049,327.46128822125));
#5836 = CARTESIAN_POINT('',(0.659219403412,327.23074371856));
#5837 = CARTESIAN_POINT('',(0.659219403412,326.76810194826));
#5838 = CARTESIAN_POINT('',(0.657136832048,326.53640789228));
#5839 = CARTESIAN_POINT('',(0.652978438806,326.30575402322));
#5840 = CARTESIAN_POINT('',(0.646784762565,326.07699756786));
#5841 = CARTESIAN_POINT('',(0.638630779593,325.85106320987));
#5842 = CARTESIAN_POINT('',(0.618594597719,325.4062100127));
#5843 = CARTESIAN_POINT('',(0.606698605307,325.1872670502));
#5844 = CARTESIAN_POINT('',(0.593020481611,324.97250501233));
#5845 = CARTESIAN_POINT('',(0.577635043776,324.76235779081));
#5846 = CARTESIAN_POINT('',(0.560610051659,324.55736188148));
#5847 = CARTESIAN_POINT('',(0.516162985799,324.08152024456));
#5848 = CARTESIAN_POINT('',(0.487279007217,323.81614150481));
#5849 = CARTESIAN_POINT('',(0.455403369839,323.56260219067));
#5850 = CARTESIAN_POINT('',(0.420479495817,323.32239433634));
#5851 = CARTESIAN_POINT('',(0.382401973529,323.09833517496));
#5852 = CARTESIAN_POINT('',(0.313440802433,322.75944524723));
#5853 = CARTESIAN_POINT('',(0.284296372906,322.63265376839));
#5854 = CARTESIAN_POINT('',(0.253632994979,322.51659719816));
#5855 = CARTESIAN_POINT('',(0.221488389184,322.4133080863));
#5856 = CARTESIAN_POINT('',(0.187902729284,322.32496472327));
#5857 = CARTESIAN_POINT('',(0.128569038246,322.20451247555));
#5858 = CARTESIAN_POINT('',(0.103555225747,322.16349858801));
#5859 = CARTESIAN_POINT('',(7.803624852067E-02,322.13197906681));
#5860 = CARTESIAN_POINT('',(5.216825304665E-02,322.1106808241));
#5861 = CARTESIAN_POINT('',(2.610473977088E-02,322.1));
#5862 = CARTESIAN_POINT('',(0.,322.1));
#5863 = ( GEOMETRIC_REPRESENTATION_CONTEXT(2) 
PARAMETRIC_REPRESENTATION_CONTEXT() REPRESENTATION_CONTEXT('2D SPACE',''
  ) );
#5864 = ORIENTED_EDGE('',*,*,#5865,.F.);
#5865 = EDGE_CURVE('',#1357,#5694,#5866,.T.);
#5866 = SEAM_CURVE('',#5867,(#5871,#5878),.PCURVE_S1.);
#5867 = LINE('',#5868,#5869);
#5868 = CARTESIAN_POINT('',(154.9,510.,200.));
#5869 = VECTOR('',#5870,1.);
#5870 = DIRECTION('',(0.,0.,1.));
#5871 = PCURVE('',#1480,#5872);
#5872 = DEFINITIONAL_REPRESENTATION('',(#5873),#5877);
#5873 = LINE('',#5874,#5875);
#5874 = CARTESIAN_POINT('',(6.28318530718,-0.));
#5875 = VECTOR('',#5876,1.);
#5876 = DIRECTION('',(0.,1.));
#5877 = ( GEOMETRIC_REPRESENTATION_CONTEXT(2) 
PARAMETRIC_REPRESENTATION_CONTEXT() REPRESENTATION_CONTEXT('2D SPACE',''
  ) );
#5878 = PCURVE('',#1480,#5879);
#5879 = DEFINITIONAL_REPRESENTATION('',(#5880),#5884);
#5880 = LINE('',#5881,#5882);
#5881 = CARTESIAN_POINT('',(0.,-0.));
#5882 = VECTOR('',#5883,1.);
#5883 = DIRECTION('',(0.,1.));
#5884 = ( GEOMETRIC_REPRESENTATION_CONTEXT(2) 
PARAMETRIC_REPRESENTATION_CONTEXT() REPRESENTATION_CONTEXT('2D SPACE',''
  ) );
#5885 = ORIENTED_EDGE('',*,*,#1597,.T.);
#5886 = ORIENTED_EDGE('',*,*,#1356,.T.);
#5887 = ORIENTED_EDGE('',*,*,#5865,.T.);
#5888 = ORIENTED_EDGE('',*,*,#5889,.F.);
#5889 = EDGE_CURVE('',#5696,#5694,#5890,.T.);
#5890 = SURFACE_CURVE('',#5891,(#5944,#6000),.PCURVE_S1.);
#5891 = B_SPLINE_CURVE_WITH_KNOTS('',6,(#5892,#5893,#5894,#5895,#5896,
    #5897,#5898,#5899,#5900,#5901,#5902,#5903,#5904,#5905,#5906,#5907,
    #5908,#5909,#5910,#5911,#5912,#5913,#5914,#5915,#5916,#5917,#5918,
    #5919,#5920,#5921,#5922,#5923,#5924,#5925,#5926,#5927,#5928,#5929,
    #5930,#5931,#5932,#5933,#5934,#5935,#5936,#5937,#5938,#5939,#5940,
    #5941,#5942,#5943),.UNSPECIFIED.,.F.,.F.,(7,5,5,5,5,5,5,5,5,5,7),(0.
    ,0.106385609591,0.193906312573,0.298346769707,0.399736826937,
    0.499827173236,0.600418237857,0.701325734738,0.841475917711,
    0.934946411788,1.),.UNSPECIFIED.);
#5892 = CARTESIAN_POINT('',(145.1,510.,205.));
#5893 = CARTESIAN_POINT('',(145.1,509.65666938015,205.));
#5894 = CARTESIAN_POINT('',(145.1288678989,509.3163005987,
    205.01768179525));
#5895 = CARTESIAN_POINT('',(145.18566767103,508.98390648226,
    205.05247063324));
#5896 = CARTESIAN_POINT('',(145.26795124089,508.66434890373,
    205.10238386518));
#5897 = CARTESIAN_POINT('',(145.37176272947,508.36210143693,
    205.16411496576));
#5898 = CARTESIAN_POINT('',(145.58978273339,507.84985512471,
    205.29068120349));
#5899 = CARTESIAN_POINT('',(145.6996590283,507.63118032688,
    205.3534753023));
#5900 = CARTESIAN_POINT('',(145.81931446212,507.42486720889,
    205.42048775465));
#5901 = CARTESIAN_POINT('',(145.94736983747,507.23060223331,
    205.49044267324));
#5902 = CARTESIAN_POINT('',(146.08271560382,507.0479923453,
    205.56223823939));
#5903 = CARTESIAN_POINT('',(146.39366190594,506.6721228339,
    205.72163653663));
#5904 = CARTESIAN_POINT('',(146.57217696824,506.48339843139,
    205.8097098845));
#5905 = CARTESIAN_POINT('',(146.75866092187,506.30973363607,
    205.89753583949));
#5906 = CARTESIAN_POINT('',(146.95219385775,506.15045347297,
    205.98376644978));
#5907 = CARTESIAN_POINT('',(147.15220514741,506.00500502713,
    206.06719787104));
#5908 = CARTESIAN_POINT('',(147.55851980057,505.74492706167,
    206.2238123885));
#5909 = CARTESIAN_POINT('',(147.76453109336,505.6294811813,
    206.29724732776));
#5910 = CARTESIAN_POINT('',(147.975740631,505.52663983768,
    206.36575644099));
#5911 = CARTESIAN_POINT('',(148.19160331043,505.43637075131,
    206.42819131542));
#5912 = CARTESIAN_POINT('',(148.41167846018,505.35870749968,
    206.48349409501));
#5913 = CARTESIAN_POINT('',(148.85667668341,505.22969724173,
    206.57734535463));
#5914 = CARTESIAN_POINT('',(149.08154301141,505.17801400264,
    206.6161085113));
#5915 = CARTESIAN_POINT('',(149.30919201961,505.13907510477,
    206.64595773632));
#5916 = CARTESIAN_POINT('',(149.53871177875,505.11303894853,
    206.66613201296));
#5917 = CARTESIAN_POINT('',(149.76925628143,505.1,206.67623529849));
#5918 = CARTESIAN_POINT('',(150.23189805174,505.1,206.67623529849));
#5919 = CARTESIAN_POINT('',(150.46359210771,505.11316973181,
    206.6660306752));
#5920 = CARTESIAN_POINT('',(150.69424597678,505.1394662434,
    206.64565465953));
#5921 = CARTESIAN_POINT('',(150.92300243213,505.17879343772,
    206.6155110702));
#5922 = CARTESIAN_POINT('',(151.14893679012,505.23099050921,
    206.57637551719));
#5923 = CARTESIAN_POINT('',(151.59378998729,505.36063819954,
    206.48211955836));
#5924 = CARTESIAN_POINT('',(151.81273294979,505.43818145076,
    206.42693876893));
#5925 = CARTESIAN_POINT('',(152.02749498766,505.52820927551,
    206.36471007996));
#5926 = CARTESIAN_POINT('',(152.23764220918,505.63068940733,
    206.29647689959));
#5927 = CARTESIAN_POINT('',(152.44263811851,505.74565462076,
    206.22337101795));
#5928 = CARTESIAN_POINT('',(152.91847975543,506.05026865387,
    206.03994540005));
#5929 = CARTESIAN_POINT('',(153.18385849518,506.25152908033,
    205.92623771552));
#5930 = CARTESIAN_POINT('',(153.43739780932,506.47784882088,
    205.80823002672));
#5931 = CARTESIAN_POINT('',(153.67760566365,506.73083994334,
    205.68878009202));
#5932 = CARTESIAN_POINT('',(153.90166482503,507.01242146805,
    205.57141266506));
#5933 = CARTESIAN_POINT('',(154.24055475276,507.53233907998,
    205.38689481656));
#5934 = CARTESIAN_POINT('',(154.3673462316,507.7545111399,
    205.31580142974));
#5935 = CARTESIAN_POINT('',(154.48340280184,507.9908111921,205.249084656
    ));
#5936 = CARTESIAN_POINT('',(154.58669191369,508.24104579165,
    205.18852527839));
#5937 = CARTESIAN_POINT('',(154.67503527672,508.50480629703,
    205.1359852388));
#5938 = CARTESIAN_POINT('',(154.79548752444,508.97393682819,
    205.06368236305));
#5939 = CARTESIAN_POINT('',(154.83650141198,509.1725791141,
    205.03882608051));
#5940 = CARTESIAN_POINT('',(154.86802093318,509.37596604947,
    205.0195871678));
#5941 = CARTESIAN_POINT('',(154.88931917589,509.58265400858,
    205.00654200757));
#5942 = CARTESIAN_POINT('',(154.9,509.79116208183,205.));
#5943 = CARTESIAN_POINT('',(154.9,510.,205.));
#5944 = PCURVE('',#1480,#5945);
#5945 = DEFINITIONAL_REPRESENTATION('',(#5946),#5999);
#5946 = B_SPLINE_CURVE_WITH_KNOTS('',6,(#5947,#5948,#5949,#5950,#5951,
    #5952,#5953,#5954,#5955,#5956,#5957,#5958,#5959,#5960,#5961,#5962,
    #5963,#5964,#5965,#5966,#5967,#5968,#5969,#5970,#5971,#5972,#5973,
    #5974,#5975,#5976,#5977,#5978,#5979,#5980,#5981,#5982,#5983,#5984,
    #5985,#5986,#5987,#5988,#5989,#5990,#5991,#5992,#5993,#5994,#5995,
    #5996,#5997,#5998),.UNSPECIFIED.,.F.,.F.,(7,5,5,5,5,5,5,5,5,5,7),(0.
    ,0.106385609591,0.193906312573,0.298346769707,0.399736826937,
    0.499827173236,0.600418237857,0.701325734738,0.841475917711,
    0.934946411788,1.),.UNSPECIFIED.);
#5947 = CARTESIAN_POINT('',(3.14159265359,5.));
#5948 = CARTESIAN_POINT('',(3.211660127029,5.));
#5949 = CARTESIAN_POINT('',(3.281123109955,5.017681795252));
#5950 = CARTESIAN_POINT('',(3.34957803474,5.052470633248));
#5951 = CARTESIAN_POINT('',(3.416597259992,5.102383865185));
#5952 = CARTESIAN_POINT('',(3.481650435284,5.164114965768));
#5953 = CARTESIAN_POINT('',(3.595265267647,5.290681203495));
#5954 = CARTESIAN_POINT('',(3.645109845117,5.353475302309));
#5955 = CARTESIAN_POINT('',(3.693657351298,5.420487754659));
#5956 = CARTESIAN_POINT('',(3.741031587338,5.490442673243));
#5957 = CARTESIAN_POINT('',(3.787353229609,5.562238239392));
#5958 = CARTESIAN_POINT('',(3.886907733402,5.721636536634));
#5959 = CARTESIAN_POINT('',(3.9398068416,5.809709884501));
#5960 = CARTESIAN_POINT('',(3.991659573983,5.897535839495));
#5961 = CARTESIAN_POINT('',(4.042674225848,5.983766449784));
#5962 = CARTESIAN_POINT('',(4.09305551327,6.067197871048));
#5963 = CARTESIAN_POINT('',(4.191509227892,6.223812388502));
#5964 = CARTESIAN_POINT('',(4.239621032047,6.297247327762));
#5965 = CARTESIAN_POINT('',(4.28744503498,6.365756440993));
#5966 = CARTESIAN_POINT('',(4.335079784616,6.428191315427));
#5967 = CARTESIAN_POINT('',(4.382630160999,6.483494095015));
#5968 = CARTESIAN_POINT('',(4.477185624878,6.577345354636));
#5969 = CARTESIAN_POINT('',(4.524198723822,6.616108511308));
#5970 = CARTESIAN_POINT('',(4.571219718048,6.645957736324));
#5971 = CARTESIAN_POINT('',(4.618248547724,6.666132012968));
#5972 = CARTESIAN_POINT('',(4.665298425576,6.676235298495));
#5973 = CARTESIAN_POINT('',(4.759715113393,6.676235298495));
#5974 = CARTESIAN_POINT('',(4.806999593286,6.666030675209));
#5975 = CARTESIAN_POINT('',(4.854262712222,6.645654659539));
#5976 = CARTESIAN_POINT('',(4.901518157762,6.615511070201));
#5977 = CARTESIAN_POINT('',(4.948766080617,6.57637551719));
#5978 = CARTESIAN_POINT('',(5.04332943424,6.482119558362));
#5979 = CARTESIAN_POINT('',(5.090654905874,6.426938768933));
#5980 = CARTESIAN_POINT('',(5.138065073252,6.364710079964));
#5981 = CARTESIAN_POINT('',(5.185663551859,6.296476899591));
#5982 = CARTESIAN_POINT('',(5.233547809315,6.223371017956));
#5983 = CARTESIAN_POINT('',(5.348852120766,6.039945400055));
#5984 = CARTESIAN_POINT('',(5.41661028413,5.926237715523));
#5985 = CARTESIAN_POINT('',(5.485631964497,5.80823002672));
#5986 = CARTESIAN_POINT('',(5.556442943616,5.688780092021));
#5987 = CARTESIAN_POINT('',(5.629554050901,5.571412665068));
#5988 = CARTESIAN_POINT('',(5.756209799803,5.386894816562));
#5989 = CARTESIAN_POINT('',(5.80832369829,5.315801429747));
#5990 = CARTESIAN_POINT('',(5.861892110322,5.249084656003));
#5991 = CARTESIAN_POINT('',(5.916953539103,5.188525278397));
#5992 = CARTESIAN_POINT('',(5.973575150432,5.135985238806));
#5993 = CARTESIAN_POINT('',(6.072421515481,5.063682363052));
#5994 = CARTESIAN_POINT('',(6.113768720196,5.03882608051));
#5995 = CARTESIAN_POINT('',(6.155692080225,5.019587167808));
#5996 = CARTESIAN_POINT('',(6.198012657552,5.006542007575));
#5997 = CARTESIAN_POINT('',(6.24056532388,5.));
#5998 = CARTESIAN_POINT('',(6.28318530718,5.));
#5999 = ( GEOMETRIC_REPRESENTATION_CONTEXT(2) 
PARAMETRIC_REPRESENTATION_CONTEXT() REPRESENTATION_CONTEXT('2D SPACE',''
  ) );
#6000 = PCURVE('',#3602,#6001);
#6001 = DEFINITIONAL_REPRESENTATION('',(#6002),#6055);
#6002 = B_SPLINE_CURVE_WITH_KNOTS('',6,(#6003,#6004,#6005,#6006,#6007,
    #6008,#6009,#6010,#6011,#6012,#6013,#6014,#6015,#6016,#6017,#6018,
    #6019,#6020,#6021,#6022,#6023,#6024,#6025,#6026,#6027,#6028,#6029,
    #6030,#6031,#6032,#6033,#6034,#6035,#6036,#6037,#6038,#6039,#6040,
    #6041,#6042,#6043,#6044,#6045,#6046,#6047,#6048,#6049,#6050,#6051,
    #6052,#6053,#6054),.UNSPECIFIED.,.F.,.F.,(7,5,5,5,5,5,5,5,5,5,7),(0.
    ,0.106385609591,0.193906312573,0.298346769707,0.399736826937,
    0.499827173236,0.600418237857,0.701325734738,0.841475917711,
    0.934946411788,1.),.UNSPECIFIED.);
#6003 = CARTESIAN_POINT('',(6.28318530718,322.1));
#6004 = CARTESIAN_POINT('',(6.240268979698,322.1));
#6005 = CARTESIAN_POINT('',(6.197722815093,322.1288678989));
#6006 = CARTESIAN_POINT('',(6.156031596184,322.18566767103));
#6007 = CARTESIAN_POINT('',(6.11567147894,322.26795124089));
#6008 = CARTESIAN_POINT('',(6.077142567724,322.37176272947));
#6009 = CARTESIAN_POINT('',(6.011186225995,322.58978273339));
#6010 = CARTESIAN_POINT('',(5.982767103424,322.6996590283));
#6011 = CARTESIAN_POINT('',(5.955674102626,322.81931446212));
#6012 = CARTESIAN_POINT('',(5.929881514326,322.94736983747));
#6013 = CARTESIAN_POINT('',(5.90536303961,323.08271560382));
#6014 = CARTESIAN_POINT('',(5.854329088478,323.39366190594));
#6015 = CARTESIAN_POINT('',(5.82831244917,323.57217696824));
#6016 = CARTESIAN_POINT('',(5.804002819337,323.75866092187));
#6017 = CARTESIAN_POINT('',(5.781372984158,323.95219385775));
#6018 = CARTESIAN_POINT('',(5.760417998613,324.15220514741));
#6019 = CARTESIAN_POINT('',(5.722468884824,324.55851980057));
#6020 = CARTESIAN_POINT('',(5.705371194827,324.76453109336));
#6021 = CARTESIAN_POINT('',(5.689929105697,324.975740631));
#6022 = CARTESIAN_POINT('',(5.676211529446,325.19160331043));
#6023 = CARTESIAN_POINT('',(5.664294473128,325.41167846018));
#6024 = CARTESIAN_POINT('',(5.644352484765,325.85667668341));
#6025 = CARTESIAN_POINT('',(5.636277789616,326.08154301141));
#6026 = CARTESIAN_POINT('',(5.630145015326,326.30919201961));
#6027 = CARTESIAN_POINT('',(5.62602779413,326.53871177875));
#6028 = CARTESIAN_POINT('',(5.623965903768,326.76925628143));
#6029 = CARTESIAN_POINT('',(5.623965903768,327.23189805174));
#6030 = CARTESIAN_POINT('',(5.626048475131,327.46359210771));
#6031 = CARTESIAN_POINT('',(5.630206868374,327.69424597678));
#6032 = CARTESIAN_POINT('',(5.636400544615,327.92300243213));
#6033 = CARTESIAN_POINT('',(5.644554527587,328.14893679012));
#6034 = CARTESIAN_POINT('',(5.66459070946,328.59378998729));
#6035 = CARTESIAN_POINT('',(5.676486701873,328.81273294979));
#6036 = CARTESIAN_POINT('',(5.690164825569,329.02749498766));
#6037 = CARTESIAN_POINT('',(5.705550263403,329.23764220918));
#6038 = CARTESIAN_POINT('',(5.722575255521,329.44263811851));
#6039 = CARTESIAN_POINT('',(5.76702232138,329.91847975543));
#6040 = CARTESIAN_POINT('',(5.795906299962,330.18385849518));
#6041 = CARTESIAN_POINT('',(5.82778193734,330.43739780932));
#6042 = CARTESIAN_POINT('',(5.862705811362,330.67760566365));
#6043 = CARTESIAN_POINT('',(5.900783333651,330.90166482503));
#6044 = CARTESIAN_POINT('',(5.969744504747,331.24055475276));
#6045 = CARTESIAN_POINT('',(5.998888934273,331.3673462316));
#6046 = CARTESIAN_POINT('',(6.0295523122,331.48340280184));
#6047 = CARTESIAN_POINT('',(6.061696917996,331.58669191369));
#6048 = CARTESIAN_POINT('',(6.095282577896,331.67503527672));
#6049 = CARTESIAN_POINT('',(6.154616268934,331.79548752444));
#6050 = CARTESIAN_POINT('',(6.179630081433,331.83650141198));
#6051 = CARTESIAN_POINT('',(6.205149058659,331.86802093318));
#6052 = CARTESIAN_POINT('',(6.231017054133,331.88931917589));
#6053 = CARTESIAN_POINT('',(6.257080567409,331.9));
#6054 = CARTESIAN_POINT('',(6.28318530718,331.9));
#6055 = ( GEOMETRIC_REPRESENTATION_CONTEXT(2) 
PARAMETRIC_REPRESENTATION_CONTEXT() REPRESENTATION_CONTEXT('2D SPACE',''
  ) );
#6056 = ADVANCED_FACE('',(#6057),#1584,.T.);
#6057 = FACE_BOUND('',#6058,.T.);
#6058 = EDGE_LOOP('',(#6059));
#6059 = ORIENTED_EDGE('',*,*,#1569,.T.);
#6060 = ADVANCED_FACE('',(#6061),#3279,.T.);
#6061 = FACE_BOUND('',#6062,.T.);
#6062 = EDGE_LOOP('',(#6063,#6086,#6113,#6114));
#6063 = ORIENTED_EDGE('',*,*,#6064,.T.);
#6064 = EDGE_CURVE('',#2888,#6065,#6067,.T.);
#6065 = VERTEX_POINT('',#6066);
#6066 = CARTESIAN_POINT('',(9.,510.,236.));
#6067 = SEAM_CURVE('',#6068,(#6072,#6079),.PCURVE_S1.);
#6068 = LINE('',#6069,#6070);
#6069 = CARTESIAN_POINT('',(9.,510.,216.));
#6070 = VECTOR('',#6071,1.);
#6071 = DIRECTION('',(0.,0.,1.));
#6072 = PCURVE('',#3279,#6073);
#6073 = DEFINITIONAL_REPRESENTATION('',(#6074),#6078);
#6074 = LINE('',#6075,#6076);
#6075 = CARTESIAN_POINT('',(6.28318530718,-0.));
#6076 = VECTOR('',#6077,1.);
#6077 = DIRECTION('',(0.,1.));
#6078 = ( GEOMETRIC_REPRESENTATION_CONTEXT(2) 
PARAMETRIC_REPRESENTATION_CONTEXT() REPRESENTATION_CONTEXT('2D SPACE',''
  ) );
#6079 = PCURVE('',#3279,#6080);
#6080 = DEFINITIONAL_REPRESENTATION('',(#6081),#6085);
#6081 = LINE('',#6082,#6083);
#6082 = CARTESIAN_POINT('',(0.,-0.));
#6083 = VECTOR('',#6084,1.);
#6084 = DIRECTION('',(0.,1.));
#6085 = ( GEOMETRIC_REPRESENTATION_CONTEXT(2) 
PARAMETRIC_REPRESENTATION_CONTEXT() REPRESENTATION_CONTEXT('2D SPACE',''
  ) );
#6086 = ORIENTED_EDGE('',*,*,#6087,.F.);
#6087 = EDGE_CURVE('',#6065,#6065,#6088,.T.);
#6088 = SURFACE_CURVE('',#6089,(#6094,#6101),.PCURVE_S1.);
#6089 = CIRCLE('',#6090,9.);
#6090 = AXIS2_PLACEMENT_3D('',#6091,#6092,#6093);
#6091 = CARTESIAN_POINT('',(0.,510.,236.));
#6092 = DIRECTION('',(0.,0.,1.));
#6093 = DIRECTION('',(1.,0.,-0.));
#6094 = PCURVE('',#3279,#6095);
#6095 = DEFINITIONAL_REPRESENTATION('',(#6096),#6100);
#6096 = LINE('',#6097,#6098);
#6097 = CARTESIAN_POINT('',(0.,20.));
#6098 = VECTOR('',#6099,1.);
#6099 = DIRECTION('',(1.,0.));
#6100 = ( GEOMETRIC_REPRESENTATION_CONTEXT(2) 
PARAMETRIC_REPRESENTATION_CONTEXT() REPRESENTATION_CONTEXT('2D SPACE',''
  ) );
#6101 = PCURVE('',#6102,#6107);
#6102 = PLANE('',#6103);
#6103 = AXIS2_PLACEMENT_3D('',#6104,#6105,#6106);
#6104 = CARTESIAN_POINT('',(0.,510.,236.));
#6105 = DIRECTION('',(0.,0.,1.));
#6106 = DIRECTION('',(1.,0.,-0.));
#6107 = DEFINITIONAL_REPRESENTATION('',(#6108),#6112);
#6108 = CIRCLE('',#6109,9.);
#6109 = AXIS2_PLACEMENT_2D('',#6110,#6111);
#6110 = CARTESIAN_POINT('',(0.,0.));
#6111 = DIRECTION('',(1.,0.));
#6112 = ( GEOMETRIC_REPRESENTATION_CONTEXT(2) 
PARAMETRIC_REPRESENTATION_CONTEXT() REPRESENTATION_CONTEXT('2D SPACE',''
  ) );
#6113 = ORIENTED_EDGE('',*,*,#6064,.F.);
#6114 = ORIENTED_EDGE('',*,*,#2887,.T.);
#6115 = ADVANCED_FACE('',(#6116,#6366),#3602,.F.);
#6116 = FACE_BOUND('',#6117,.F.);
#6117 = EDGE_LOOP('',(#6118,#6147,#6168,#6169,#6190,#6191,#6212,#6213,
    #6234,#6235,#6256,#6257,#6278,#6279,#6300,#6301,#6324,#6351,#6352,
    #6353,#6354,#6355,#6356,#6357,#6358,#6359,#6360,#6361,#6362,#6363,
    #6364,#6365));
#6118 = ORIENTED_EDGE('',*,*,#6119,.T.);
#6119 = EDGE_CURVE('',#6120,#6120,#6122,.T.);
#6120 = VERTEX_POINT('',#6121);
#6121 = CARTESIAN_POINT('',(-177.,510.,205.));
#6122 = SURFACE_CURVE('',#6123,(#6128,#6135),.PCURVE_S1.);
#6123 = CIRCLE('',#6124,8.);
#6124 = AXIS2_PLACEMENT_3D('',#6125,#6126,#6127);
#6125 = CARTESIAN_POINT('',(-177.,510.,213.));
#6126 = DIRECTION('',(1.,-0.,0.));
#6127 = DIRECTION('',(0.,0.,-1.));
#6128 = PCURVE('',#3602,#6129);
#6129 = DEFINITIONAL_REPRESENTATION('',(#6130),#6134);
#6130 = LINE('',#6131,#6132);
#6131 = CARTESIAN_POINT('',(0.,0.));
#6132 = VECTOR('',#6133,1.);
#6133 = DIRECTION('',(1.,0.));
#6134 = ( GEOMETRIC_REPRESENTATION_CONTEXT(2) 
PARAMETRIC_REPRESENTATION_CONTEXT() REPRESENTATION_CONTEXT('2D SPACE',''
  ) );
#6135 = PCURVE('',#6136,#6141);
#6136 = PLANE('',#6137);
#6137 = AXIS2_PLACEMENT_3D('',#6138,#6139,#6140);
#6138 = CARTESIAN_POINT('',(-177.,510.,213.));
#6139 = DIRECTION('',(1.,0.,0.));
#6140 = DIRECTION('',(0.,0.,-1.));
#6141 = DEFINITIONAL_REPRESENTATION('',(#6142),#6146);
#6142 = CIRCLE('',#6143,8.);
#6143 = AXIS2_PLACEMENT_2D('',#6144,#6145);
#6144 = CARTESIAN_POINT('',(0.,0.));
#6145 = DIRECTION('',(1.,0.));
#6146 = ( GEOMETRIC_REPRESENTATION_CONTEXT(2) 
PARAMETRIC_REPRESENTATION_CONTEXT() REPRESENTATION_CONTEXT('2D SPACE',''
  ) );
#6147 = ORIENTED_EDGE('',*,*,#6148,.T.);
#6148 = EDGE_CURVE('',#6120,#3489,#6149,.T.);
#6149 = SEAM_CURVE('',#6150,(#6154,#6161),.PCURVE_S1.);
#6150 = LINE('',#6151,#6152);
#6151 = CARTESIAN_POINT('',(-177.,510.,205.));
#6152 = VECTOR('',#6153,1.);
#6153 = DIRECTION('',(1.,0.,0.));
#6154 = PCURVE('',#3602,#6155);
#6155 = DEFINITIONAL_REPRESENTATION('',(#6156),#6160);
#6156 = LINE('',#6157,#6158);
#6157 = CARTESIAN_POINT('',(0.,-0.));
#6158 = VECTOR('',#6159,1.);
#6159 = DIRECTION('',(0.,1.));
#6160 = ( GEOMETRIC_REPRESENTATION_CONTEXT(2) 
PARAMETRIC_REPRESENTATION_CONTEXT() REPRESENTATION_CONTEXT('2D SPACE',''
  ) );
#6161 = PCURVE('',#3602,#6162);
#6162 = DEFINITIONAL_REPRESENTATION('',(#6163),#6167);
#6163 = LINE('',#6164,#6165);
#6164 = CARTESIAN_POINT('',(6.28318530718,-0.));
#6165 = VECTOR('',#6166,1.);
#6166 = DIRECTION('',(0.,1.));
#6167 = ( GEOMETRIC_REPRESENTATION_CONTEXT(2) 
PARAMETRIC_REPRESENTATION_CONTEXT() REPRESENTATION_CONTEXT('2D SPACE',''
  ) );
#6168 = ORIENTED_EDGE('',*,*,#3687,.T.);
#6169 = ORIENTED_EDGE('',*,*,#6170,.T.);
#6170 = EDGE_CURVE('',#3487,#3861,#6171,.T.);
#6171 = SEAM_CURVE('',#6172,(#6176,#6183),.PCURVE_S1.);
#6172 = LINE('',#6173,#6174);
#6173 = CARTESIAN_POINT('',(-177.,510.,205.));
#6174 = VECTOR('',#6175,1.);
#6175 = DIRECTION('',(1.,0.,0.));
#6176 = PCURVE('',#3602,#6177);
#6177 = DEFINITIONAL_REPRESENTATION('',(#6178),#6182);
#6178 = LINE('',#6179,#6180);
#6179 = CARTESIAN_POINT('',(0.,-0.));
#6180 = VECTOR('',#6181,1.);
#6181 = DIRECTION('',(0.,1.));
#6182 = ( GEOMETRIC_REPRESENTATION_CONTEXT(2) 
PARAMETRIC_REPRESENTATION_CONTEXT() REPRESENTATION_CONTEXT('2D SPACE',''
  ) );
#6183 = PCURVE('',#3602,#6184);
#6184 = DEFINITIONAL_REPRESENTATION('',(#6185),#6189);
#6185 = LINE('',#6186,#6187);
#6186 = CARTESIAN_POINT('',(6.28318530718,-0.));
#6187 = VECTOR('',#6188,1.);
#6188 = DIRECTION('',(0.,1.));
#6189 = ( GEOMETRIC_REPRESENTATION_CONTEXT(2) 
PARAMETRIC_REPRESENTATION_CONTEXT() REPRESENTATION_CONTEXT('2D SPACE',''
  ) );
#6190 = ORIENTED_EDGE('',*,*,#4054,.T.);
#6191 = ORIENTED_EDGE('',*,*,#6192,.T.);
#6192 = EDGE_CURVE('',#3859,#4228,#6193,.T.);
#6193 = SEAM_CURVE('',#6194,(#6198,#6205),.PCURVE_S1.);
#6194 = LINE('',#6195,#6196);
#6195 = CARTESIAN_POINT('',(-177.,510.,205.));
#6196 = VECTOR('',#6197,1.);
#6197 = DIRECTION('',(1.,0.,0.));
#6198 = PCURVE('',#3602,#6199);
#6199 = DEFINITIONAL_REPRESENTATION('',(#6200),#6204);
#6200 = LINE('',#6201,#6202);
#6201 = CARTESIAN_POINT('',(0.,-0.));
#6202 = VECTOR('',#6203,1.);
#6203 = DIRECTION('',(0.,1.));
#6204 = ( GEOMETRIC_REPRESENTATION_CONTEXT(2) 
PARAMETRIC_REPRESENTATION_CONTEXT() REPRESENTATION_CONTEXT('2D SPACE',''
  ) );
#6205 = PCURVE('',#3602,#6206);
#6206 = DEFINITIONAL_REPRESENTATION('',(#6207),#6211);
#6207 = LINE('',#6208,#6209);
#6208 = CARTESIAN_POINT('',(6.28318530718,-0.));
#6209 = VECTOR('',#6210,1.);
#6210 = DIRECTION('',(0.,1.));
#6211 = ( GEOMETRIC_REPRESENTATION_CONTEXT(2) 
PARAMETRIC_REPRESENTATION_CONTEXT() REPRESENTATION_CONTEXT('2D SPACE',''
  ) );
#6212 = ORIENTED_EDGE('',*,*,#4421,.T.);
#6213 = ORIENTED_EDGE('',*,*,#6214,.T.);
#6214 = EDGE_CURVE('',#4226,#4595,#6215,.T.);
#6215 = SEAM_CURVE('',#6216,(#6220,#6227),.PCURVE_S1.);
#6216 = LINE('',#6217,#6218);
#6217 = CARTESIAN_POINT('',(-177.,510.,205.));
#6218 = VECTOR('',#6219,1.);
#6219 = DIRECTION('',(1.,0.,0.));
#6220 = PCURVE('',#3602,#6221);
#6221 = DEFINITIONAL_REPRESENTATION('',(#6222),#6226);
#6222 = LINE('',#6223,#6224);
#6223 = CARTESIAN_POINT('',(0.,-0.));
#6224 = VECTOR('',#6225,1.);
#6225 = DIRECTION('',(0.,1.));
#6226 = ( GEOMETRIC_REPRESENTATION_CONTEXT(2) 
PARAMETRIC_REPRESENTATION_CONTEXT() REPRESENTATION_CONTEXT('2D SPACE',''
  ) );
#6227 = PCURVE('',#3602,#6228);
#6228 = DEFINITIONAL_REPRESENTATION('',(#6229),#6233);
#6229 = LINE('',#6230,#6231);
#6230 = CARTESIAN_POINT('',(6.28318530718,-0.));
#6231 = VECTOR('',#6232,1.);
#6232 = DIRECTION('',(0.,1.));
#6233 = ( GEOMETRIC_REPRESENTATION_CONTEXT(2) 
PARAMETRIC_REPRESENTATION_CONTEXT() REPRESENTATION_CONTEXT('2D SPACE',''
  ) );
#6234 = ORIENTED_EDGE('',*,*,#4788,.T.);
#6235 = ORIENTED_EDGE('',*,*,#6236,.T.);
#6236 = EDGE_CURVE('',#4593,#4962,#6237,.T.);
#6237 = SEAM_CURVE('',#6238,(#6242,#6249),.PCURVE_S1.);
#6238 = LINE('',#6239,#6240);
#6239 = CARTESIAN_POINT('',(-177.,510.,205.));
#6240 = VECTOR('',#6241,1.);
#6241 = DIRECTION('',(1.,0.,0.));
#6242 = PCURVE('',#3602,#6243);
#6243 = DEFINITIONAL_REPRESENTATION('',(#6244),#6248);
#6244 = LINE('',#6245,#6246);
#6245 = CARTESIAN_POINT('',(0.,-0.));
#6246 = VECTOR('',#6247,1.);
#6247 = DIRECTION('',(0.,1.));
#6248 = ( GEOMETRIC_REPRESENTATION_CONTEXT(2) 
PARAMETRIC_REPRESENTATION_CONTEXT() REPRESENTATION_CONTEXT('2D SPACE',''
  ) );
#6249 = PCURVE('',#3602,#6250);
#6250 = DEFINITIONAL_REPRESENTATION('',(#6251),#6255);
#6251 = LINE('',#6252,#6253);
#6252 = CARTESIAN_POINT('',(6.28318530718,-0.));
#6253 = VECTOR('',#6254,1.);
#6254 = DIRECTION('',(0.,1.));
#6255 = ( GEOMETRIC_REPRESENTATION_CONTEXT(2) 
PARAMETRIC_REPRESENTATION_CONTEXT() REPRESENTATION_CONTEXT('2D SPACE',''
  ) );
#6256 = ORIENTED_EDGE('',*,*,#5155,.T.);
#6257 = ORIENTED_EDGE('',*,*,#6258,.T.);
#6258 = EDGE_CURVE('',#4960,#5329,#6259,.T.);
#6259 = SEAM_CURVE('',#6260,(#6264,#6271),.PCURVE_S1.);
#6260 = LINE('',#6261,#6262);
#6261 = CARTESIAN_POINT('',(-177.,510.,205.));
#6262 = VECTOR('',#6263,1.);
#6263 = DIRECTION('',(1.,0.,0.));
#6264 = PCURVE('',#3602,#6265);
#6265 = DEFINITIONAL_REPRESENTATION('',(#6266),#6270);
#6266 = LINE('',#6267,#6268);
#6267 = CARTESIAN_POINT('',(0.,-0.));
#6268 = VECTOR('',#6269,1.);
#6269 = DIRECTION('',(0.,1.));
#6270 = ( GEOMETRIC_REPRESENTATION_CONTEXT(2) 
PARAMETRIC_REPRESENTATION_CONTEXT() REPRESENTATION_CONTEXT('2D SPACE',''
  ) );
#6271 = PCURVE('',#3602,#6272);
#6272 = DEFINITIONAL_REPRESENTATION('',(#6273),#6277);
#6273 = LINE('',#6274,#6275);
#6274 = CARTESIAN_POINT('',(6.28318530718,-0.));
#6275 = VECTOR('',#6276,1.);
#6276 = DIRECTION('',(0.,1.));
#6277 = ( GEOMETRIC_REPRESENTATION_CONTEXT(2) 
PARAMETRIC_REPRESENTATION_CONTEXT() REPRESENTATION_CONTEXT('2D SPACE',''
  ) );
#6278 = ORIENTED_EDGE('',*,*,#5522,.T.);
#6279 = ORIENTED_EDGE('',*,*,#6280,.T.);
#6280 = EDGE_CURVE('',#5327,#5696,#6281,.T.);
#6281 = SEAM_CURVE('',#6282,(#6286,#6293),.PCURVE_S1.);
#6282 = LINE('',#6283,#6284);
#6283 = CARTESIAN_POINT('',(-177.,510.,205.));
#6284 = VECTOR('',#6285,1.);
#6285 = DIRECTION('',(1.,0.,0.));
#6286 = PCURVE('',#3602,#6287);
#6287 = DEFINITIONAL_REPRESENTATION('',(#6288),#6292);
#6288 = LINE('',#6289,#6290);
#6289 = CARTESIAN_POINT('',(0.,-0.));
#6290 = VECTOR('',#6291,1.);
#6291 = DIRECTION('',(0.,1.));
#6292 = ( GEOMETRIC_REPRESENTATION_CONTEXT(2) 
PARAMETRIC_REPRESENTATION_CONTEXT() REPRESENTATION_CONTEXT('2D SPACE',''
  ) );
#6293 = PCURVE('',#3602,#6294);
#6294 = DEFINITIONAL_REPRESENTATION('',(#6295),#6299);
#6295 = LINE('',#6296,#6297);
#6296 = CARTESIAN_POINT('',(6.28318530718,-0.));
#6297 = VECTOR('',#6298,1.);
#6298 = DIRECTION('',(0.,1.));
#6299 = ( GEOMETRIC_REPRESENTATION_CONTEXT(2) 
PARAMETRIC_REPRESENTATION_CONTEXT() REPRESENTATION_CONTEXT('2D SPACE',''
  ) );
#6300 = ORIENTED_EDGE('',*,*,#5889,.T.);
#6301 = ORIENTED_EDGE('',*,*,#6302,.T.);
#6302 = EDGE_CURVE('',#5694,#6303,#6305,.T.);
#6303 = VERTEX_POINT('',#6304);
#6304 = CARTESIAN_POINT('',(177.,510.,205.));
#6305 = SEAM_CURVE('',#6306,(#6310,#6317),.PCURVE_S1.);
#6306 = LINE('',#6307,#6308);
#6307 = CARTESIAN_POINT('',(-177.,510.,205.));
#6308 = VECTOR('',#6309,1.);
#6309 = DIRECTION('',(1.,0.,0.));
#6310 = PCURVE('',#3602,#6311);
#6311 = DEFINITIONAL_REPRESENTATION('',(#6312),#6316);
#6312 = LINE('',#6313,#6314);
#6313 = CARTESIAN_POINT('',(0.,-0.));
#6314 = VECTOR('',#6315,1.);
#6315 = DIRECTION('',(0.,1.));
#6316 = ( GEOMETRIC_REPRESENTATION_CONTEXT(2) 
PARAMETRIC_REPRESENTATION_CONTEXT() REPRESENTATION_CONTEXT('2D SPACE',''
  ) );
#6317 = PCURVE('',#3602,#6318);
#6318 = DEFINITIONAL_REPRESENTATION('',(#6319),#6323);
#6319 = LINE('',#6320,#6321);
#6320 = CARTESIAN_POINT('',(6.28318530718,-0.));
#6321 = VECTOR('',#6322,1.);
#6322 = DIRECTION('',(0.,1.));
#6323 = ( GEOMETRIC_REPRESENTATION_CONTEXT(2) 
PARAMETRIC_REPRESENTATION_CONTEXT() REPRESENTATION_CONTEXT('2D SPACE',''
  ) );
#6324 = ORIENTED_EDGE('',*,*,#6325,.F.);
#6325 = EDGE_CURVE('',#6303,#6303,#6326,.T.);
#6326 = SURFACE_CURVE('',#6327,(#6332,#6339),.PCURVE_S1.);
#6327 = CIRCLE('',#6328,8.);
#6328 = AXIS2_PLACEMENT_3D('',#6329,#6330,#6331);
#6329 = CARTESIAN_POINT('',(177.,510.,213.));
#6330 = DIRECTION('',(1.,-0.,0.));
#6331 = DIRECTION('',(0.,0.,-1.));
#6332 = PCURVE('',#3602,#6333);
#6333 = DEFINITIONAL_REPRESENTATION('',(#6334),#6338);
#6334 = LINE('',#6335,#6336);
#6335 = CARTESIAN_POINT('',(0.,354.));
#6336 = VECTOR('',#6337,1.);
#6337 = DIRECTION('',(1.,0.));
#6338 = ( GEOMETRIC_REPRESENTATION_CONTEXT(2) 
PARAMETRIC_REPRESENTATION_CONTEXT() REPRESENTATION_CONTEXT('2D SPACE',''
  ) );
#6339 = PCURVE('',#6340,#6345);
#6340 = PLANE('',#6341);
#6341 = AXIS2_PLACEMENT_3D('',#6342,#6343,#6344);
#6342 = CARTESIAN_POINT('',(177.,510.,213.));
#6343 = DIRECTION('',(1.,0.,0.));
#6344 = DIRECTION('',(0.,0.,-1.));
#6345 = DEFINITIONAL_REPRESENTATION('',(#6346),#6350);
#6346 = CIRCLE('',#6347,8.);
#6347 = AXIS2_PLACEMENT_2D('',#6348,#6349);
#6348 = CARTESIAN_POINT('',(0.,0.));
#6349 = DIRECTION('',(1.,0.));
#6350 = ( GEOMETRIC_REPRESENTATION_CONTEXT(2) 
PARAMETRIC_REPRESENTATION_CONTEXT() REPRESENTATION_CONTEXT('2D SPACE',''
  ) );
#6351 = ORIENTED_EDGE('',*,*,#6302,.F.);
#6352 = ORIENTED_EDGE('',*,*,#5693,.T.);
#6353 = ORIENTED_EDGE('',*,*,#6280,.F.);
#6354 = ORIENTED_EDGE('',*,*,#5326,.T.);
#6355 = ORIENTED_EDGE('',*,*,#6258,.F.);
#6356 = ORIENTED_EDGE('',*,*,#4959,.T.);
#6357 = ORIENTED_EDGE('',*,*,#6236,.F.);
#6358 = ORIENTED_EDGE('',*,*,#4592,.T.);
#6359 = ORIENTED_EDGE('',*,*,#6214,.F.);
#6360 = ORIENTED_EDGE('',*,*,#4225,.T.);
#6361 = ORIENTED_EDGE('',*,*,#6192,.F.);
#6362 = ORIENTED_EDGE('',*,*,#3858,.T.);
#6363 = ORIENTED_EDGE('',*,*,#6170,.F.);
#6364 = ORIENTED_EDGE('',*,*,#3486,.T.);
#6365 = ORIENTED_EDGE('',*,*,#6148,.F.);
#6366 = FACE_BOUND('',#6367,.F.);
#6367 = EDGE_LOOP('',(#6368));
#6368 = ORIENTED_EDGE('',*,*,#6369,.F.);
#6369 = EDGE_CURVE('',#6370,#6370,#6372,.T.);
#6370 = VERTEX_POINT('',#6371);
#6371 = CARTESIAN_POINT('',(6.,510.,221.));
#6372 = SURFACE_CURVE('',#6373,(#6481,#6592),.PCURVE_S1.);
#6373 = B_SPLINE_CURVE_WITH_KNOTS('',6,(#6374,#6375,#6376,#6377,#6378,
    #6379,#6380,#6381,#6382,#6383,#6384,#6385,#6386,#6387,#6388,#6389,
    #6390,#6391,#6392,#6393,#6394,#6395,#6396,#6397,#6398,#6399,#6400,
    #6401,#6402,#6403,#6404,#6405,#6406,#6407,#6408,#6409,#6410,#6411,
    #6412,#6413,#6414,#6415,#6416,#6417,#6418,#6419,#6420,#6421,#6422,
    #6423,#6424,#6425,#6426,#6427,#6428,#6429,#6430,#6431,#6432,#6433,
    #6434,#6435,#6436,#6437,#6438,#6439,#6440,#6441,#6442,#6443,#6444,
    #6445,#6446,#6447,#6448,#6449,#6450,#6451,#6452,#6453,#6454,#6455,
    #6456,#6457,#6458,#6459,#6460,#6461,#6462,#6463,#6464,#6465,#6466,
    #6467,#6468,#6469,#6470,#6471,#6472,#6473,#6474,#6475,#6476,#6477,
    #6478,#6479,#6480),.UNSPECIFIED.,.T.,.F.,(7,5,5,5,5,5,5,5,5,5,5,5,5,
    5,5,5,5,5,5,5,5,7),(0.,5.007460019616E-02,7.547866922865E-02,
    0.142294431188,0.200714642459,0.217855482895,0.249195956374,
    0.297749746629,0.357020754044,0.423426935681,0.469140723187,
    0.520743840704,0.574876353611,0.641904851538,0.700511068024,
    0.717706483506,0.749146743595,0.797855125586,0.857314847576,
    0.923932461665,0.967735155567,1.),.UNSPECIFIED.);
#6374 = CARTESIAN_POINT('',(6.,510.,221.));
#6375 = CARTESIAN_POINT('',(6.,510.40791679496,221.));
#6376 = CARTESIAN_POINT('',(5.966721071013,510.81165384386,
    220.97504041468));
#6377 = CARTESIAN_POINT('',(5.90143968367,511.20525026607,
    220.92608125477));
#6378 = CARTESIAN_POINT('',(5.807279898426,511.58286840418,
    220.85591080013));
#6379 = CARTESIAN_POINT('',(5.68917927801,511.93921793001,220.7690471133
    ));
#6380 = CARTESIAN_POINT('',(5.485731614495,512.43711301429,
    220.62174654801));
#6381 = CARTESIAN_POINT('',(5.412490916931,512.59902694184,
    220.56906759749));
#6382 = CARTESIAN_POINT('',(5.334958382398,512.75535027408,
    220.51373167096));
#6383 = CARTESIAN_POINT('',(5.253556782757,512.90617678717,
    220.4561475091));
#6384 = CARTESIAN_POINT('',(5.168658058298,513.05162006729,
    220.39668776498));
#6385 = CARTESIAN_POINT('',(4.84893723624,513.5605372197,220.17525411103
    ));
#6386 = CARTESIAN_POINT('',(4.59492845086,513.89356770776,
    220.00389911482));
#6387 = CARTESIAN_POINT('',(4.323912636395,514.19363284764,
    219.82743496548));
#6388 = CARTESIAN_POINT('',(4.038824124776,514.46373538871,
    219.65005218538));
#6389 = CARTESIAN_POINT('',(3.740788947211,514.70642434675,
    219.47497171663));
#6390 = CARTESIAN_POINT('',(3.157301337728,515.11287414604,
    219.15762786231));
#6391 = CARTESIAN_POINT('',(2.87507806857,515.28264808707,
    219.01406164712));
#6392 = CARTESIAN_POINT('',(2.583430760987,515.43310233251,
    218.87772388141));
#6393 = CARTESIAN_POINT('',(2.282763526228,515.56427274174,
    218.75164323157));
#6394 = CARTESIAN_POINT('',(1.973231804647,515.6759272294,
    218.63925858432));
#6395 = CARTESIAN_POINT('',(1.561280795194,515.79412237486,
    218.51630698262));
#6396 = CARTESIAN_POINT('',(1.467105761263,515.81917601982,
    218.48992113713));
#6397 = CARTESIAN_POINT('',(1.372252400183,515.8424415983,
    218.46514371341));
#6398 = CARTESIAN_POINT('',(1.276762306671,515.86389350945,
    218.44207167416));
#6399 = CARTESIAN_POINT('',(1.180672064742,515.88350844766,
    218.42079513596));
#6400 = CARTESIAN_POINT('',(0.907281412907,515.93372804471,
    218.36592801216));
#6401 = CARTESIAN_POINT('',(0.728526225562,515.95999822192,
    218.33671306233));
#6402 = CARTESIAN_POINT('',(0.548310147019,515.97985181456,
    218.31434714526));
#6403 = CARTESIAN_POINT('',(0.367114247135,515.9931714358,
    218.29924547117));
#6404 = CARTESIAN_POINT('',(0.185372396222,515.99989270366,
    218.29162428469));
#6405 = CARTESIAN_POINT('',(-0.278247854323,516.00016361601,
    218.29131709908));
#6406 = CARTESIAN_POINT('',(-0.559125744865,515.98445092372,
    218.30913344134));
#6407 = CARTESIAN_POINT('',(-0.838026283433,515.95304571696,
    218.34474935022));
#6408 = CARTESIAN_POINT('',(-1.113731438446,515.90623731651,
    218.39702184414));
#6409 = CARTESIAN_POINT('',(-1.384696383156,515.84449299569,
    218.46386109721));
#6410 = CARTESIAN_POINT('',(-1.97133028919,515.67682474875,
    218.63838264299));
#6411 = CARTESIAN_POINT('',(-2.284611221723,515.5638869716,
    218.75210512034));
#6412 = CARTESIAN_POINT('',(-2.588815925436,515.43096642584,
    218.87985365074));
#6413 = CARTESIAN_POINT('',(-2.883785055872,515.27829896928,
    219.01806468061));
#6414 = CARTESIAN_POINT('',(-3.169098194425,515.10584162986,
    219.16360739686));
#6415 = CARTESIAN_POINT('',(-3.752238191645,514.69705270522,
    219.48171298089));
#6416 = CARTESIAN_POINT('',(-4.047314699447,514.45561623734,
    219.65535349016));
#6417 = CARTESIAN_POINT('',(-4.329634959133,514.18718427276,
    219.83118065096));
#6418 = CARTESIAN_POINT('',(-4.598081280224,513.88926257095,
    220.00604552572));
#6419 = CARTESIAN_POINT('',(-4.849781199233,513.55892321494,
    220.17585598141));
#6420 = CARTESIAN_POINT('',(-5.237673499205,512.94194964951,
    220.44447490338));
#6421 = CARTESIAN_POINT('',(-5.385998965623,512.67284929132,
    220.54932134292));
#6422 = CARTESIAN_POINT('',(-5.522152709673,512.38590415657,
    220.64722838034));
#6423 = CARTESIAN_POINT('',(-5.643532165432,512.08100943094,
    220.73569934795));
#6424 = CARTESIAN_POINT('',(-5.747222754618,511.75834496086,
    220.81200874411));
#6425 = CARTESIAN_POINT('',(-5.923261630026,511.03482972884,
    220.94236063415));
#6426 = CARTESIAN_POINT('',(-5.990125748288,510.62813558798,
    220.99247166677));
#6427 = CARTESIAN_POINT('',(-6.023246959275,510.20800212884,
    221.01753422338));
#6428 = CARTESIAN_POINT('',(-6.019678660358,509.78457121423,
    221.01476707263));
#6429 = CARTESIAN_POINT('',(-5.980409042347,509.36809255683,
    220.9851817555));
#6430 = CARTESIAN_POINT('',(-5.837483831322,508.54916802285,
    220.87869503337));
#6431 = CARTESIAN_POINT('',(-5.731346246773,508.15172777446,
    220.79997668385));
#6432 = CARTESIAN_POINT('',(-5.597705741404,507.77804926036,
    220.70175123979));
#6433 = CARTESIAN_POINT('',(-5.441568434874,507.42928353303,
    220.58868066462));
#6434 = CARTESIAN_POINT('',(-5.267662268932,507.10597035996,
    220.46525653688));
#6435 = CARTESIAN_POINT('',(-4.84893723624,506.43946278029,
    220.17525411103));
#6436 = CARTESIAN_POINT('',(-4.59492845086,506.10643229223,
    220.00389911482));
#6437 = CARTESIAN_POINT('',(-4.323912636395,505.80636715235,
    219.82743496548));
#6438 = CARTESIAN_POINT('',(-4.038824124777,505.53626461129,
    219.65005218538));
#6439 = CARTESIAN_POINT('',(-3.740788947212,505.29357565324,
    219.47497171663));
#6440 = CARTESIAN_POINT('',(-3.157301337728,504.88712585395,
    219.15762786231));
#6441 = CARTESIAN_POINT('',(-2.87507806857,504.71735191292,
    219.01406164712));
#6442 = CARTESIAN_POINT('',(-2.583430760988,504.56689766748,
    218.87772388141));
#6443 = CARTESIAN_POINT('',(-2.282763526229,504.43572725825,
    218.75164323157));
#6444 = CARTESIAN_POINT('',(-1.973231804646,504.32407277059,
    218.63925858432));
#6445 = CARTESIAN_POINT('',(-1.561280795194,504.20587762513,
    218.51630698262));
#6446 = CARTESIAN_POINT('',(-1.467105761264,504.18082398017,
    218.48992113713));
#6447 = CARTESIAN_POINT('',(-1.372252400184,504.15755840169,
    218.46514371341));
#6448 = CARTESIAN_POINT('',(-1.276762306671,504.13610649054,
    218.44207167416));
#6449 = CARTESIAN_POINT('',(-1.180672064742,504.11649155233,
    218.42079513596));
#6450 = CARTESIAN_POINT('',(-0.90728140682,504.06627195416,
    218.36592801094));
#6451 = CARTESIAN_POINT('',(-0.728526234749,504.04000178022,
    218.33671306467));
#6452 = CARTESIAN_POINT('',(-0.548310147856,504.02014818394,
    218.31434714365));
#6453 = CARTESIAN_POINT('',(-0.367114237893,504.00682856452,
    218.29924547152));
#6454 = CARTESIAN_POINT('',(-0.185372400976,504.00010729634,
    218.29162428469));
#6455 = CARTESIAN_POINT('',(0.278247854323,503.99983638399,
    218.29131709908));
#6456 = CARTESIAN_POINT('',(0.559125744864,504.01554907627,
    218.30913344134));
#6457 = CARTESIAN_POINT('',(0.838026283435,504.04695428303,
    218.34474935023));
#6458 = CARTESIAN_POINT('',(1.113731438444,504.09376268348,
    218.39702184414));
#6459 = CARTESIAN_POINT('',(1.384696383157,504.1555070043,
    218.46386109721));
#6460 = CARTESIAN_POINT('',(1.971330289192,504.32317525125,
    218.63838264299));
#6461 = CARTESIAN_POINT('',(2.284611221722,504.43611302839,
    218.75210512034));
#6462 = CARTESIAN_POINT('',(2.588815925436,504.56903357415,
    218.87985365074));
#6463 = CARTESIAN_POINT('',(2.883785055873,504.72170103072,
    219.01806468061));
#6464 = CARTESIAN_POINT('',(3.169098194426,504.89415837014,
    219.16360739686));
#6465 = CARTESIAN_POINT('',(3.752238191645,505.30294729477,
    219.48171298089));
#6466 = CARTESIAN_POINT('',(4.047314699446,505.54438376265,
    219.65535349016));
#6467 = CARTESIAN_POINT('',(4.329634959134,505.81281572723,
    219.83118065096));
#6468 = CARTESIAN_POINT('',(4.598081280223,506.11073742904,
    220.00604552572));
#6469 = CARTESIAN_POINT('',(4.849781199232,506.44107678505,
    220.17585598141));
#6470 = CARTESIAN_POINT('',(5.230580881846,507.04676897826,
    220.43956320179));
#6471 = CARTESIAN_POINT('',(5.372611288629,507.30294746661,
    220.53986349018));
#6472 = CARTESIAN_POINT('',(5.503635326146,507.57534934988,
    220.63392400531));
#6473 = CARTESIAN_POINT('',(5.621431228887,507.86413690592,
    220.71960655061));
#6474 = CARTESIAN_POINT('',(5.723490861427,508.16924057432,
    220.79456139715));
#6475 = CARTESIAN_POINT('',(5.868433746668,508.72674302015,
    220.90169601833));
#6476 = CARTESIAN_POINT('',(5.919842569306,508.97193022901,
    220.93995679912));
#6477 = CARTESIAN_POINT('',(5.959558916722,509.22389480536,
    220.96966922786));
#6478 = CARTESIAN_POINT('',(5.986481246892,509.48061389787,
    220.98986092445));
#6479 = CARTESIAN_POINT('',(6.,509.74001247987,221.));
#6480 = CARTESIAN_POINT('',(6.,510.,221.));
#6481 = PCURVE('',#3602,#6482);
#6482 = DEFINITIONAL_REPRESENTATION('',(#6483),#6591);
#6483 = B_SPLINE_CURVE_WITH_KNOTS('',6,(#6484,#6485,#6486,#6487,#6488,
    #6489,#6490,#6491,#6492,#6493,#6494,#6495,#6496,#6497,#6498,#6499,
    #6500,#6501,#6502,#6503,#6504,#6505,#6506,#6507,#6508,#6509,#6510,
    #6511,#6512,#6513,#6514,#6515,#6516,#6517,#6518,#6519,#6520,#6521,
    #6522,#6523,#6524,#6525,#6526,#6527,#6528,#6529,#6530,#6531,#6532,
    #6533,#6534,#6535,#6536,#6537,#6538,#6539,#6540,#6541,#6542,#6543,
    #6544,#6545,#6546,#6547,#6548,#6549,#6550,#6551,#6552,#6553,#6554,
    #6555,#6556,#6557,#6558,#6559,#6560,#6561,#6562,#6563,#6564,#6565,
    #6566,#6567,#6568,#6569,#6570,#6571,#6572,#6573,#6574,#6575,#6576,
    #6577,#6578,#6579,#6580,#6581,#6582,#6583,#6584,#6585,#6586,#6587,
    #6588,#6589,#6590),.UNSPECIFIED.,.T.,.F.,(7,5,5,5,5,5,5,5,5,5,5,5,5,
    5,5,5,5,5,5,5,5,7),(0.,5.007460019616E-02,7.547866922865E-02,
    0.142294431188,0.200714642459,0.217855482895,0.249195956374,
    0.297749746629,0.357020754044,0.423426935681,0.469140723187,
    0.520743840704,0.574876353611,0.641904851538,0.700511068024,
    0.717706483506,0.749146743595,0.797855125586,0.857314847576,
    0.923932461665,0.967735155567,1.),.UNSPECIFIED.);
#6484 = CARTESIAN_POINT('',(3.14159265359,183.));
#6485 = CARTESIAN_POINT('',(3.09060305422,183.));
#6486 = CARTESIAN_POINT('',(3.040135846558,182.96672107101));
#6487 = CARTESIAN_POINT('',(2.990698036856,182.90143968367));
#6488 = CARTESIAN_POINT('',(2.942803376168,182.80727989842));
#6489 = CARTESIAN_POINT('',(2.897009351017,182.68917927801));
#6490 = CARTESIAN_POINT('',(2.832105940633,182.48573161449));
#6491 = CARTESIAN_POINT('',(2.810830141266,182.41249091693));
#6492 = CARTESIAN_POINT('',(2.790111487086,182.33495838239));
#6493 = CARTESIAN_POINT('',(2.769939314928,182.25355678275));
#6494 = CARTESIAN_POINT('',(2.750303209145,182.16865805829));
#6495 = CARTESIAN_POINT('',(2.680927698886,181.84893723624));
#6496 = CARTESIAN_POINT('',(2.634209837696,181.59492845086));
#6497 = CARTESIAN_POINT('',(2.590787262558,181.32391263639));
#6498 = CARTESIAN_POINT('',(2.550456706034,181.03882412477));
#6499 = CARTESIAN_POINT('',(2.513077245035,180.74078894721));
#6500 = CARTESIAN_POINT('',(2.448619341958,180.15730133772));
#6501 = CARTESIAN_POINT('',(2.420848160678,179.87507806857));
#6502 = CARTESIAN_POINT('',(2.395487849225,179.58343076098));
#6503 = CARTESIAN_POINT('',(2.372755239473,179.28276352622));
#6504 = CARTESIAN_POINT('',(2.352955336147,178.97323180464));
#6505 = CARTESIAN_POINT('',(2.331636627824,178.56128079519));
#6506 = CARTESIAN_POINT('',(2.327088538501,178.46710576126));
#6507 = CARTESIAN_POINT('',(2.322840083364,178.37225240018));
#6508 = CARTESIAN_POINT('',(2.318902137443,178.27676230667));
#6509 = CARTESIAN_POINT('',(2.315284847831,178.18067206474));
#6510 = CARTESIAN_POINT('',(2.305987326991,177.9072814129));
#6511 = CARTESIAN_POINT('',(2.301076379075,177.72852622556));
#6512 = CARTESIAN_POINT('',(2.297338100134,177.54831014701));
#6513 = CARTESIAN_POINT('',(2.294821049195,177.36711424713));
#6514 = CARTESIAN_POINT('',(2.293550851706,177.18537239622));
#6515 = CARTESIAN_POINT('',(2.293499654096,176.72175214567));
#6516 = CARTESIAN_POINT('',(2.296469023662,176.44087425513));
#6517 = CARTESIAN_POINT('',(2.302404747739,176.16197371656));
#6518 = CARTESIAN_POINT('',(2.311175007318,175.88626856155));
#6519 = CARTESIAN_POINT('',(2.322546996062,175.61530361684));
#6520 = CARTESIAN_POINT('',(2.352798651744,175.02866971081));
#6521 = CARTESIAN_POINT('',(2.37283018485,174.71538877827));
#6522 = CARTESIAN_POINT('',(2.3958646306,174.41118407456));
#6523 = CARTESIAN_POINT('',(2.421586332043,174.11621494412));
#6524 = CARTESIAN_POINT('',(2.449772170669,173.83090180557));
#6525 = CARTESIAN_POINT('',(2.51451922025,173.24776180835));
#6526 = CARTESIAN_POINT('',(2.551666830119,172.95268530055));
#6527 = CARTESIAN_POINT('',(2.591717337126,172.67036504086));
#6528 = CARTESIAN_POINT('',(2.634809652272,172.40191871977));
#6529 = CARTESIAN_POINT('',(2.681142711535,172.15021880076));
#6530 = CARTESIAN_POINT('',(2.765256892274,171.76232650079));
#6531 = CARTESIAN_POINT('',(2.801329798021,171.61400103437));
#6532 = CARTESIAN_POINT('',(2.839174208411,171.47784729032));
#6533 = CARTESIAN_POINT('',(2.878787801186,171.35646783456));
#6534 = CARTESIAN_POINT('',(2.92017308776,171.25277724538));
#6535 = CARTESIAN_POINT('',(3.012068570698,171.07673836997));
#6536 = CARTESIAN_POINT('',(3.063210744078,171.00987425171));
#6537 = CARTESIAN_POINT('',(3.115657752438,170.97675304072));
#6538 = CARTESIAN_POINT('',(3.168418188807,170.98032133964));
#6539 = CARTESIAN_POINT('',(3.22052053524,171.01959095765));
#6540 = CARTESIAN_POINT('',(3.323747894617,171.16251616867));
#6541 = CARTESIAN_POINT('',(3.374281988786,171.26865375322));
#6542 = CARTESIAN_POINT('',(3.422450736777,171.40229425859));
#6543 = CARTESIAN_POINT('',(3.468185775089,171.55843156512));
#6544 = CARTESIAN_POINT('',(3.511399394511,171.73233773106));
#6545 = CARTESIAN_POINT('',(3.602257608293,172.15106276376));
#6546 = CARTESIAN_POINT('',(3.648975469484,172.40507154914));
#6547 = CARTESIAN_POINT('',(3.692398044621,172.6760873636));
#6548 = CARTESIAN_POINT('',(3.732728601146,172.96117587522));
#6549 = CARTESIAN_POINT('',(3.770108062145,173.25921105278));
#6550 = CARTESIAN_POINT('',(3.834565965221,173.84269866227));
#6551 = CARTESIAN_POINT('',(3.862337146501,174.12492193143));
#6552 = CARTESIAN_POINT('',(3.887697457955,174.41656923901));
#6553 = CARTESIAN_POINT('',(3.910430067706,174.71723647377));
#6554 = CARTESIAN_POINT('',(3.930229971033,175.02676819535));
#6555 = CARTESIAN_POINT('',(3.951548679355,175.4387192048));
#6556 = CARTESIAN_POINT('',(3.956096768678,175.53289423873));
#6557 = CARTESIAN_POINT('',(3.960345223816,175.62774759981));
#6558 = CARTESIAN_POINT('',(3.964283169737,175.72323769332));
#6559 = CARTESIAN_POINT('',(3.967900459349,175.81932793525));
#6560 = CARTESIAN_POINT('',(3.977197980396,176.09271859318));
#6561 = CARTESIAN_POINT('',(3.982108927708,176.27147376525));
#6562 = CARTESIAN_POINT('',(3.98584720732,176.45168985214));
#6563 = CARTESIAN_POINT('',(3.988364257924,176.6328857621));
#6564 = CARTESIAN_POINT('',(3.989634455473,176.81462759902));
#6565 = CARTESIAN_POINT('',(3.989685653084,177.27824785432));
#6566 = CARTESIAN_POINT('',(3.986716283518,177.55912574486));
#6567 = CARTESIAN_POINT('',(3.98078055944,177.83802628343));
#6568 = CARTESIAN_POINT('',(3.972010299862,178.11373143844));
#6569 = CARTESIAN_POINT('',(3.960638311117,178.38469638315));
#6570 = CARTESIAN_POINT('',(3.930386655436,178.97133028919));
#6571 = CARTESIAN_POINT('',(3.91035512233,179.28461122172));
#6572 = CARTESIAN_POINT('',(3.88732067658,179.58881592543));
#6573 = CARTESIAN_POINT('',(3.861598975137,179.88378505587));
#6574 = CARTESIAN_POINT('',(3.833413136511,180.16909819442));
#6575 = CARTESIAN_POINT('',(3.768666086929,180.75223819164));
#6576 = CARTESIAN_POINT('',(3.73151847706,181.04731469944));
#6577 = CARTESIAN_POINT('',(3.691467970054,181.32963495913));
#6578 = CARTESIAN_POINT('',(3.648375654908,181.59808128022));
#6579 = CARTESIAN_POINT('',(3.602042595644,181.84978119923));
#6580 = CARTESIAN_POINT('',(3.519466444144,182.23058088184));
#6581 = CARTESIAN_POINT('',(3.485101342492,182.37261128862));
#6582 = CARTESIAN_POINT('',(3.449124986627,182.50363532614));
#6583 = CARTESIAN_POINT('',(3.411531143321,182.62143122888));
#6584 = CARTESIAN_POINT('',(3.372310311172,182.72349086142));
#6585 = CARTESIAN_POINT('',(3.301347424288,182.86843374666));
#6586 = CARTESIAN_POINT('',(3.270347163385,182.9198425693));
#6587 = CARTESIAN_POINT('',(3.238667558032,182.95955891672));
#6588 = CARTESIAN_POINT('',(3.206515923333,182.98648124689));
#6589 = CARTESIAN_POINT('',(3.174091093606,183.));
#6590 = CARTESIAN_POINT('',(3.14159265359,183.));
#6591 = ( GEOMETRIC_REPRESENTATION_CONTEXT(2) 
PARAMETRIC_REPRESENTATION_CONTEXT() REPRESENTATION_CONTEXT('2D SPACE',''
  ) );
#6592 = PCURVE('',#6593,#6598);
#6593 = CYLINDRICAL_SURFACE('',#6594,6.);
#6594 = AXIS2_PLACEMENT_3D('',#6595,#6596,#6597);
#6595 = CARTESIAN_POINT('',(0.,510.,214.));
#6596 = DIRECTION('',(0.,0.,1.));
#6597 = DIRECTION('',(1.,0.,-0.));
#6598 = DEFINITIONAL_REPRESENTATION('',(#6599),#6707);
#6599 = B_SPLINE_CURVE_WITH_KNOTS('',6,(#6600,#6601,#6602,#6603,#6604,
    #6605,#6606,#6607,#6608,#6609,#6610,#6611,#6612,#6613,#6614,#6615,
    #6616,#6617,#6618,#6619,#6620,#6621,#6622,#6623,#6624,#6625,#6626,
    #6627,#6628,#6629,#6630,#6631,#6632,#6633,#6634,#6635,#6636,#6637,
    #6638,#6639,#6640,#6641,#6642,#6643,#6644,#6645,#6646,#6647,#6648,
    #6649,#6650,#6651,#6652,#6653,#6654,#6655,#6656,#6657,#6658,#6659,
    #6660,#6661,#6662,#6663,#6664,#6665,#6666,#6667,#6668,#6669,#6670,
    #6671,#6672,#6673,#6674,#6675,#6676,#6677,#6678,#6679,#6680,#6681,
    #6682,#6683,#6684,#6685,#6686,#6687,#6688,#6689,#6690,#6691,#6692,
    #6693,#6694,#6695,#6696,#6697,#6698,#6699,#6700,#6701,#6702,#6703,
    #6704,#6705,#6706),.UNSPECIFIED.,.F.,.F.,(7,5,5,5,5,5,5,5,5,5,5,5,5,
    5,5,5,5,5,5,5,5,7),(0.,5.007460019616E-02,7.547866922865E-02,
    0.142294431188,0.200714642459,0.217855482895,0.249195956374,
    0.297749746629,0.357020754044,0.423426935681,0.469140723187,
    0.520743840704,0.574876353611,0.641904851538,0.700511068024,
    0.717706483506,0.749146743595,0.797855125586,0.857314847576,
    0.923932461665,0.967735155567,1.),.UNSPECIFIED.);
#6600 = CARTESIAN_POINT('',(0.,7.));
#6601 = CARTESIAN_POINT('',(6.798613249338E-02,7.));
#6602 = CARTESIAN_POINT('',(0.135275619714,6.975040414688));
#6603 = CARTESIAN_POINT('',(0.201440776521,6.926081254776));
#6604 = CARTESIAN_POINT('',(0.266015656745,6.855910800133));
#6605 = CARTESIAN_POINT('',(0.328439898677,6.769047113302));
#6606 = CARTESIAN_POINT('',(0.418082780707,6.621746548014));
#6607 = CARTESIAN_POINT('',(0.447680728478,6.569067597494));
#6608 = CARTESIAN_POINT('',(0.476736102182,6.513731670968));
#6609 = CARTESIAN_POINT('',(0.5052768794,6.456147509107));
#6610 = CARTESIAN_POINT('',(0.533330134444,6.396687764988));
#6611 = CARTESIAN_POINT('',(0.633499168258,6.175254111032));
#6612 = CARTESIAN_POINT('',(0.703019889198,6.003899114826));
#6613 = CARTESIAN_POINT('',(0.770082888304,5.827434965483));
#6614 = CARTESIAN_POINT('',(0.835255929487,5.650052185382));
#6615 = CARTESIAN_POINT('',(0.89913410232,5.474971716632));
#6616 = CARTESIAN_POINT('',(1.017650302545,5.157627862315));
#6617 = CARTESIAN_POINT('',(1.072419833005,5.014061647129));
#6618 = CARTESIAN_POINT('',(1.126941320648,4.877723881409));
#6619 = CARTESIAN_POINT('',(1.181441014425,4.751643231571));
#6620 = CARTESIAN_POINT('',(1.236161216178,4.639258584324));
#6621 = CARTESIAN_POINT('',(1.307589837619,4.516306982622));
#6622 = CARTESIAN_POINT('',(1.323828549376,4.48992113713));
#6623 = CARTESIAN_POINT('',(1.340101405058,4.465143713417));
#6624 = CARTESIAN_POINT('',(1.3564083781,4.442071674162));
#6625 = CARTESIAN_POINT('',(1.372750510527,4.420795135962));
#6626 = CARTESIAN_POINT('',(1.419077985108,4.365928012169));
#6627 = CARTESIAN_POINT('',(1.449171279211,4.33671306233));
#6628 = CARTESIAN_POINT('',(1.479359210347,4.314347145269));
#6629 = CARTESIAN_POINT('',(1.509609968853,4.299245471171));
#6630 = CARTESIAN_POINT('',(1.539900922216,4.291624284695));
#6631 = CARTESIAN_POINT('',(1.617170977166,4.291317099084));
#6632 = CARTESIAN_POINT('',(1.663982350354,4.309133441343));
#6633 = CARTESIAN_POINT('',(1.71064943936,4.344749350229));
#6634 = CARTESIAN_POINT('',(1.757148159801,4.397021844144));
#6635 = CARTESIAN_POINT('',(1.803398156414,4.463861097215));
#6636 = CARTESIAN_POINT('',(1.905085583357,4.638382642993));
#6637 = CARTESIAN_POINT('',(1.960461627662,4.752105120341));
#6638 = CARTESIAN_POINT('',(2.015612166328,4.879853650745));
#6639 = CARTESIAN_POINT('',(2.070788565572,5.018064680613));
#6640 = CARTESIAN_POINT('',(2.126225359824,5.163607396865));
#6641 = CARTESIAN_POINT('',(2.244917379735,5.481712980892));
#6642 = CARTESIAN_POINT('',(2.308285922922,5.655353490166));
#6643 = CARTESIAN_POINT('',(2.372939161784,5.831180650969));
#6644 = CARTESIAN_POINT('',(2.439457809432,6.00604552572));
#6645 = CARTESIAN_POINT('',(2.508396088515,6.175855981419));
#6646 = CARTESIAN_POINT('',(2.629859024885,6.444474903388));
#6647 = CARTESIAN_POINT('',(2.680986242887,6.549321342922));
#6648 = CARTESIAN_POINT('',(2.733770050587,6.647228380347));
#6649 = CARTESIAN_POINT('',(2.788284421276,6.735699347955));
#6650 = CARTESIAN_POINT('',(2.844623054316,6.812008744113));
#6651 = CARTESIAN_POINT('',(2.968726950824,6.942360634156));
#6652 = CARTESIAN_POINT('',(3.037222446795,6.992471666778));
#6653 = CARTESIAN_POINT('',(3.107077710391,7.017534223382));
#6654 = CARTESIAN_POINT('',(3.177257407058,7.014767072635));
#6655 = CARTESIAN_POINT('',(3.2467621778,6.985181755506));
#6656 = CARTESIAN_POINT('',(3.385312710929,6.878695033374));
#6657 = CARTESIAN_POINT('',(3.453607830564,6.799976683857));
#6658 = CARTESIAN_POINT('',(3.5194316302,6.701751239797));
#6659 = CARTESIAN_POINT('',(3.582857436989,6.588680664624));
#6660 = CARTESIAN_POINT('',(3.643904613931,6.465256536883));
#6661 = CARTESIAN_POINT('',(3.775091821848,6.175254111032));
#6662 = CARTESIAN_POINT('',(3.844612542787,6.003899114826));
#6663 = CARTESIAN_POINT('',(3.911675541893,5.827434965483));
#6664 = CARTESIAN_POINT('',(3.976848583077,5.650052185382));
#6665 = CARTESIAN_POINT('',(4.04072675591,5.474971716632));
#6666 = CARTESIAN_POINT('',(4.159242956135,5.157627862315));
#6667 = CARTESIAN_POINT('',(4.214012486595,5.014061647129));
#6668 = CARTESIAN_POINT('',(4.268533974238,4.87772388141));
#6669 = CARTESIAN_POINT('',(4.323033668015,4.751643231571));
#6670 = CARTESIAN_POINT('',(4.377753869767,4.639258584324));
#6671 = CARTESIAN_POINT('',(4.449182491209,4.516306982622));
#6672 = CARTESIAN_POINT('',(4.465421202966,4.489921137131));
#6673 = CARTESIAN_POINT('',(4.481694058648,4.465143713417));
#6674 = CARTESIAN_POINT('',(4.49800103169,4.442071674161));
#6675 = CARTESIAN_POINT('',(4.514343164117,4.420795135962));
#6676 = CARTESIAN_POINT('',(4.56067063973,4.365928010947));
#6677 = CARTESIAN_POINT('',(4.590763931238,4.336713064675));
#6678 = CARTESIAN_POINT('',(4.620951863821,4.31434714365));
#6679 = CARTESIAN_POINT('',(4.651202623976,4.299245471526));
#6680 = CARTESIAN_POINT('',(4.681493575014,4.291624284699));
#6681 = CARTESIAN_POINT('',(4.758763630756,4.291317099084));
#6682 = CARTESIAN_POINT('',(4.805575003943,4.309133441343));
#6683 = CARTESIAN_POINT('',(4.85224209295,4.34474935023));
#6684 = CARTESIAN_POINT('',(4.898740813391,4.397021844144));
#6685 = CARTESIAN_POINT('',(4.944990810004,4.463861097216));
#6686 = CARTESIAN_POINT('',(5.046678236947,4.638382642994));
#6687 = CARTESIAN_POINT('',(5.102054281252,4.75210512034));
#6688 = CARTESIAN_POINT('',(5.157204819918,4.879853650744));
#6689 = CARTESIAN_POINT('',(5.212381219162,5.018064680613));
#6690 = CARTESIAN_POINT('',(5.267818013414,5.163607396865));
#6691 = CARTESIAN_POINT('',(5.386510033325,5.481712980892));
#6692 = CARTESIAN_POINT('',(5.449878576512,5.655353490166));
#6693 = CARTESIAN_POINT('',(5.514531815374,5.831180650969));
#6694 = CARTESIAN_POINT('',(5.581050463022,6.00604552572));
#6695 = CARTESIAN_POINT('',(5.649988742104,6.175855981419));
#6696 = CARTESIAN_POINT('',(5.769230726599,6.439563201792));
#6697 = CARTESIAN_POINT('',(5.81797626484,6.539863490183));
#6698 = CARTESIAN_POINT('',(5.86822492363,6.633924005312));
#6699 = CARTESIAN_POINT('',(5.920051608051,6.719606550619));
#6700 = CARTESIAN_POINT('',(5.973546227675,6.794561397156));
#6701 = CARTESIAN_POINT('',(6.069552219543,6.901696018339));
#6702 = CARTESIAN_POINT('',(6.111257894847,6.939956799128));
#6703 = CARTESIAN_POINT('',(6.153687993912,6.969669227865));
#6704 = CARTESIAN_POINT('',(6.196620956764,6.989860924455));
#6705 = CARTESIAN_POINT('',(6.239854053825,7.));
#6706 = CARTESIAN_POINT('',(6.28318530718,7.));
#6707 = ( GEOMETRIC_REPRESENTATION_CONTEXT(2) 
PARAMETRIC_REPRESENTATION_CONTEXT() REPRESENTATION_CONTEXT('2D SPACE',''
  ) );
#6708 = ADVANCED_FACE('',(#6709,#6712),#6102,.T.);
#6709 = FACE_BOUND('',#6710,.T.);
#6710 = EDGE_LOOP('',(#6711));
#6711 = ORIENTED_EDGE('',*,*,#6087,.T.);
#6712 = FACE_BOUND('',#6713,.T.);
#6713 = EDGE_LOOP('',(#6714));
#6714 = ORIENTED_EDGE('',*,*,#6715,.F.);
#6715 = EDGE_CURVE('',#6716,#6716,#6718,.T.);
#6716 = VERTEX_POINT('',#6717);
#6717 = CARTESIAN_POINT('',(6.,510.,236.));
#6718 = SURFACE_CURVE('',#6719,(#6724,#6731),.PCURVE_S1.);
#6719 = CIRCLE('',#6720,6.);
#6720 = AXIS2_PLACEMENT_3D('',#6721,#6722,#6723);
#6721 = CARTESIAN_POINT('',(0.,510.,236.));
#6722 = DIRECTION('',(0.,0.,1.));
#6723 = DIRECTION('',(1.,0.,-0.));
#6724 = PCURVE('',#6102,#6725);
#6725 = DEFINITIONAL_REPRESENTATION('',(#6726),#6730);
#6726 = CIRCLE('',#6727,6.);
#6727 = AXIS2_PLACEMENT_2D('',#6728,#6729);
#6728 = CARTESIAN_POINT('',(0.,0.));
#6729 = DIRECTION('',(1.,0.));
#6730 = ( GEOMETRIC_REPRESENTATION_CONTEXT(2) 
PARAMETRIC_REPRESENTATION_CONTEXT() REPRESENTATION_CONTEXT('2D SPACE',''
  ) );
#6731 = PCURVE('',#6593,#6732);
#6732 = DEFINITIONAL_REPRESENTATION('',(#6733),#6737);
#6733 = LINE('',#6734,#6735);
#6734 = CARTESIAN_POINT('',(0.,22.));
#6735 = VECTOR('',#6736,1.);
#6736 = DIRECTION('',(1.,0.));
#6737 = ( GEOMETRIC_REPRESENTATION_CONTEXT(2) 
PARAMETRIC_REPRESENTATION_CONTEXT() REPRESENTATION_CONTEXT('2D SPACE',''
  ) );
#6738 = ADVANCED_FACE('',(#6739),#6136,.T.);
#6739 = FACE_BOUND('',#6740,.F.);
#6740 = EDGE_LOOP('',(#6741));
#6741 = ORIENTED_EDGE('',*,*,#6119,.F.);
#6742 = ADVANCED_FACE('',(#6743),#6340,.F.);
#6743 = FACE_BOUND('',#6744,.F.);
#6744 = EDGE_LOOP('',(#6745));
#6745 = ORIENTED_EDGE('',*,*,#6325,.T.);
#6746 = ADVANCED_FACE('',(#6747),#6593,.F.);
#6747 = FACE_BOUND('',#6748,.F.);
#6748 = EDGE_LOOP('',(#6749,#6770,#6771,#6772));
#6749 = ORIENTED_EDGE('',*,*,#6750,.T.);
#6750 = EDGE_CURVE('',#6370,#6716,#6751,.T.);
#6751 = SEAM_CURVE('',#6752,(#6756,#6763),.PCURVE_S1.);
#6752 = LINE('',#6753,#6754);
#6753 = CARTESIAN_POINT('',(6.,510.,214.));
#6754 = VECTOR('',#6755,1.);
#6755 = DIRECTION('',(0.,0.,1.));
#6756 = PCURVE('',#6593,#6757);
#6757 = DEFINITIONAL_REPRESENTATION('',(#6758),#6762);
#6758 = LINE('',#6759,#6760);
#6759 = CARTESIAN_POINT('',(6.28318530718,-0.));
#6760 = VECTOR('',#6761,1.);
#6761 = DIRECTION('',(0.,1.));
#6762 = ( GEOMETRIC_REPRESENTATION_CONTEXT(2) 
PARAMETRIC_REPRESENTATION_CONTEXT() REPRESENTATION_CONTEXT('2D SPACE',''
  ) );
#6763 = PCURVE('',#6593,#6764);
#6764 = DEFINITIONAL_REPRESENTATION('',(#6765),#6769);
#6765 = LINE('',#6766,#6767);
#6766 = CARTESIAN_POINT('',(0.,-0.));
#6767 = VECTOR('',#6768,1.);
#6768 = DIRECTION('',(0.,1.));
#6769 = ( GEOMETRIC_REPRESENTATION_CONTEXT(2) 
PARAMETRIC_REPRESENTATION_CONTEXT() REPRESENTATION_CONTEXT('2D SPACE',''
  ) );
#6770 = ORIENTED_EDGE('',*,*,#6715,.F.);
#6771 = ORIENTED_EDGE('',*,*,#6750,.F.);
#6772 = ORIENTED_EDGE('',*,*,#6369,.T.);
#6773 = ( GEOMETRIC_REPRESENTATION_CONTEXT(3) 
GLOBAL_UNCERTAINTY_ASSIGNED_CONTEXT((#6777)) 
GLOBAL_UNIT_ASSIGNED_CONTEXT((#6774,#6775,#6776)) REPRESENTATION_CONTEXT
('Context #1','3D Context with UNIT and UNCERTAINTY') );
#6774 = ( LENGTH_UNIT() NAMED_UNIT(*) SI_UNIT(.MILLI.,.METRE.) );
#6775 = ( NAMED_UNIT(*) PLANE_ANGLE_UNIT() SI_UNIT($,.RADIAN.) );
#6776 = ( NAMED_UNIT(*) SI_UNIT($,.STERADIAN.) SOLID_ANGLE_UNIT() );
#6777 = UNCERTAINTY_MEASURE_WITH_UNIT(LENGTH_MEASURE(2.E-07),#6774,
  'distance_accuracy_value','confusion accuracy');
#6778 = PRODUCT_RELATED_PRODUCT_CATEGORY('part',$,(#7));
ENDSEC;
END-ISO-10303-21;
